bill_id,bill_uri,bill_no,bill_year,title,short_title,origin_house_uri,origin_house_name,bill_type,status,introduced_date,last_event_date,source_endpoint,snapshot_date,source_hash,current_stage_name,current_stage_date,current_stage_house_name,current_stage_outcome,current_stage_order,sponsor_count,primary_sponsor_name,primary_sponsor_role_name,primary_sponsor_uri,sponsor_names_json,sponsor_roles_json,sponsor_attribution_status,certified_section_count,certified_speech_count,certified_division_count,latest_division_id,latest_division_date,latest_division_subject,latest_division_outcome,latest_division_ta,latest_division_nil,latest_division_abstain,vote_breakdown_status,series_bucket,series_bucket_label,series_bucket_order,series_group_label,house_badge,series_batch_no,series_batch_count,position_in_batch,series_batch_id,current_state_key,bill_summary_status,debate_summary_status,support_opposition_status,generated_at_utc,batch_size
https://data.oireachtas.ie/ie/oireachtas/bill/2026/72,https://data.oireachtas.ie/ie/oireachtas/bill/2026/72,72,2026,Development (Strategic Gas Reserve) Bill 2026,Development (Strategic Gas Reserve) Bill 2026,https://data.oireachtas.ie/ie/oireachtas/def/house/dail,Dáil Éireann,Public,Enacted,2026-06-19,2026-07-28,/legislation,2026-08-01,e61d7aeab5de9aa6,Enacted,2026-07-23,,Enacted,10,1,,"Minister for Climate, Energy and the Environment",,[],"[""Minister for Climate, Energy and the Environment""]",role_or_office_only,2,67,3,https://data.oireachtas.ie/ie/oireachtas/division/house/dail/34/2026-06-30/vote_162,2026-06-30,Question put:,Carried,90,57,0,recorded_division_available,enacted,Enacted,0,Enacted,Dáil Éireann,1,10,1,enacted-01,Enacted|Enacted||2026-07-23,editorial_summary_required,certified_debate_available,recorded_vote_evidence_available,2026-09-06T18:41:34.147654+00:00,6
https://data.oireachtas.ie/ie/oireachtas/bill/2026/57,https://data.oireachtas.ie/ie/oireachtas/bill/2026/57,57,2026,Israeli Settlements in the Occupied Palestinian Territory (Prohibition of Importation of Goods) Bill 2026,Israeli Settlements in the Occupied Palestinian Territory (Prohibition of Importation of Goods) Bill 2026,https://data.oireachtas.ie/ie/oireachtas/def/house/dail,Dáil Éireann,Public,Enacted,2026-05-29,2026-07-28,/legislation,2026-08-01,f334a92985f873da,Enacted,2026-07-23,,Enacted,10,1,,Minister for Foreign Affairs and Trade,,[],"[""Minister for Foreign Affairs and Trade""]",role_or_office_only,3,97,1,https://data.oireachtas.ie/ie/oireachtas/division/house/dail/34/2026-07-07/vote_169,2026-07-07,Amendment put:,Lost,67,79,0,recorded_division_available,enacted,Enacted,0,Enacted,Dáil Éireann,1,10,2,enacted-01,Enacted|Enacted||2026-07-23,editorial_summary_required,certified_debate_available,recorded_vote_evidence_available,2026-09-06T18:41:34.147654+00:00,6
https://data.oireachtas.ie/ie/oireachtas/bill/2026/1,https://data.oireachtas.ie/ie/oireachtas/bill/2026/1,1,2026,"Criminal Law, Civil Law and Defence (Miscellaneous Provisions) Bill 2026","Criminal Law, Civil Law and Defence (Miscellaneous Provisions) Bill 2026",https://data.oireachtas.ie/ie/oireachtas/def/house/dail,Dáil Éireann,Public,Enacted,2026-01-09,2026-07-30,/legislation,2026-08-01,bcd8d652da7f65dd,Enacted,2026-07-23,,Enacted,11,1,,"Minister for Justice, Home Affairs and Migration",,[],"[""Minister for Justice, Home Affairs and Migration""]",role_or_office_only,5,192,3,https://data.oireachtas.ie/ie/oireachtas/division/house/dail/34/2026-06-10/vote_131,2026-06-10,Question put:,Carried,102,45,0,recorded_division_available,enacted,Enacted,0,Enacted,Dáil Éireann,1,10,3,enacted-01,Enacted|Enacted||2026-07-23,editorial_summary_required,certified_debate_available,recorded_vote_evidence_available,2026-09-06T18:41:34.147654+00:00,6
https://data.oireachtas.ie/ie/oireachtas/bill/2026/58,https://data.oireachtas.ie/ie/oireachtas/bill/2026/58,58,2026,Housing and Residential Tenancies (Miscellaneous Provisions) Bill 2026,Housing and Residential Tenancies (Miscellaneous Provisions) Bill 2026,https://data.oireachtas.ie/ie/oireachtas/def/house/dail,Dáil Éireann,Public,Enacted,2026-05-06,2026-07-28,/legislation,2026-08-01,30cda70008fcc108,Enacted,2026-07-22,,Enacted,10,1,,"Minister for Housing, Local Government and Heritage",,[],"[""Minister for Housing, Local Government and Heritage""]",role_or_office_only,4,108,3,https://data.oireachtas.ie/ie/oireachtas/division/house/dail/34/2026-07-08/vote_174,2026-07-08,Question put:,Carried,80,67,0,recorded_division_available,enacted,Enacted,0,Enacted,Dáil Éireann,1,10,4,enacted-01,Enacted|Enacted||2026-07-22,editorial_summary_required,certified_debate_available,recorded_vote_evidence_available,2026-09-06T18:41:34.147654+00:00,6
https://data.oireachtas.ie/ie/oireachtas/bill/2026/74,https://data.oireachtas.ie/ie/oireachtas/bill/2026/74,74,2026,Health (Provision of Contraception Prescribing Service in Retail Pharmacy Businesses) Bill 2026,Health (Provision of Contraception Prescribing Service in Retail Pharmacy Businesses) Bill 2026,https://data.oireachtas.ie/ie/oireachtas/def/house/dail,Dáil Éireann,Public,Enacted,2026-06-26,2026-07-29,/legislation,2026-08-01,30dfc9793b322722,Enacted,2026-07-21,,Enacted,10,1,,Minister for Health,,[],"[""Minister for Health""]",role_or_office_only,2,31,0,,,,,0,0,0,no_recorded_division,enacted,Enacted,0,Enacted,Dáil Éireann,1,10,5,enacted-01,Enacted|Enacted||2026-07-21,editorial_summary_required,certified_debate_available,do_not_infer_from_speeches,2026-09-06T18:41:34.147654+00:00,6
https://data.oireachtas.ie/ie/oireachtas/bill/2026/69,https://data.oireachtas.ie/ie/oireachtas/bill/2026/69,69,2026,Regulation of Artificial Intelligence Bill 2026,Regulation of Artificial Intelligence Bill 2026,https://data.oireachtas.ie/ie/oireachtas/def/house/dail,Dáil Éireann,Public,Enacted,2026-06-19,2026-07-29,/legislation,2026-08-01,8c5ba22e4e071a99,Enacted,2026-07-21,,Enacted,10,1,,"Minister for Enterprise, Tourism and Employment",,[],"[""Minister for Enterprise, Tourism and Employment""]",role_or_office_only,2,75,2,https://data.oireachtas.ie/ie/oireachtas/division/house/dail/34/2026-06-30/vote_167,2026-06-30,Question put:,Carried,81,58,0,recorded_division_available,enacted,Enacted,0,Enacted,Dáil Éireann,1,10,6,enacted-01,Enacted|Enacted||2026-07-21,editorial_summary_required,certified_debate_available,recorded_vote_evidence_available,2026-09-06T18:41:34.147654+00:00,6
https://data.oireachtas.ie/ie/oireachtas/bill/2026/62,https://data.oireachtas.ie/ie/oireachtas/bill/2026/62,62,2026,Domestic Violence Judgments Register Bill 2026,Domestic Violence Judgments Register Bill 2026,https://data.oireachtas.ie/ie/oireachtas/def/house/seanad,Seanad Éireann,Public,Enacted,2026-06-15,2026-07-28,/legislation,2026-08-01,4e27dea16a322a0e,Enacted,2026-07-21,,Enacted,10,1,,"Minister for Justice, Home Affairs and Migration",,[],"[""Minister for Justice, Home Affairs and Migration""]",role_or_office_only,3,74,1,https://data.oireachtas.ie/ie/oireachtas/division/house/dail/34/2026-07-15/vote_188,2026-07-15,Amendment put:,Lost,61,80,0,recorded_division_available,enacted,Enacted,0,Enacted,Seanad Éireann,2,10,1,enacted-02,Enacted|Enacted||2026-07-21,editorial_summary_required,certified_debate_available,recorded_vote_evidence_available,2026-09-06T18:41:34.147654+00:00,6
https://data.oireachtas.ie/ie/oireachtas/bill/2026/53,https://data.oireachtas.ie/ie/oireachtas/bill/2026/53,53,2026,Guardianship of Infants and Child Care (Amendment) Bill 2026,Guardianship of Infants and Child Care (Amendment) Bill 2026,https://data.oireachtas.ie/ie/oireachtas/def/house/dail,Dáil Éireann,Public,Enacted,2026-05-15,2026-07-30,/legislation,2026-08-01,9fd4744352be9b39,Enacted,2026-07-21,,Enacted,11,1,,"Minister for Justice, Home Affairs and Migration",,[],"[""Minister for Justice, Home Affairs and Migration""]",role_or_office_only,5,43,1,https://data.oireachtas.ie/ie/oireachtas/division/house/dail/34/2026-06-17/vote_142,2026-06-17,Amendment put:,Lost,71,82,0,recorded_division_available,enacted,Enacted,0,Enacted,Dáil Éireann,2,10,2,enacted-02,Enacted|Enacted||2026-07-21,editorial_summary_required,certified_debate_available,recorded_vote_evidence_available,2026-09-06T18:41:34.147654+00:00,6
https://data.oireachtas.ie/ie/oireachtas/bill/2026/75,https://data.oireachtas.ie/ie/oireachtas/bill/2026/75,75,2026,Planning and Development (Amendment) Bill 2026,Planning and Development (Amendment) Bill 2026,https://data.oireachtas.ie/ie/oireachtas/def/house/dail,Dáil Éireann,Public,Enacted,2025-07-01,2026-07-30,/legislation,2026-08-01,b5d4478224f19826,Enacted,2026-07-20,,Enacted,10,1,,"Minister for Housing, Local Government and Heritage",,[],"[""Minister for Housing, Local Government and Heritage""]",role_or_office_only,2,63,2,https://data.oireachtas.ie/ie/oireachtas/division/house/dail/34/2026-07-08/vote_176,2026-07-08,Question put: That section 62 stand part of the Bill.,Carried,82,65,0,recorded_division_available,enacted,Enacted,0,Enacted,Dáil Éireann,2,10,3,enacted-02,Enacted|Enacted||2026-07-20,editorial_summary_required,certified_debate_available,recorded_vote_evidence_available,2026-09-06T18:41:34.147654+00:00,6
https://data.oireachtas.ie/ie/oireachtas/bill/2026/71,https://data.oireachtas.ie/ie/oireachtas/bill/2026/71,71,2026,Postal and Telecommunications Services (Amendment) Bill 2026,Postal and Telecommunications Services (Amendment) Bill 2026,https://data.oireachtas.ie/ie/oireachtas/def/house/dail,Dáil Éireann,Public,Enacted,2026-06-19,2026-07-29,/legislation,2026-08-01,c69ea7a97ad2783e,Enacted,2026-07-20,,Enacted,10,1,,"Minister for Culture, Communications and Sport",,[],"[""Minister for Culture, Communications and Sport""]",role_or_office_only,2,27,0,,,,,0,0,0,no_recorded_division,enacted,Enacted,0,Enacted,Dáil Éireann,2,10,4,enacted-02,Enacted|Enacted||2026-07-20,editorial_summary_required,certified_debate_available,do_not_infer_from_speeches,2026-09-06T18:41:34.147654+00:00,6
https://data.oireachtas.ie/ie/oireachtas/bill/2026/70,https://data.oireachtas.ie/ie/oireachtas/bill/2026/70,70,2026,Dublin Airport (Passenger Capacity) Bill 2026,Dublin Airport (Passenger Capacity) Bill 2026,https://data.oireachtas.ie/ie/oireachtas/def/house/dail,Dáil Éireann,Public,Enacted,2025-06-22,2026-07-22,/legislation,2026-08-01,525b65f430425e18,Enacted,2026-07-16,,Enacted,10,1,,Minister for Transport,,[],"[""Minister for Transport""]",role_or_office_only,3,111,3,https://data.oireachtas.ie/ie/oireachtas/division/house/dail/34/2026-06-30/vote_165,2026-06-30,Question put:,Carried,118,28,0,recorded_division_available,enacted,Enacted,0,Enacted,Dáil Éireann,2,10,5,enacted-02,Enacted|Enacted||2026-07-16,editorial_summary_required,certified_debate_available,recorded_vote_evidence_available,2026-09-06T18:41:34.147654+00:00,6
https://data.oireachtas.ie/ie/oireachtas/bill/2025/82,https://data.oireachtas.ie/ie/oireachtas/bill/2025/82,82,2025,Garda Síochána (Recording Devices) (Amendment) Bill 2025,Garda Síochána (Recording Devices) (Amendment) Bill 2025,https://data.oireachtas.ie/ie/oireachtas/def/house/dail,Dáil Éireann,Public,Enacted,2025-12-11,2026-07-23,/legislation,2026-08-01,38f204ac96bd4704,Enacted,2026-07-16,,Enacted,11,1,,"Minister for Justice, Home Affairs and Migration",,[],"[""Minister for Justice, Home Affairs and Migration""]",role_or_office_only,4,59,2,https://data.oireachtas.ie/ie/oireachtas/division/house/dail/34/2026-05-13/vote_99,2026-05-13,Amendment put:,Lost,60,74,0,recorded_division_available,enacted,Enacted,0,Enacted,Dáil Éireann,2,10,6,enacted-02,Enacted|Enacted||2026-07-16,editorial_summary_required,certified_debate_available,recorded_vote_evidence_available,2026-09-06T18:41:34.147654+00:00,6
https://data.oireachtas.ie/ie/oireachtas/bill/2026/59,https://data.oireachtas.ie/ie/oireachtas/bill/2026/59,59,2026,Criminal Justice (International Cooperation on Electronic Evidence and Other Matters) Bill 2026,Criminal Justice (International Cooperation on Electronic Evidence and Other Matters) Bill 2026,https://data.oireachtas.ie/ie/oireachtas/def/house/dail,Dáil Éireann,Public,Enacted,2026-06-04,2026-07-22,/legislation,2026-08-01,a644c9bc0732a54b,Enacted,2026-07-15,,Enacted,10,1,,"Minister for Justice, Home Affairs and Migration",,[],"[""Minister for Justice, Home Affairs and Migration""]",role_or_office_only,3,68,3,https://data.oireachtas.ie/ie/oireachtas/division/house/dail/34/2026-06-17/vote_141,2026-06-17,Amendment put:,Lost,64,78,0,recorded_division_available,enacted,Enacted,0,Enacted,Dáil Éireann,3,10,1,enacted-03,Enacted|Enacted||2026-07-15,editorial_summary_required,certified_debate_available,recorded_vote_evidence_available,2026-09-06T18:41:34.147654+00:00,6
https://data.oireachtas.ie/ie/oireachtas/bill/2026/51,https://data.oireachtas.ie/ie/oireachtas/bill/2026/51,51,2026,Finance Bill 2026,Finance Bill 2026,https://data.oireachtas.ie/ie/oireachtas/def/house/dail,Dáil Éireann,Public,Enacted,2026-05-14,2026-07-22,/legislation,2026-08-01,54d62548edeb8d14,Enacted,2026-07-15,,Enacted,11,1,,Minister for Finance,,[],"[""Minister for Finance""]",role_or_office_only,4,83,7,https://data.oireachtas.ie/ie/oireachtas/division/house/dail/34/2026-07-08/vote_171,2026-07-08,Recommendation put:,Carried,97,46,0,recorded_division_available,enacted,Enacted,0,Enacted,Dáil Éireann,3,10,2,enacted-03,Enacted|Enacted||2026-07-15,editorial_summary_required,certified_debate_available,recorded_vote_evidence_available,2026-09-06T18:41:34.147654+00:00,6
https://data.oireachtas.ie/ie/oireachtas/bill/2026/48,https://data.oireachtas.ie/ie/oireachtas/bill/2026/48,48,2026,National Treasury Management Agency (Miscellaneous Provisions) Bill 2026,National Treasury Management Agency (Miscellaneous Provisions) Bill 2026,https://data.oireachtas.ie/ie/oireachtas/def/house/dail,Dáil Éireann,Public,Enacted,2026-05-12,2026-07-21,/legislation,2026-08-01,a90ba376e319ef6f,Enacted,2026-07-15,,Enacted,10,1,,Minister for Finance,,[],"[""Minister for Finance""]",role_or_office_only,3,84,0,,,,,0,0,0,no_recorded_division,enacted,Enacted,0,Enacted,Dáil Éireann,3,10,3,enacted-03,Enacted|Enacted||2026-07-15,editorial_summary_required,certified_debate_available,do_not_infer_from_speeches,2026-09-06T18:41:34.147654+00:00,6
https://data.oireachtas.ie/ie/oireachtas/bill/2025/70,https://data.oireachtas.ie/ie/oireachtas/bill/2025/70,70,2025,Public Health (Single-Use Vapes) Bill 2025,Public Health (Single-Use Vapes) Bill 2025,https://data.oireachtas.ie/ie/oireachtas/def/house/dail,Dáil Éireann,Public,Enacted,2025-11-27,2026-07-22,/legislation,2026-08-01,54232e0c6646e09a,Enacted,2026-07-15,,Enacted,10,1,,Minister for Health,,[],"[""Minister for Health""]",role_or_office_only,4,78,0,,,,,0,0,0,no_recorded_division,enacted,Enacted,0,Enacted,Dáil Éireann,3,10,4,enacted-03,Enacted|Enacted||2026-07-15,editorial_summary_required,certified_debate_available,do_not_infer_from_speeches,2026-09-06T18:41:34.147654+00:00,6
https://data.oireachtas.ie/ie/oireachtas/bill/2025/34,https://data.oireachtas.ie/ie/oireachtas/bill/2025/34,34,2025,Criminal Justice (Terrorist Offences) (Amendment) Bill 2025,Criminal Justice (Terrorist Offences) (Amendment) Bill 2025,https://data.oireachtas.ie/ie/oireachtas/def/house/dail,Dáil Éireann,Public,Enacted,2025-06-13,2026-07-15,/legislation,2026-08-01,010722ff4c5b09c4,Enacted,2026-07-07,,Enacted,10,1,,"Minister for Justice, Home Affairs and Migration",,[],"[""Minister for Justice, Home Affairs and Migration""]",role_or_office_only,4,68,4,https://data.oireachtas.ie/ie/oireachtas/division/house/dail/34/2026-05-20/vote_114,2026-05-20,"Question put: : ""That the Bill do now pass.""",Carried,82,51,0,recorded_division_available,enacted,Enacted,0,Enacted,Dáil Éireann,3,10,5,enacted-03,Enacted|Enacted||2026-07-07,editorial_summary_required,certified_debate_available,recorded_vote_evidence_available,2026-09-06T18:41:34.147654+00:00,6
https://data.oireachtas.ie/ie/oireachtas/bill/2025/84,https://data.oireachtas.ie/ie/oireachtas/bill/2025/84,84,2025,Health (Amendment) (Home Support Providers) Bill 2025,Health (Amendment) (Home Support Providers) Bill 2025,https://data.oireachtas.ie/ie/oireachtas/def/house/dail,Dáil Éireann,Public,Enacted,2025-12-16,2026-07-14,/legislation,2026-08-01,84b8858ec52884db,Enacted,2026-07-01,,Enacted,10,1,,Minister for Health,,[],"[""Minister for Health""]",role_or_office_only,3,55,0,,,,,0,0,0,no_recorded_division,enacted,Enacted,0,Enacted,Dáil Éireann,3,10,6,enacted-03,Enacted|Enacted||2026-07-01,editorial_summary_required,certified_debate_available,do_not_infer_from_speeches,2026-09-06T18:41:34.147654+00:00,6
https://data.oireachtas.ie/ie/oireachtas/bill/2024/56,https://data.oireachtas.ie/ie/oireachtas/bill/2024/56,56,2024,Údarás na Gaeltachta (Amendment) Bill 2024,Údarás na Gaeltachta (Amendment) Bill 2024,https://data.oireachtas.ie/ie/oireachtas/def/house/dail,Dáil Éireann,Public,Enacted,2024-07-05,2026-07-29,/legislation,2026-08-01,afba4b2fcdf3e019,Enacted,2026-07-01,,Enacted,10,1,,"Minister for Tourism, Culture, Arts, Gaeltacht, Sport and Media",,[],"[""Minister for Tourism, Culture, Arts, Gaeltacht, Sport and Media""]",role_or_office_only,4,333,6,https://data.oireachtas.ie/ie/oireachtas/division/house/dail/34/2026-05-27/vote_124,2026-05-27,Amendment put:,Lost,63,78,0,recorded_division_available,enacted,Enacted,0,Enacted,Dáil Éireann,4,10,1,enacted-04,Enacted|Enacted||2026-07-01,editorial_summary_required,certified_debate_available,recorded_vote_evidence_available,2026-09-06T18:41:34.147654+00:00,6
https://data.oireachtas.ie/ie/oireachtas/bill/2026/37,https://data.oireachtas.ie/ie/oireachtas/bill/2026/37,37,2026,Critical Infrastructure Bill 2026,Critical Infrastructure Bill 2026,https://data.oireachtas.ie/ie/oireachtas/def/house/dail,Dáil Éireann,Public,Enacted,2026-04-08,2026-07-03,/legislation,2026-08-01,66c61ec9a597f71d,Enacted,2026-06-25,,Enacted,10,1,,"Minister for Public Expenditure, Infrastructure, Public Service Reform and Digitalisation",,[],"[""Minister for Public Expenditure, Infrastructure, Public Service Reform and Digitalisation""]",role_or_office_only,3,75,1,https://data.oireachtas.ie/ie/oireachtas/division/house/dail/34/2026-05-13/vote_102,2026-05-13,"Question put: ""That Fourth Stage is hereby completed and that the Bill is hereby passed.""",Carried,132,15,0,recorded_division_available,enacted,Enacted,0,Enacted,Dáil Éireann,4,10,2,enacted-04,Enacted|Enacted||2026-06-25,editorial_summary_required,certified_debate_available,recorded_vote_evidence_available,2026-09-06T18:41:34.147654+00:00,6
https://data.oireachtas.ie/ie/oireachtas/bill/2024/18,https://data.oireachtas.ie/ie/oireachtas/bill/2024/18,18,2024,Microenterprise Loan Fund (Amendment) Bill 2024,Microenterprise Loan Fund (Amendment) Bill 2024,https://data.oireachtas.ie/ie/oireachtas/def/house/dail,Dáil Éireann,Public,Enacted,2024-03-11,2026-07-14,/legislation,2026-08-01,3ffaace24bddcbbf,Enacted,2026-06-25,,Enacted,11,1,,"Minister for Enterprise, Trade and Employment",,[],"[""Minister for Enterprise, Trade and Employment""]",role_or_office_only,1,2,0,,,,,0,0,0,no_recorded_division,enacted,Enacted,0,Enacted,Dáil Éireann,4,10,3,enacted-04,Enacted|Enacted||2026-06-25,editorial_summary_required,certified_debate_available,do_not_infer_from_speeches,2026-09-06T18:41:34.147654+00:00,6
https://data.oireachtas.ie/ie/oireachtas/bill/2025/52,https://data.oireachtas.ie/ie/oireachtas/bill/2025/52,52,2025,Air Pollution (Amendment) Bill 2025,Air Pollution (Amendment) Bill 2025,https://data.oireachtas.ie/ie/oireachtas/def/house/seanad,Seanad Éireann,Public,Enacted,2025-07-30,2026-07-14,/legislation,2026-07-20,6c6a3f143984bd52,Enacted,2026-06-18,,Enacted,10,1,,"Minister for Climate, Energy and the Environment",,[],"[""Minister for Climate, Energy and the Environment""]",role_or_office_only,4,19,0,,,,,0,0,0,no_recorded_division,enacted,Enacted,0,Enacted,Seanad Éireann,4,10,4,enacted-04,Enacted|Enacted||2026-06-18,editorial_summary_required,certified_debate_available,do_not_infer_from_speeches,2026-09-06T18:41:34.147654+00:00,6
https://data.oireachtas.ie/ie/oireachtas/bill/2025/74,https://data.oireachtas.ie/ie/oireachtas/bill/2025/74,74,2025,Arbitration (Amendment) Bill 2025,Arbitration (Amendment) Bill 2025,https://data.oireachtas.ie/ie/oireachtas/def/house/dail,Dáil Éireann,Public,Enacted,2025-12-01,2026-06-26,/legislation,2026-07-20,4aabcecbf3c955a0,Enacted,2026-06-17,,Enacted,10,1,,Minister for Foreign Affairs and Trade,,[],"[""Minister for Foreign Affairs and Trade""]",role_or_office_only,4,90,2,https://data.oireachtas.ie/ie/oireachtas/division/house/dail/34/2026-04-15/vote_84,2026-04-15,Question put:,Carried,83,64,0,recorded_division_available,enacted,Enacted,0,Enacted,Dáil Éireann,4,10,5,enacted-04,Enacted|Enacted||2026-06-17,editorial_summary_required,certified_debate_available,recorded_vote_evidence_available,2026-09-06T18:41:34.147654+00:00,6
https://data.oireachtas.ie/ie/oireachtas/bill/2026/28,https://data.oireachtas.ie/ie/oireachtas/bill/2026/28,28,2026,International Co-operation (Omagh Bombing Inquiry) Bill 2026,International Co-operation (Omagh Bombing Inquiry) Bill 2026,https://data.oireachtas.ie/ie/oireachtas/def/house/dail,Dáil Éireann,Public,Enacted,2026-03-13,2026-06-12,/legislation,2026-07-20,fd8d02dc49e78ea7,Enacted,2026-06-03,,Enacted,10,1,,"Minister for Justice, Home Affairs and Migration",,[],"[""Minister for Justice, Home Affairs and Migration""]",role_or_office_only,3,50,0,,,,,0,0,0,no_recorded_division,enacted,Enacted,0,Enacted,Dáil Éireann,4,10,6,enacted-04,Enacted|Enacted||2026-06-03,editorial_summary_required,certified_debate_available,do_not_infer_from_speeches,2026-09-06T18:41:34.147654+00:00,6
https://data.oireachtas.ie/ie/oireachtas/bill/2024/66,https://data.oireachtas.ie/ie/oireachtas/bill/2024/66,66,2024,Mental Health Bill 2024,Mental Health Bill 2024,https://data.oireachtas.ie/ie/oireachtas/def/house/dail,Dáil Éireann,Public,Enacted,2024-07-31,2026-05-13,/legislation,2026-07-20,207650aa6ad28dcc,Enacted,2026-05-07,,Enacted,11,1,,Minister for Health,,[],"[""Minister for Health""]",role_or_office_only,5,635,8,https://data.oireachtas.ie/ie/oireachtas/division/house/dail/34/2025-07-09/vote_112,2025-07-09,Question put:,Carried,86,69,0,recorded_division_available,enacted,Enacted,0,Enacted,Dáil Éireann,5,10,1,enacted-05,Enacted|Enacted||2026-05-07,editorial_summary_required,certified_debate_available,recorded_vote_evidence_available,2026-09-06T18:41:34.147654+00:00,6
https://data.oireachtas.ie/ie/oireachtas/bill/2024/61,https://data.oireachtas.ie/ie/oireachtas/bill/2024/61,61,2024,Health Information Bill 2024,Health Information Bill 2024,https://data.oireachtas.ie/ie/oireachtas/def/house/dail,Dáil Éireann,Public,Enacted,2024-07-19,2026-05-11,/legislation,2026-07-20,f59b0dfef4d14fb5,Enacted,2026-04-30,,Enacted,11,1,,Minister for Health,,[],"[""Minister for Health""]",role_or_office_only,2,29,0,,,,,0,0,0,no_recorded_division,enacted,Enacted,0,Enacted,Dáil Éireann,5,10,2,enacted-05,Enacted|Enacted||2026-04-30,editorial_summary_required,certified_debate_available,do_not_infer_from_speeches,2026-09-06T18:41:34.147654+00:00,6
https://data.oireachtas.ie/ie/oireachtas/bill/2026/6,https://data.oireachtas.ie/ie/oireachtas/bill/2026/6,6,2026,International Protection Bill 2026,International Protection Bill 2026,https://data.oireachtas.ie/ie/oireachtas/def/house/dail,Dáil Éireann,Public,Enacted,2026-01-22,2026-05-06,/legislation,2026-07-20,5ff893fc7abb81ec,Enacted,2026-04-22,,Enacted,10,1,,"Minister for Justice, Home Affairs and Migration",,[],"[""Minister for Justice, Home Affairs and Migration""]",role_or_office_only,8,573,20,https://data.oireachtas.ie/ie/oireachtas/division/house/dail/34/2026-04-15/vote_83,2026-04-15,Question put:,Carried,86,62,0,recorded_division_available,enacted,Enacted,0,Enacted,Dáil Éireann,5,10,3,enacted-05,Enacted|Enacted||2026-04-22,editorial_summary_required,certified_debate_available,recorded_vote_evidence_available,2026-09-06T18:41:34.147654+00:00,6
https://data.oireachtas.ie/ie/oireachtas/bill/2026/20,https://data.oireachtas.ie/ie/oireachtas/bill/2026/20,20,2026,Assisted Decision-Making (Capacity) (Amendment) Bill 2026,Assisted Decision-Making (Capacity) (Amendment) Bill 2026,https://data.oireachtas.ie/ie/oireachtas/def/house/dail,Dáil Éireann,Public,Enacted,2026-02-26,2026-04-09,/legislation,2026-07-20,bbb12dbb54f54067,Enacted,2026-03-31,,Enacted,10,1,,"Minister for Children, Disability and Equality",,[],"[""Minister for Children, Disability and Equality""]",role_or_office_only,4,35,0,,,,,0,0,0,no_recorded_division,enacted,Enacted,0,Enacted,Dáil Éireann,5,10,4,enacted-05,Enacted|Enacted||2026-03-31,editorial_summary_required,certified_debate_available,do_not_infer_from_speeches,2026-09-06T18:41:34.147654+00:00,6
https://data.oireachtas.ie/ie/oireachtas/bill/2025/28,https://data.oireachtas.ie/ie/oireachtas/bill/2025/28,28,2025,Protection of Employees (Employers' Insolvency) (Amendment) Bill 2025,Protection of Employees (Employers' Insolvency) (Amendment) Bill 2025,https://data.oireachtas.ie/ie/oireachtas/def/house/dail,Dáil Éireann,Public,Enacted,2025-05-23,2026-04-09,/legislation,2026-07-20,877ac48e7960d590,Enacted,2026-03-30,,Enacted,10,1,,"Minister for Enterprise, Trade and Employment",,[],"[""Minister for Enterprise, Trade and Employment""]",role_or_office_only,3,75,0,,,,,0,0,0,no_recorded_division,enacted,Enacted,0,Enacted,Dáil Éireann,5,10,5,enacted-05,Enacted|Enacted||2026-03-30,editorial_summary_required,certified_debate_available,do_not_infer_from_speeches,2026-09-06T18:41:34.147654+00:00,6
https://data.oireachtas.ie/ie/oireachtas/bill/2026/32,https://data.oireachtas.ie/ie/oireachtas/bill/2026/32,32,2026,National Oil Reserves Agency (Amendment) Bill 2026,National Oil Reserves Agency (Amendment) Bill 2026,https://data.oireachtas.ie/ie/oireachtas/def/house/dail,Dáil Éireann,Public,Enacted,2026-03-25,2026-03-31,/legislation,2026-07-20,f05a94bb31698097,Enacted,2026-03-26,,Enacted,10,1,,"Minister for Climate, Energy and the Environment",,[],"[""Minister for Climate, Energy and the Environment""]",role_or_office_only,2,88,1,https://data.oireachtas.ie/ie/oireachtas/division/house/dail/34/2026-03-25/vote_64,2026-03-25,Amendment put:,Lost,58,85,0,recorded_division_available,enacted,Enacted,0,Enacted,Dáil Éireann,5,10,6,enacted-05,Enacted|Enacted||2026-03-26,editorial_summary_required,certified_debate_available,recorded_vote_evidence_available,2026-09-06T18:41:34.147654+00:00,6
https://data.oireachtas.ie/ie/oireachtas/bill/2025/53,https://data.oireachtas.ie/ie/oireachtas/bill/2025/53,53,2025,Environment (Miscellaneous Provisions) Bill 2025,Environment (Miscellaneous Provisions) Bill 2025,https://data.oireachtas.ie/ie/oireachtas/def/house/dail,Dáil Éireann,Public,Enacted,2025-08-18,2026-03-23,/legislation,2026-07-20,341bb5e1322845ae,Enacted,2026-03-12,,Enacted,10,1,,"Minister for Climate, Energy and the Environment",,[],"[""Minister for Climate, Energy and the Environment""]",role_or_office_only,3,40,0,,,,,0,0,0,no_recorded_division,enacted,Enacted,0,Enacted,Dáil Éireann,6,10,1,enacted-06,Enacted|Enacted||2026-03-12,editorial_summary_required,certified_debate_available,do_not_infer_from_speeches,2026-09-06T18:41:34.147654+00:00,6
https://data.oireachtas.ie/ie/oireachtas/bill/2025/33,https://data.oireachtas.ie/ie/oireachtas/bill/2025/33,33,2025,Copyright and Related Rights (Amendment) Bill 2025,Copyright and Related Rights (Amendment) Bill 2025,https://data.oireachtas.ie/ie/oireachtas/def/house/dail,Dáil Éireann,Public,Enacted,2025-06-13,2026-03-20,/legislation,2026-07-20,9e6e848520673305,Enacted,2026-03-12,,Enacted,10,1,,"Minister for Enterprise, Tourism and Employment",,[],"[""Minister for Enterprise, Tourism and Employment""]",role_or_office_only,3,42,0,,,,,0,0,0,no_recorded_division,enacted,Enacted,0,Enacted,Dáil Éireann,6,10,2,enacted-06,Enacted|Enacted||2026-03-12,editorial_summary_required,certified_debate_available,do_not_infer_from_speeches,2026-09-06T18:41:34.147654+00:00,6
https://data.oireachtas.ie/ie/oireachtas/bill/2026/11,https://data.oireachtas.ie/ie/oireachtas/bill/2026/11,11,2026,Residential Tenancies (Miscellaneous Provisions) Bill 2026,Residential Tenancies (Miscellaneous Provisions) Bill 2026,https://data.oireachtas.ie/ie/oireachtas/def/house/dail,Dáil Éireann,Public,Enacted,2026-02-03,2026-05-06,/legislation,2026-07-20,6760f97dfcf49a36,Enacted,2026-02-24,,Enacted,10,1,,"Minister for Housing, Local Government and Heritage",,[],"[""Minister for Housing, Local Government and Heritage""]",role_or_office_only,4,206,4,https://data.oireachtas.ie/ie/oireachtas/division/house/dail/34/2026-02-11/vote_26,2026-02-11,Question again put:,Carried,80,70,0,recorded_division_available,enacted,Enacted,0,Enacted,Dáil Éireann,6,10,3,enacted-06,Enacted|Enacted||2026-02-24,editorial_summary_required,certified_debate_available,recorded_vote_evidence_available,2026-09-06T18:41:34.147654+00:00,6
https://data.oireachtas.ie/ie/oireachtas/bill/2024/67,https://data.oireachtas.ie/ie/oireachtas/bill/2024/67,67,2024,Defamation (Amendment) Bill 2024,Defamation (Amendment) Bill 2024,https://data.oireachtas.ie/ie/oireachtas/def/house/dail,Dáil Éireann,Public,Enacted,2024-08-02,2026-02-27,/legislation,2026-07-20,597b9d312e1fe000,Enacted,2026-02-19,,Enacted,11,1,,Minister for Justice,,[],"[""Minister for Justice""]",role_or_office_only,3,161,6,https://data.oireachtas.ie/ie/oireachtas/division/house/dail/34/2026-02-11/vote_22,2026-02-11,Amendment put:,Carried,77,66,0,recorded_division_available,enacted,Enacted,0,Enacted,Dáil Éireann,6,10,4,enacted-06,Enacted|Enacted||2026-02-19,editorial_summary_required,certified_debate_available,recorded_vote_evidence_available,2026-09-06T18:41:34.147654+00:00,6
https://data.oireachtas.ie/ie/oireachtas/bill/2024/76,https://data.oireachtas.ie/ie/oireachtas/bill/2024/76,76,2024,Credit Review Bill 2024,Credit Review Bill 2024,https://data.oireachtas.ie/ie/oireachtas/def/house/dail,Dáil Éireann,Public,Enacted,2024-10-01,2026-02-11,/legislation,2026-07-20,cb4a149498cf9b94,Enacted,2026-02-03,,Enacted,10,1,,Minister for Finance,,[],"[""Minister for Finance""]",role_or_office_only,1,4,0,,,,,0,0,0,no_recorded_division,enacted,Enacted,0,Enacted,Dáil Éireann,6,10,5,enacted-06,Enacted|Enacted||2026-02-03,editorial_summary_required,certified_debate_available,do_not_infer_from_speeches,2026-09-06T18:41:34.147654+00:00,6
https://data.oireachtas.ie/ie/oireachtas/bill/2025/58,https://data.oireachtas.ie/ie/oireachtas/bill/2025/58,58,2025,National Training Fund (Amendment) Bill 2025,National Training Fund (Amendment) Bill 2025,https://data.oireachtas.ie/ie/oireachtas/def/house/dail,Dáil Éireann,Public,Enacted,2025-10-10,2026-01-17,/legislation,2026-07-20,5489e9b4914db0af,Fifth Stage,2026-01-17,27th Seanad,Enacted,9,1,,"Minister for Further and Higher Education, Research, Innovation and Science",,[],"[""Minister for Further and Higher Education, Research, Innovation and Science""]",role_or_office_only,4,55,1,https://data.oireachtas.ie/ie/oireachtas/division/house/dail/34/2025-12-03/vote_185,2025-12-03,Amendment put:,Lost,38,97,0,recorded_division_available,enacted,Enacted,0,Enacted,27th Seanad,6,10,6,enacted-06,Enacted|Fifth Stage|27th Seanad|2026-01-17,editorial_summary_required,certified_debate_available,recorded_vote_evidence_available,2026-09-06T18:41:34.147654+00:00,6
https://data.oireachtas.ie/ie/oireachtas/bill/2025/75,https://data.oireachtas.ie/ie/oireachtas/bill/2025/75,75,2025,Remediation of Dwellings Damaged by the Use of Defective Concrete Blocks (Amendment) Bill 2025,Remediation of Dwellings Damaged by the Use of Defective Concrete Blocks (Amendment) Bill 2025,https://data.oireachtas.ie/ie/oireachtas/def/house/dail,Dáil Éireann,Public,Enacted,2025-12-02,2026-01-09,/legislation,2026-07-20,ca207a4325aa3137,Enacted,2025-12-23,,Enacted,10,1,,"Minister for Housing, Local Government and Heritage",,[],"[""Minister for Housing, Local Government and Heritage""]",role_or_office_only,3,169,7,https://data.oireachtas.ie/ie/oireachtas/division/house/dail/34/2025-12-10/vote_200,2025-12-10,Question put:,Carried,72,64,0,recorded_division_available,enacted,Enacted,0,Enacted,Dáil Éireann,7,10,1,enacted-07,Enacted|Enacted||2025-12-23,editorial_summary_required,certified_debate_available,recorded_vote_evidence_available,2026-09-06T18:41:34.147654+00:00,6
https://data.oireachtas.ie/ie/oireachtas/bill/2025/65,https://data.oireachtas.ie/ie/oireachtas/bill/2025/65,65,2025,Social Welfare and Automatic Enrolment Retirement Savings System (Amendment) Bill 2025,Social Welfare and Automatic Enrolment Retirement Savings System (Amendment) Bill 2025,https://data.oireachtas.ie/ie/oireachtas/def/house/dail,Dáil Éireann,Public,Enacted,2025-11-06,2026-01-23,/legislation,2026-07-20,7a80c1cf941a5644,Enacted,2025-12-23,,Enacted,10,1,,Minister for Social Protection,,[],"[""Minister for Social Protection""]",role_or_office_only,3,51,0,,,,,0,0,0,no_recorded_division,enacted,Enacted,0,Enacted,Dáil Éireann,7,10,2,enacted-07,Enacted|Enacted||2025-12-23,editorial_summary_required,certified_debate_available,do_not_infer_from_speeches,2026-09-06T18:41:34.147654+00:00,6
https://data.oireachtas.ie/ie/oireachtas/bill/2025/60,https://data.oireachtas.ie/ie/oireachtas/bill/2025/60,60,2025,Finance Bill 2025,Finance Bill 2025,https://data.oireachtas.ie/ie/oireachtas/def/house/dail,Dáil Éireann,Public,Enacted,2025-10-16,2026-01-08,/legislation,2026-07-20,2030db13e249b6d7,Enacted,2025-12-23,,Enacted,10,1,,Minister for Finance,,[],"[""Minister for Finance""]",role_or_office_only,4,303,9,https://data.oireachtas.ie/ie/oireachtas/division/house/dail/34/2025-11-26/vote_176,2025-11-26,Question put:,Carried,76,60,0,recorded_division_available,enacted,Enacted,0,Enacted,Dáil Éireann,7,10,3,enacted-07,Enacted|Enacted||2025-12-23,editorial_summary_required,certified_debate_available,recorded_vote_evidence_available,2026-09-06T18:41:34.147654+00:00,6
https://data.oireachtas.ie/ie/oireachtas/bill/2025/81,https://data.oireachtas.ie/ie/oireachtas/bill/2025/81,81,2025,Appropriation Bill 2025,Appropriation Bill 2025,https://data.oireachtas.ie/ie/oireachtas/def/house/dail,Dáil Éireann,Public,Enacted,2025-12-10,2026-01-09,/legislation,2026-07-20,c5b37bf660d747bb,Enacted,2025-12-20,,Enacted,10,1,,"Minister for Public Expenditure, Infrastructure, Public Service Reform and Digitalisation",,[],"[""Minister for Public Expenditure, Infrastructure, Public Service Reform and Digitalisation""]",role_or_office_only,2,31,0,,,,,0,0,0,no_recorded_division,enacted,Enacted,0,Enacted,Dáil Éireann,7,10,4,enacted-07,Enacted|Enacted||2025-12-20,editorial_summary_required,certified_debate_available,do_not_infer_from_speeches,2026-09-06T18:41:34.147654+00:00,6
https://data.oireachtas.ie/ie/oireachtas/bill/2025/67,https://data.oireachtas.ie/ie/oireachtas/bill/2025/67,67,2025,Irish Film Board (Amendment) Bill 2025,Irish Film Board (Amendment) Bill 2025,https://data.oireachtas.ie/ie/oireachtas/def/house/seanad,Seanad Éireann,Public,Enacted,2025-11-14,2025-12-22,/legislation,2026-07-20,159e2be45c781d3f,Enacted,2025-12-16,,Enacted,10,1,,"Minister for Culture, Communications and Sport",,[],"[""Minister for Culture, Communications and Sport""]",role_or_office_only,3,39,0,,,,,0,0,0,no_recorded_division,enacted,Enacted,0,Enacted,Seanad Éireann,7,10,5,enacted-07,Enacted|Enacted||2025-12-16,editorial_summary_required,certified_debate_available,do_not_infer_from_speeches,2026-09-06T18:41:34.147654+00:00,6
https://data.oireachtas.ie/ie/oireachtas/bill/2025/10,https://data.oireachtas.ie/ie/oireachtas/bill/2025/10,10,2025,Employment (Contractual Retirement Ages) Bill 2025,Employment (Contractual Retirement Ages) Bill 2025,https://data.oireachtas.ie/ie/oireachtas/def/house/dail,Dáil Éireann,Public,Enacted,2025-04-01,2025-12-23,/legislation,2026-07-20,3223237d92448723,Enacted,2025-12-16,,Enacted,10,1,,"Minister for Enterprise, Trade and Employment",,[],"[""Minister for Enterprise, Trade and Employment""]",role_or_office_only,2,52,0,,,,,0,0,0,no_recorded_division,enacted,Enacted,0,Enacted,Dáil Éireann,7,10,6,enacted-07,Enacted|Enacted||2025-12-16,editorial_summary_required,certified_debate_available,do_not_infer_from_speeches,2026-09-06T18:41:34.147654+00:00,6
https://data.oireachtas.ie/ie/oireachtas/bill/2025/68,https://data.oireachtas.ie/ie/oireachtas/bill/2025/68,68,2025,Health Insurance (Amendment) Bill 2025,Health Insurance (Amendment) Bill 2025,https://data.oireachtas.ie/ie/oireachtas/def/house/dail,Dáil Éireann,Public,Enacted,2025-11-18,2026-07-08,/legislation,2026-07-20,600a30ec7d09f74e,Enacted,2025-12-10,,Enacted,10,1,,Minister for Health,,[],"[""Minister for Health""]",role_or_office_only,3,36,0,,,,,0,0,0,no_recorded_division,enacted,Enacted,0,Enacted,Dáil Éireann,8,10,1,enacted-08,Enacted|Enacted||2025-12-10,editorial_summary_required,certified_debate_available,do_not_infer_from_speeches,2026-09-06T18:41:34.147654+00:00,6
https://data.oireachtas.ie/ie/oireachtas/bill/2025/64,https://data.oireachtas.ie/ie/oireachtas/bill/2025/64,64,2025,Courts and Civil Law (Miscellaneous Provisions) Bill 2025,Courts and Civil Law (Miscellaneous Provisions) Bill 2025,https://data.oireachtas.ie/ie/oireachtas/def/house/dail,Dáil Éireann,Public,Enacted,2025-10-31,2025-12-16,/legislation,2026-07-20,2acbf6755828fc45,Enacted,2025-12-10,,Enacted,10,1,,"Minister for Justice, Home Affairs and Migration",,[],"[""Minister for Justice, Home Affairs and Migration""]",role_or_office_only,3,15,0,,,,,0,0,0,no_recorded_division,enacted,Enacted,0,Enacted,Dáil Éireann,8,10,2,enacted-08,Enacted|Enacted||2025-12-10,editorial_summary_required,certified_debate_available,do_not_infer_from_speeches,2026-09-06T18:41:34.147654+00:00,6
https://data.oireachtas.ie/ie/oireachtas/bill/2025/63,https://data.oireachtas.ie/ie/oireachtas/bill/2025/63,63,2025,Electricity (Supply) (Amendment) Bill 2025,Electricity (Supply) (Amendment) Bill 2025,https://data.oireachtas.ie/ie/oireachtas/def/house/dail,Dáil Éireann,Public,Enacted,2025-10-30,2025-11-28,/legislation,2026-07-20,8da014b98f9f7d4d,Enacted,2025-11-20,,Enacted,10,1,,"Minister for Climate, Energy and the Environment",,[],"[""Minister for Climate, Energy and the Environment""]",role_or_office_only,2,43,2,https://data.oireachtas.ie/ie/oireachtas/division/house/dail/34/2025-11-05/vote_157,2025-11-05,Question put:,Carried,93,41,0,recorded_division_available,enacted,Enacted,0,Enacted,Dáil Éireann,8,10,3,enacted-08,Enacted|Enacted||2025-11-20,editorial_summary_required,certified_debate_available,recorded_vote_evidence_available,2026-09-06T18:41:34.147654+00:00,6
https://data.oireachtas.ie/ie/oireachtas/bill/2025/57,https://data.oireachtas.ie/ie/oireachtas/bill/2025/57,57,2025,Housing Finance Agency (Amendment) Bill 2025,Housing Finance Agency (Amendment) Bill 2025,https://data.oireachtas.ie/ie/oireachtas/def/house/dail,Dáil Éireann,Public,Enacted,2025-10-10,2025-11-14,/legislation,2026-07-20,2c8f862e510a1b39,Enacted,2025-10-28,,Enacted,10,1,,"Minister for Housing, Local Government and Heritage",,[],"[""Minister for Housing, Local Government and Heritage""]",role_or_office_only,2,46,0,,,,,0,0,0,no_recorded_division,enacted,Enacted,0,Enacted,Dáil Éireann,8,10,4,enacted-08,Enacted|Enacted||2025-10-28,editorial_summary_required,certified_debate_available,do_not_infer_from_speeches,2026-09-06T18:41:34.147654+00:00,6
https://data.oireachtas.ie/ie/oireachtas/bill/2025/39,https://data.oireachtas.ie/ie/oireachtas/bill/2025/39,39,2025,Planning and Development (Amendment) Bill 2025,Planning and Development (Amendment) Bill 2025,https://data.oireachtas.ie/ie/oireachtas/def/house/dail,Dáil Éireann,Public,Enacted,2025-07-02,2025-07-28,/legislation,2026-07-20,dcde33c326020643,Enacted,2025-07-23,,Enacted,11,1,,"Minister for Housing, Local Government and Heritage",,[],"[""Minister for Housing, Local Government and Heritage""]",role_or_office_only,3,126,5,https://data.oireachtas.ie/ie/oireachtas/division/house/dail/34/2025-07-16/vote_128,2025-07-16,Seanad amendment put:,Carried,88,68,0,recorded_division_available,enacted,Enacted,0,Enacted,Dáil Éireann,8,10,5,enacted-08,Enacted|Enacted||2025-07-23,editorial_summary_required,certified_debate_available,recorded_vote_evidence_available,2026-09-06T18:41:34.147654+00:00,6
https://data.oireachtas.ie/ie/oireachtas/bill/2024/78,https://data.oireachtas.ie/ie/oireachtas/bill/2024/78,78,2024,Statute Law Revision Bill 2024,Statute Law Revision Bill 2024,https://data.oireachtas.ie/ie/oireachtas/def/house/seanad,Seanad Éireann,Public,Enacted,2024-10-03,2025-07-28,/legislation,2026-07-20,14f72745fee13150,Enacted,2025-07-23,,Enacted,11,1,,"Minister for Public Expenditure, National Development Plan Delivery and Reform",,[],"[""Minister for Public Expenditure, National Development Plan Delivery and Reform""]",role_or_office_only,2,19,0,,,,,0,0,0,no_recorded_division,enacted,Enacted,0,Enacted,Seanad Éireann,8,10,6,enacted-08,Enacted|Enacted||2025-07-23,editorial_summary_required,certified_debate_available,do_not_infer_from_speeches,2026-09-06T18:41:34.147654+00:00,6
https://data.oireachtas.ie/ie/oireachtas/bill/2025/7,https://data.oireachtas.ie/ie/oireachtas/bill/2025/7,7,2025,Social Welfare (Bereaved Partner’s Pension and Miscellaneous Provisions) Bill 2025,Social Welfare (Bereaved Partner’s Pension and Miscellaneous Provisions) Bill 2025,https://data.oireachtas.ie/ie/oireachtas/def/house/dail,Dáil Éireann,Public,Enacted,2025-03-13,2025-07-25,/legislation,2026-07-20,45f8f5011ef8eaf9,Enacted,2025-07-21,,Enacted,10,1,,Minister for Social Protection,,[],"[""Minister for Social Protection""]",role_or_office_only,4,89,1,https://data.oireachtas.ie/ie/oireachtas/division/house/dail/34/2025-07-02/vote_102,2025-07-02,Amendment put:,Lost,60,85,0,recorded_division_available,enacted,Enacted,0,Enacted,Dáil Éireann,9,10,1,enacted-09,Enacted|Enacted||2025-07-21,editorial_summary_required,certified_debate_available,recorded_vote_evidence_available,2026-09-06T18:41:34.147654+00:00,6
https://data.oireachtas.ie/ie/oireachtas/bill/2024/28,https://data.oireachtas.ie/ie/oireachtas/bill/2024/28,28,2024,Supports for Survivors of Residential Institutional Abuse Bill 2024,Supports for Survivors of Residential Institutional Abuse Bill 2024,https://data.oireachtas.ie/ie/oireachtas/def/house/dail,Dáil Éireann,Public,Enacted,2024-04-22,2025-07-18,/legislation,2026-07-20,3c8355a6bc67176e,Enacted,2025-07-15,,Enacted,11,1,,Minister for Education,,[],"[""Minister for Education""]",role_or_office_only,2,32,2,https://data.oireachtas.ie/ie/oireachtas/division/house/dail/34/2025-07-09/vote_113,2025-07-09,"Question put: ""That Seanad amendment No. 2 be agreed to.""",Carried,85,64,0,recorded_division_available,enacted,Enacted,0,Enacted,Dáil Éireann,9,10,2,enacted-09,Enacted|Enacted||2025-07-15,editorial_summary_required,certified_debate_available,recorded_vote_evidence_available,2026-09-06T18:41:34.147654+00:00,6
https://data.oireachtas.ie/ie/oireachtas/bill/2025/32,https://data.oireachtas.ie/ie/oireachtas/bill/2025/32,32,2025,Finance (Local Property Tax and Other Provisions) (Amendment) Bill 2025,Finance (Local Property Tax and Other Provisions) (Amendment) Bill 2025,https://data.oireachtas.ie/ie/oireachtas/def/house/dail,Dáil Éireann,Public,Enacted,2025-06-12,2025-07-09,/legislation,2026-07-20,536e9bfff0ebf01f,Enacted,2025-07-02,,Enacted,10,1,,Minister for Finance,,[],"[""Minister for Finance""]",role_or_office_only,3,62,4,https://data.oireachtas.ie/ie/oireachtas/division/house/dail/34/2025-06-25/vote_94,2025-06-25,"Question put: ""That the Bill do now pass.""",Carried,104,48,0,recorded_division_available,enacted,Enacted,0,Enacted,Dáil Éireann,9,10,3,enacted-09,Enacted|Enacted||2025-07-02,editorial_summary_required,certified_debate_available,recorded_vote_evidence_available,2026-09-06T18:41:34.147654+00:00,6
https://data.oireachtas.ie/ie/oireachtas/bill/2025/35,https://data.oireachtas.ie/ie/oireachtas/bill/2025/35,35,2025,Residential Tenancies (Amendment) Bill 2025,Residential Tenancies (Amendment) Bill 2025,https://data.oireachtas.ie/ie/oireachtas/def/house/dail,Dáil Éireann,Public,Enacted,2025-06-18,2025-06-24,/legislation,2026-07-20,9c48f9e91a92499c,Enacted,2025-06-19,,Enacted,10,1,,"Minister for Housing, Local Government and Heritage",,[],"[""Minister for Housing, Local Government and Heritage""]",role_or_office_only,3,80,3,https://data.oireachtas.ie/ie/oireachtas/division/house/dail/34/2025-06-18/vote_83,2025-06-18,Amendment put:,Lost,67,84,0,recorded_division_available,enacted,Enacted,0,Enacted,Dáil Éireann,9,10,4,enacted-09,Enacted|Enacted||2025-06-19,editorial_summary_required,certified_debate_available,recorded_vote_evidence_available,2026-09-06T18:41:34.147654+00:00,6
https://data.oireachtas.ie/ie/oireachtas/bill/2024/65,https://data.oireachtas.ie/ie/oireachtas/bill/2024/65,65,2024,Finance (Provision of Access to Cash Infrastructure) Bill 2024,Finance (Provision of Access to Cash Infrastructure) Bill 2024,https://data.oireachtas.ie/ie/oireachtas/def/house/dail,Dáil Éireann,Public,Enacted,2024-07-31,2025-06-10,/legislation,2026-07-20,a08650b9cb3d5873,Enacted,2025-05-20,,Enacted,10,1,,Minister for Finance,,[],"[""Minister for Finance""]",role_or_office_only,1,38,0,,,,,0,0,0,no_recorded_division,enacted,Enacted,0,Enacted,Dáil Éireann,9,10,5,enacted-09,Enacted|Enacted||2025-05-20,editorial_summary_required,certified_debate_available,do_not_infer_from_speeches,2026-09-06T18:41:34.147654+00:00,6
https://data.oireachtas.ie/ie/oireachtas/bill/2023/97,https://data.oireachtas.ie/ie/oireachtas/bill/2023/97,97,2023,Financial Services and Pensions Ombudsman (Amendment) Bill 2023,Financial Services and Pensions Ombudsman (Amendment) Bill 2023,https://data.oireachtas.ie/ie/oireachtas/def/house/dail,Dáil Éireann,Public,Enacted,2023-12-19,2025-04-24,/legislation,2026-07-20,e2efe7c55c5241a7,Enacted,2025-04-15,,Enacted,10,1,,Minister for Finance,,[],"[""Minister for Finance""]",role_or_office_only,1,62,0,,,,,0,0,0,no_recorded_division,enacted,Enacted,0,Enacted,Dáil Éireann,9,10,6,enacted-09,Enacted|Enacted||2025-04-15,editorial_summary_required,certified_debate_available,do_not_infer_from_speeches,2026-09-06T18:41:34.147654+00:00,6
https://data.oireachtas.ie/ie/oireachtas/bill/2024/64,https://data.oireachtas.ie/ie/oireachtas/bill/2024/64,64,2024,Merchant Shipping (Investigation of Marine Accidents) Bill 2024,Merchant Shipping (Investigation of Marine Accidents) Bill 2024,https://data.oireachtas.ie/ie/oireachtas/def/house/dail,Dáil Éireann,Public,Enacted,2024-07-26,2025-04-24,/legislation,2026-07-20,b06b431615ae0b43,Enacted,2025-04-14,,Enacted,10,1,,Minister for Transport,,[],"[""Minister for Transport""]",role_or_office_only,1,28,1,https://data.oireachtas.ie/ie/oireachtas/division/house/dail/34/2025-02-19/vote_16,2025-02-19,"Question put: ""That the Bill do now pass.""",Carried,101,55,0,recorded_division_available,enacted,Enacted,0,Enacted,Dáil Éireann,10,10,1,enacted-10,Enacted|Enacted||2025-04-14,editorial_summary_required,certified_debate_available,recorded_vote_evidence_available,2026-09-06T18:41:34.147654+00:00,6
https://data.oireachtas.ie/ie/oireachtas/bill/2025/3,https://data.oireachtas.ie/ie/oireachtas/bill/2025/3,3,2025,"Ministers and Secretaries and Ministerial, Parliamentary, Judicial and Court Offices (Amendment) Bill 2025","Ministers and Secretaries and Ministerial, Parliamentary, Judicial and Court Offices (Amendment) Bill 2025",https://data.oireachtas.ie/ie/oireachtas/def/house/dail,Dáil Éireann,Public,Enacted,2025-02-06,2025-03-03,/legislation,2026-07-20,cf03f98ffe5a9a19,Enacted,2025-02-21,,Enacted,10,1,,"Minister for Public Expenditure, National Development Plan Delivery and Reform",,[],"[""Minister for Public Expenditure, National Development Plan Delivery and Reform""]",role_or_office_only,2,27,3,https://data.oireachtas.ie/ie/oireachtas/division/house/dail/34/2025-02-12/vote_9,2025-02-12,Question put:,Carried,92,72,0,recorded_division_available,enacted,Enacted,0,Enacted,Dáil Éireann,10,10,2,enacted-10,Enacted|Enacted||2025-02-21,editorial_summary_required,certified_debate_available,recorded_vote_evidence_available,2026-09-06T18:41:34.147654+00:00,6
https://data.oireachtas.ie/ie/oireachtas/bill/2026/82,https://data.oireachtas.ie/ie/oireachtas/bill/2026/82,82,2026,Railway Safety Bill 2026,Railway Safety Bill 2026,https://data.oireachtas.ie/ie/oireachtas/def/house/dail,Dáil Éireann,Public,Current,2026-07-24,2026-07-24,/legislation,2026-08-01,7063498527d11f07,First Stage,2026-07-24,34th Dáil,Current,1,1,,Minister for Transport,,[],"[""Minister for Transport""]",role_or_office_only,0,0,0,,,,,0,0,0,,first_stage,First Stage,20,First Stage,34th Dáil,1,8,1,first_stage-01,Current|First Stage|34th Dáil|2026-07-24,editorial_summary_required,no_certified_debate,do_not_infer_from_speeches,2026-09-06T18:41:34.147654+00:00,6
https://data.oireachtas.ie/ie/oireachtas/bill/2026/76,https://data.oireachtas.ie/ie/oireachtas/bill/2026/76,76,2026,Strategic Lawsuits against Public Participation Bill 2026,Strategic Lawsuits against Public Participation Bill 2026,https://data.oireachtas.ie/ie/oireachtas/def/house/dail,Dáil Éireann,Public,Current,2026-07-01,2026-07-01,/legislation,2026-08-01,27ffe773159b5499,First Stage,2026-07-01,34th Dáil,,1,1,,"Minister for Justice, Home Affairs and Migration",,[],"[""Minister for Justice, Home Affairs and Migration""]",role_or_office_only,0,0,0,,,,,0,0,0,,first_stage,First Stage,20,First Stage,34th Dáil,1,8,2,first_stage-01,Current|First Stage|34th Dáil|2026-07-01,editorial_summary_required,no_certified_debate,do_not_infer_from_speeches,2026-09-06T18:41:34.147654+00:00,6
https://data.oireachtas.ie/ie/oireachtas/bill/2026/63,https://data.oireachtas.ie/ie/oireachtas/bill/2026/63,63,2026,Defence (Amendment) Bill 2026,Defence (Amendment) Bill 2026,https://data.oireachtas.ie/ie/oireachtas/def/house/dail,Dáil Éireann,Public,Current,2026-06-16,2026-06-16,/legislation,2026-07-20,df69e7bfe6fbf206,First Stage,2026-06-16,34th Dáil,Current,1,1,,Minister for Defence,,[],"[""Minister for Defence""]",role_or_office_only,0,0,0,,,,,0,0,0,,first_stage,First Stage,20,First Stage,34th Dáil,1,8,3,first_stage-01,Current|First Stage|34th Dáil|2026-06-16,editorial_summary_required,no_certified_debate,do_not_infer_from_speeches,2026-09-06T18:41:34.147654+00:00,6
https://data.oireachtas.ie/ie/oireachtas/bill/2026/44,https://data.oireachtas.ie/ie/oireachtas/bill/2026/44,44,2026,Criminal Law (Adult Safeguarding) Bill 2026,Criminal Law (Adult Safeguarding) Bill 2026,https://data.oireachtas.ie/ie/oireachtas/def/house/dail,Dáil Éireann,Public,Current,2026-05-05,2026-05-07,/legislation,2026-07-20,f552571b225e7177,First Stage,2026-05-05,34th Dáil,,1,3,David Cullinane,,https://data.oireachtas.ie/ie/oireachtas/member/id/David-Cullinane.S.2011-05-25,"[""David Cullinane"",""Matt Carthy"",""Natasha Newsome Drennan""]",[],source_uri_present,0,0,0,,,,,0,0,0,,first_stage,First Stage,20,First Stage,34th Dáil,1,8,4,first_stage-01,Current|First Stage|34th Dáil|2026-05-05,editorial_summary_required,no_certified_debate,do_not_infer_from_speeches,2026-09-06T18:41:34.147654+00:00,6
https://data.oireachtas.ie/ie/oireachtas/bill/2025/55,https://data.oireachtas.ie/ie/oireachtas/bill/2025/55,55,2025,Criminal Justice (Trespass on Land) Bill 2025,Criminal Justice (Trespass on Land) Bill 2025,https://data.oireachtas.ie/ie/oireachtas/def/house/dail,Dáil Éireann,Public,Current,2025-07-31,2025-09-25,/legislation,2026-07-20,7ee55c5ff0527b59,First Stage,2025-07-31,34th Dáil,,1,1,Carol Nolan,,https://data.oireachtas.ie/ie/oireachtas/member/id/Carol-Nolan.D.2016-10-03,"[""Carol Nolan""]",[],source_uri_present,1,5,0,,,,,0,0,0,no_recorded_division,first_stage,First Stage,20,First Stage,34th Dáil,1,8,5,first_stage-01,Current|First Stage|34th Dáil|2025-07-31,editorial_summary_required,certified_debate_available,do_not_infer_from_speeches,2026-09-06T18:41:34.147654+00:00,6
https://data.oireachtas.ie/ie/oireachtas/bill/2025/6,https://data.oireachtas.ie/ie/oireachtas/bill/2025/6,6,2025,Energy Poverty Reduction (Use of Surplus Renewable Energy) Bill 2025,Energy Poverty Reduction (Use of Surplus Renewable Energy) Bill 2025,https://data.oireachtas.ie/ie/oireachtas/def/house/dail,Dáil Éireann,Public,Current,2025-02-07,2025-02-21,/legislation,2026-07-20,9fe3fcbe139bd483,First Stage,2025-02-07,34th Dáil,,1,1,Paul McAuliffe,,https://data.oireachtas.ie/ie/oireachtas/member/id/Paul-McAuliffe.D.2020-02-08,"[""Paul McAuliffe""]",[],source_uri_present,1,5,0,,,,,0,0,0,no_recorded_division,first_stage,First Stage,20,First Stage,34th Dáil,1,8,6,first_stage-01,Current|First Stage|34th Dáil|2025-02-07,editorial_summary_required,certified_debate_available,do_not_infer_from_speeches,2026-09-06T18:41:34.147654+00:00,6
https://data.oireachtas.ie/ie/oireachtas/bill/2025/4,https://data.oireachtas.ie/ie/oireachtas/bill/2025/4,4,2025,Protection of Tenants' Deposits Bill 2025,Protection of Tenants' Deposits Bill 2025,https://data.oireachtas.ie/ie/oireachtas/def/house/dail,Dáil Éireann,Public,Current,2025-02-05,2025-02-14,/legislation,2026-07-20,60df366f81bf3665,First Stage,2025-02-05,34th Dáil,,1,6,Paul Murphy,,https://data.oireachtas.ie/ie/oireachtas/member/id/Paul-Murphy.D.2014-10-10,"[""Paul Murphy"",""Richard Boyd Barrett"",""Ruth Coppinger""]",[],source_uri_present,1,5,0,,,,,0,0,0,no_recorded_division,first_stage,First Stage,20,First Stage,34th Dáil,2,8,1,first_stage-02,Current|First Stage|34th Dáil|2025-02-05,editorial_summary_required,certified_debate_available,do_not_infer_from_speeches,2026-09-06T18:41:34.147654+00:00,6
https://data.oireachtas.ie/ie/oireachtas/bill/2025/2,https://data.oireachtas.ie/ie/oireachtas/bill/2025/2,2,2025,Criminal Procedure (Amendment) Bill 2025,Criminal Procedure (Amendment) Bill 2025,https://data.oireachtas.ie/ie/oireachtas/def/house/seanad,Seanad Éireann,Public,Lapsed,2025-01-22,2025-01-30,/legislation,2026-07-20,b9bbf18691d0da6f,First Stage,2025-01-22,26th Seanad,,1,1,Vincent P. Martin,,https://data.oireachtas.ie/ie/oireachtas/member/id/Vincent-P-Martin.S.2020-06-29,"[""Vincent P. Martin""]",[],source_uri_present,0,0,0,,,,,0,0,0,,first_stage,First Stage,20,First Stage,26th Seanad,2,8,2,first_stage-02,Lapsed|First Stage|26th Seanad|2025-01-22,editorial_summary_required,no_certified_debate,do_not_infer_from_speeches,2026-09-06T18:41:34.147654+00:00,6
https://data.oireachtas.ie/ie/oireachtas/bill/2025/1,https://data.oireachtas.ie/ie/oireachtas/bill/2025/1,1,2025,Republic of Ireland (Amendment) Bill 2025,Republic of Ireland (Amendment) Bill 2025,https://data.oireachtas.ie/ie/oireachtas/def/house/seanad,Seanad Éireann,Public,Lapsed,2025-01-21,2025-01-30,/legislation,2026-07-20,9a3fb77eaafe40a5,First Stage,2025-01-21,26th Seanad,,1,1,Vincent P. Martin,,https://data.oireachtas.ie/ie/oireachtas/member/id/Vincent-P-Martin.S.2020-06-29,"[""Vincent P. Martin""]",[],source_uri_present,0,0,0,,,,,0,0,0,,first_stage,First Stage,20,First Stage,26th Seanad,2,8,3,first_stage-02,Lapsed|First Stage|26th Seanad|2025-01-21,editorial_summary_required,no_certified_debate,do_not_infer_from_speeches,2026-09-06T18:41:34.147654+00:00,6
https://data.oireachtas.ie/ie/oireachtas/bill/2024/100,https://data.oireachtas.ie/ie/oireachtas/bill/2024/100,100,2024,Public Procurement (Collective Bargaining and Collective Agreements Criteria) Bill 2024,Public Procurement (Collective Bargaining and Collective Agreements Criteria) Bill 2024,https://data.oireachtas.ie/ie/oireachtas/def/house/seanad,Seanad Éireann,Public,Lapsed,2024-11-01,2025-01-30,/legislation,2026-07-20,a48cdeaa6331000c,First Stage,2024-11-01,26th Seanad,,1,2,Paul Gavan,,https://data.oireachtas.ie/ie/oireachtas/member/id/Paul-Gavan.S.2016-04-25,"[""Fintan Warfield"",""Paul Gavan""]",[],source_uri_present,0,0,0,,,,,0,0,0,,first_stage,First Stage,20,First Stage,26th Seanad,2,8,4,first_stage-02,Lapsed|First Stage|26th Seanad|2024-11-01,editorial_summary_required,no_certified_debate,do_not_infer_from_speeches,2026-09-06T18:41:34.147654+00:00,6
https://data.oireachtas.ie/ie/oireachtas/bill/2024/98,https://data.oireachtas.ie/ie/oireachtas/bill/2024/98,98,2024,Public Health (Antacid Products) Bill 2024,Public Health (Antacid Products) Bill 2024,https://data.oireachtas.ie/ie/oireachtas/def/house/seanad,Seanad Éireann,Public,Lapsed,2024-11-01,2025-01-30,/legislation,2026-07-20,03fdee654dfa0600,First Stage,2024-11-01,26th Seanad,,1,4,Vincent P. Martin,,https://data.oireachtas.ie/ie/oireachtas/member/id/Vincent-P-Martin.S.2020-06-29,"[""Gerard P. Craughwell"",""Róisín Garvey"",""Victor Boyhan"",""Vincent P. Martin""]",[],source_uri_present,0,0,0,,,,,0,0,0,,first_stage,First Stage,20,First Stage,26th Seanad,2,8,5,first_stage-02,Lapsed|First Stage|26th Seanad|2024-11-01,editorial_summary_required,no_certified_debate,do_not_infer_from_speeches,2026-09-06T18:41:34.147654+00:00,6
https://data.oireachtas.ie/ie/oireachtas/bill/2024/94,https://data.oireachtas.ie/ie/oireachtas/bill/2024/94,94,2024,Autism Action and Oversight Bill 2024,Autism Action and Oversight Bill 2024,https://data.oireachtas.ie/ie/oireachtas/def/house/seanad,Seanad Éireann,Public,Lapsed,2024-10-16,2025-01-30,/legislation,2026-07-20,e66e9f37b64b3a58,First Stage,2024-10-16,26th Seanad,,1,1,Micheál Carrigy,,https://data.oireachtas.ie/ie/oireachtas/member/id/Micheál-Carrigy.S.2020-03-30,"[""Micheál Carrigy""]",[],source_uri_present,0,0,0,,,,,0,0,0,,first_stage,First Stage,20,First Stage,26th Seanad,2,8,6,first_stage-02,Lapsed|First Stage|26th Seanad|2024-10-16,editorial_summary_required,no_certified_debate,do_not_infer_from_speeches,2026-09-06T18:41:34.147654+00:00,6
https://data.oireachtas.ie/ie/oireachtas/bill/2024/82,https://data.oireachtas.ie/ie/oireachtas/bill/2024/82,82,2024,"Workplace Relations (Exemplary Damages, Unfair Dismissals and Other Provisions) Bill 2024","Workplace Relations (Exemplary Damages, Unfair Dismissals and Other Provisions) Bill 2024",https://data.oireachtas.ie/ie/oireachtas/def/house/seanad,Seanad Éireann,Public,Lapsed,2024-06-05,2025-01-30,/legislation,2026-07-20,848d9c4ff46a3002,First Stage,2024-10-08,26th Seanad,,1,4,Marie Sherlock,,https://data.oireachtas.ie/ie/oireachtas/member/id/Marie-Sherlock.S.2020-03-30,"[""Annie Hoey"",""Marie Sherlock"",""Mark Wall"",""Rebecca Moynihan""]",[],source_uri_present,0,0,0,,,,,0,0,0,,first_stage,First Stage,20,First Stage,26th Seanad,3,8,1,first_stage-03,Lapsed|First Stage|26th Seanad|2024-10-08,editorial_summary_required,no_certified_debate,do_not_infer_from_speeches,2026-09-06T18:41:34.147654+00:00,6
https://data.oireachtas.ie/ie/oireachtas/bill/2024/86,https://data.oireachtas.ie/ie/oireachtas/bill/2024/86,86,2024,Sale of Nitrous Oxide and Related Products Bill 2024,Sale of Nitrous Oxide and Related Products Bill 2024,https://data.oireachtas.ie/ie/oireachtas/def/house/dail,Dáil Éireann,Public,Withdrawn,2024-10-02,2025-05-13,/legislation,2026-07-20,7cdc2d8b520c1bb4,First Stage,2024-10-02,33rd Dáil,,1,2,Mark Ward,,https://data.oireachtas.ie/ie/oireachtas/member/id/Mark-Ward.D.2019-11-29,"[""Mark Ward"",""Seán Crowe""]",[],source_uri_present,0,0,0,,,,,0,0,0,,first_stage,First Stage,20,First Stage,33rd Dáil,3,8,2,first_stage-03,Withdrawn|First Stage|33rd Dáil|2024-10-02,editorial_summary_required,no_certified_debate,do_not_infer_from_speeches,2026-09-06T18:41:34.147654+00:00,6
https://data.oireachtas.ie/ie/oireachtas/bill/2024/79,https://data.oireachtas.ie/ie/oireachtas/bill/2024/79,79,2024,Transport (Vehicle Registration Plate Suppliers) Bill 2024,Transport (Vehicle Registration Plate Suppliers) Bill 2024,https://data.oireachtas.ie/ie/oireachtas/def/house/seanad,Seanad Éireann,Public,Lapsed,2024-09-24,2025-01-30,/legislation,2026-07-20,b237f55e110ae4cd,First Stage,2024-10-02,26th Seanad,,1,1,Vincent P. Martin,,https://data.oireachtas.ie/ie/oireachtas/member/id/Vincent-P-Martin.S.2020-06-29,"[""Vincent P. Martin""]",[],source_uri_present,0,0,0,,,,,0,0,0,,first_stage,First Stage,20,First Stage,26th Seanad,3,8,3,first_stage-03,Lapsed|First Stage|26th Seanad|2024-10-02,editorial_summary_required,no_certified_debate,do_not_infer_from_speeches,2026-09-06T18:41:34.147654+00:00,6
https://data.oireachtas.ie/ie/oireachtas/bill/2024/87,https://data.oireachtas.ie/ie/oireachtas/bill/2024/87,87,2024,"Sale of Tickets (Cultural, Entertainment, Recreational and Sporting Events) (Amendment) (No. 2) Bill 2024","Sale of Tickets (Cultural, Entertainment, Recreational and Sporting Events) (Amendment) (No. 2) Bill 2024",https://data.oireachtas.ie/ie/oireachtas/def/house/seanad,Seanad Éireann,Public,Lapsed,2024-09-13,2025-01-30,/legislation,2026-07-20,d22d4655aa0de6c4,First Stage,2024-09-13,26th Seanad,,1,1,Timmy Dooley,,https://data.oireachtas.ie/ie/oireachtas/member/id/Timmy-Dooley.S.2002-09-12,"[""Timmy Dooley""]",[],source_uri_present,0,0,0,,,,,0,0,0,,first_stage,First Stage,20,First Stage,26th Seanad,3,8,4,first_stage-03,Lapsed|First Stage|26th Seanad|2024-09-13,editorial_summary_required,no_certified_debate,do_not_infer_from_speeches,2026-09-06T18:41:34.147654+00:00,6
https://data.oireachtas.ie/ie/oireachtas/bill/2024/52,https://data.oireachtas.ie/ie/oireachtas/bill/2024/52,52,2024,Third-Party Funding Contracts (Certain Proceedings) Bill 2024,Third-Party Funding Contracts (Certain Proceedings) Bill 2024,https://data.oireachtas.ie/ie/oireachtas/def/house/seanad,Seanad Éireann,Public,Lapsed,2024-06-05,2025-01-30,/legislation,2026-07-20,d7fe78d8ae28bbbb,First Stage,2024-06-27,26th Seanad,,1,5,Vincent P. Martin,,https://data.oireachtas.ie/ie/oireachtas/member/id/Vincent-P-Martin.S.2020-06-29,"[""Malachai O'Hara"",""Mary Seery Kearney"",""Róisín Garvey"",""Tom Clonan"",""Vincent P. Martin""]",[],source_uri_present,0,0,0,,,,,0,0,0,,first_stage,First Stage,20,First Stage,26th Seanad,3,8,5,first_stage-03,Lapsed|First Stage|26th Seanad|2024-06-27,editorial_summary_required,no_certified_debate,do_not_infer_from_speeches,2026-09-06T18:41:34.147654+00:00,6
https://data.oireachtas.ie/ie/oireachtas/bill/2024/58,https://data.oireachtas.ie/ie/oireachtas/bill/2024/58,58,2024,Bail (Amendment) Bill 2024,Bail (Amendment) Bill 2024,https://data.oireachtas.ie/ie/oireachtas/def/house/seanad,Seanad Éireann,Public,Lapsed,2024-06-05,2025-01-30,/legislation,2026-07-20,e4f067169f6de36c,First Stage,2024-06-05,26th Seanad,,1,7,Vincent P. Martin,,https://data.oireachtas.ie/ie/oireachtas/member/id/Vincent-P-Martin.S.2020-06-29,"[""Gerard P. Craughwell"",""Malcolm Byrne"",""Mary Seery Kearney"",""Róisín Garvey"",""Tom Clonan"",""Victor Boyhan"",""Vincent P. Martin""]",[],source_uri_present,0,0,0,,,,,0,0,0,,first_stage,First Stage,20,First Stage,26th Seanad,3,8,6,first_stage-03,Lapsed|First Stage|26th Seanad|2024-06-05,editorial_summary_required,no_certified_debate,do_not_infer_from_speeches,2026-09-06T18:41:34.147654+00:00,6
https://data.oireachtas.ie/ie/oireachtas/bill/2024/32,https://data.oireachtas.ie/ie/oireachtas/bill/2024/32,32,2024,Protection of Retail Workers Bill 2024,Protection of Retail Workers Bill 2024,https://data.oireachtas.ie/ie/oireachtas/def/house/seanad,Seanad Éireann,Public,Lapsed,2024-04-15,2025-01-30,/legislation,2026-07-20,7599c9d37441ffc5,First Stage,2024-04-15,26th Seanad,,1,1,Malcolm Byrne,,https://data.oireachtas.ie/ie/oireachtas/member/id/Malcolm-Byrne.D.2019-11-29,"[""Malcolm Byrne""]",[],source_uri_present,0,0,0,,,,,0,0,0,,first_stage,First Stage,20,First Stage,26th Seanad,4,8,1,first_stage-04,Lapsed|First Stage|26th Seanad|2024-04-15,editorial_summary_required,no_certified_debate,do_not_infer_from_speeches,2026-09-06T18:41:34.147654+00:00,6
https://data.oireachtas.ie/ie/oireachtas/bill/2024/27,https://data.oireachtas.ie/ie/oireachtas/bill/2024/27,27,2024,Copyright and Related Rights (Amendment) (Web Archive) Bill 2024,Copyright and Related Rights (Amendment) (Web Archive) Bill 2024,https://data.oireachtas.ie/ie/oireachtas/def/house/seanad,Seanad Éireann,Public,Lapsed,2024-04-08,2025-01-30,/legislation,2026-07-20,4613ccd953586670,First Stage,2024-04-08,26th Seanad,,1,3,Fintan Warfield,,https://data.oireachtas.ie/ie/oireachtas/member/id/Fintan-Warfield.S.2016-04-25,"[""Fintan Warfield"",""Lynn Boylan"",""Paul Gavan""]",[],source_uri_present,0,0,0,,,,,0,0,0,,first_stage,First Stage,20,First Stage,26th Seanad,4,8,2,first_stage-04,Lapsed|First Stage|26th Seanad|2024-04-08,editorial_summary_required,no_certified_debate,do_not_infer_from_speeches,2026-09-06T18:41:34.147654+00:00,6
https://data.oireachtas.ie/ie/oireachtas/bill/2024/23,https://data.oireachtas.ie/ie/oireachtas/bill/2024/23,23,2024,"Safety, Health and Welfare at Work (Formaldehyde) Bill 2024","Safety, Health and Welfare at Work (Formaldehyde) Bill 2024",https://data.oireachtas.ie/ie/oireachtas/def/house/seanad,Seanad Éireann,Public,Lapsed,2024-04-08,2025-01-30,/legislation,2026-07-20,a100b12735275c39,First Stage,2024-04-08,26th Seanad,,1,8,Vincent P. Martin,,https://data.oireachtas.ie/ie/oireachtas/member/id/Vincent-P-Martin.S.2020-06-29,"[""Gerard P. Craughwell"",""Malachai O'Hara"",""Pauline O'Reilly"",""Róisín Garvey"",""Sharon Keogan"",""Tom Clonan"",""Victor Boyhan"",""Vincent P. Martin""]",[],source_uri_present,0,0,0,,,,,0,0,0,,first_stage,First Stage,20,First Stage,26th Seanad,4,8,3,first_stage-04,Lapsed|First Stage|26th Seanad|2024-04-08,editorial_summary_required,no_certified_debate,do_not_infer_from_speeches,2026-09-06T18:41:34.147654+00:00,6
https://data.oireachtas.ie/ie/oireachtas/bill/2024/101,https://data.oireachtas.ie/ie/oireachtas/bill/2024/101,101,2024,Arts (Amendment) (Artist Workspaces) Bill 2024,Arts (Amendment) (Artist Workspaces) Bill 2024,https://data.oireachtas.ie/ie/oireachtas/def/house/seanad,Seanad Éireann,Public,Lapsed,2024-03-04,2025-01-30,/legislation,2026-07-20,5041e2cdefd1bca1,First Stage,2024-03-04,26th Seanad,,1,2,Fintan Warfield,,https://data.oireachtas.ie/ie/oireachtas/member/id/Fintan-Warfield.S.2016-04-25,"[""Fintan Warfield"",""Paul Gavan""]",[],source_uri_present,0,0,0,,,,,0,0,0,,first_stage,First Stage,20,First Stage,26th Seanad,4,8,4,first_stage-04,Lapsed|First Stage|26th Seanad|2024-03-04,editorial_summary_required,no_certified_debate,do_not_infer_from_speeches,2026-09-06T18:41:34.147654+00:00,6
https://data.oireachtas.ie/ie/oireachtas/bill/2024/16,https://data.oireachtas.ie/ie/oireachtas/bill/2024/16,16,2024,Fossil Fuel Products (Control of Advertising and Sponsorship) Bill 2024,Fossil Fuel Products (Control of Advertising and Sponsorship) Bill 2024,https://data.oireachtas.ie/ie/oireachtas/def/house/seanad,Seanad Éireann,Public,Lapsed,2024-02-26,2025-01-30,/legislation,2026-07-20,2add7c6b463be96f,First Stage,2024-02-26,26th Seanad,,1,3,Lynn Boylan,,https://data.oireachtas.ie/ie/oireachtas/member/id/Lynn-Boylan.S.2020-03-30,"[""Fintan Warfield"",""Lynn Boylan"",""Paul Gavan""]",[],source_uri_present,0,0,0,,,,,0,0,0,,first_stage,First Stage,20,First Stage,26th Seanad,4,8,5,first_stage-04,Lapsed|First Stage|26th Seanad|2024-02-26,editorial_summary_required,no_certified_debate,do_not_infer_from_speeches,2026-09-06T18:41:34.147654+00:00,6
https://data.oireachtas.ie/ie/oireachtas/bill/2024/12,https://data.oireachtas.ie/ie/oireachtas/bill/2024/12,12,2024,Improved Rail Passenger Rights with Compensation for Delays and Cancellations Bill 2024,Improved Rail Passenger Rights with Compensation for Delays and Cancellations Bill 2024,https://data.oireachtas.ie/ie/oireachtas/def/house/seanad,Seanad Éireann,Public,Lapsed,2024-02-26,2025-01-30,/legislation,2026-07-20,40b32b20627a6729,First Stage,2024-02-26,26th Seanad,,1,11,John McGahon,,https://data.oireachtas.ie/ie/oireachtas/member/id/John-McGahon.S.2020-03-30,"[""Aisling Dolan"",""Barry Ward"",""Emer Currie"",""Garret Ahearn"",""John Cummins"",""John McGahon"",""Martin Conway"",""Mary Seery Kearney"",""Micheál Carrigy"",""Regina Doherty"",""Tim Lombard""]",[],source_uri_present,0,0,0,,,,,0,0,0,,first_stage,First Stage,20,First Stage,26th Seanad,4,8,6,first_stage-04,Lapsed|First Stage|26th Seanad|2024-02-26,editorial_summary_required,no_certified_debate,do_not_infer_from_speeches,2026-09-06T18:41:34.147654+00:00,6
https://data.oireachtas.ie/ie/oireachtas/bill/2024/15,https://data.oireachtas.ie/ie/oireachtas/bill/2024/15,15,2024,Children’s Health (Kathleen Lynn National Children's Hospital) (Amendment) Bill 2024,Children’s Health (Kathleen Lynn National Children's Hospital) (Amendment) Bill 2024,https://data.oireachtas.ie/ie/oireachtas/def/house/seanad,Seanad Éireann,Public,Lapsed,2024-02-19,2025-01-30,/legislation,2026-07-20,2ad679d9cdaa8aa0,First Stage,2024-02-19,26th Seanad,,1,3,Fintan Warfield,,https://data.oireachtas.ie/ie/oireachtas/member/id/Fintan-Warfield.S.2016-04-25,"[""Fintan Warfield"",""Lynn Boylan"",""Paul Gavan""]",[],source_uri_present,0,0,0,,,,,0,0,0,,first_stage,First Stage,20,First Stage,26th Seanad,5,8,1,first_stage-05,Lapsed|First Stage|26th Seanad|2024-02-19,editorial_summary_required,no_certified_debate,do_not_infer_from_speeches,2026-09-06T18:41:34.147654+00:00,6
https://data.oireachtas.ie/ie/oireachtas/bill/2023/88,https://data.oireachtas.ie/ie/oireachtas/bill/2023/88,88,2023,Misuse of Drugs (Amendment) (Control of Nitrous Oxide) Bill 2023,Misuse of Drugs (Amendment) (Control of Nitrous Oxide) Bill 2023,https://data.oireachtas.ie/ie/oireachtas/def/house/seanad,Seanad Éireann,Public,Lapsed,2023-11-27,2025-01-30,/legislation,2026-07-20,9df67c7c3bbc2231,First Stage,2023-11-27,26th Seanad,,1,15,Regina Doherty,,https://data.oireachtas.ie/ie/oireachtas/member/id/Regina-Doherty.D.2011-03-09,"[""Aisling Dolan"",""Barry Ward"",""Emer Currie"",""Garret Ahearn"",""Joe O'Reilly"",""John Cummins"",""John McGahon"",""Maria Byrne"",""Martin Conway"",""Mary Seery Kearney"",""Micheál Carrigy"",""Paddy Burke"",""Regina Doherty"",""Seán Kyne"",""Tim Lombard""]",[],source_uri_present,0,0,0,,,,,0,0,0,,first_stage,First Stage,20,First Stage,26th Seanad,5,8,2,first_stage-05,Lapsed|First Stage|26th Seanad|2023-11-27,editorial_summary_required,no_certified_debate,do_not_infer_from_speeches,2026-09-06T18:41:34.147654+00:00,6
https://data.oireachtas.ie/ie/oireachtas/bill/2023/49,https://data.oireachtas.ie/ie/oireachtas/bill/2023/49,49,2023,Consumer Insurance Contracts (Amendment) Bill 2023,Consumer Insurance Contracts (Amendment) Bill 2023,https://data.oireachtas.ie/ie/oireachtas/def/house/seanad,Seanad Éireann,Public,Lapsed,2023-04-03,2025-01-30,/legislation,2026-07-20,17985481ed432614,First Stage,2023-04-03,26th Seanad,,1,1,Barry Ward,,https://data.oireachtas.ie/ie/oireachtas/member/id/Barry-Ward.S.2020-03-30,"[""Barry Ward""]",[],source_uri_present,0,0,0,,,,,0,0,0,,first_stage,First Stage,20,First Stage,26th Seanad,5,8,3,first_stage-05,Lapsed|First Stage|26th Seanad|2023-04-03,editorial_summary_required,no_certified_debate,do_not_infer_from_speeches,2026-09-06T18:41:34.147654+00:00,6
https://data.oireachtas.ie/ie/oireachtas/bill/2023/30,https://data.oireachtas.ie/ie/oireachtas/bill/2023/30,30,2023,Criminal Justice (Juvenile Offenders) Bill 2023,Criminal Justice (Juvenile Offenders) Bill 2023,https://data.oireachtas.ie/ie/oireachtas/def/house/seanad,Seanad Éireann,Public,Lapsed,2023-03-29,2025-01-30,/legislation,2026-07-20,401726cd7ae1815b,First Stage,2023-03-29,26th Seanad,,1,1,Barry Ward,,https://data.oireachtas.ie/ie/oireachtas/member/id/Barry-Ward.S.2020-03-30,"[""Barry Ward""]",[],source_uri_present,0,0,0,,,,,0,0,0,,first_stage,First Stage,20,First Stage,26th Seanad,5,8,4,first_stage-05,Lapsed|First Stage|26th Seanad|2023-03-29,editorial_summary_required,no_certified_debate,do_not_infer_from_speeches,2026-09-06T18:41:34.147654+00:00,6
https://data.oireachtas.ie/ie/oireachtas/bill/2023/22,https://data.oireachtas.ie/ie/oireachtas/bill/2023/22,22,2023,Child Care (Amendment) Bill 2023,Child Care (Amendment) Bill 2023,https://data.oireachtas.ie/ie/oireachtas/def/house/dail,Dáil Éireann,Public,Withdrawn,2023-03-20,2025-05-13,/legislation,2026-07-20,f0d467f695fba44e,First Stage,2023-03-20,33rd Dáil,,1,3,Seán Crowe,,https://data.oireachtas.ie/ie/oireachtas/member/id/Seán-Crowe.D.2002-06-06,"[""Aengus Ó Snodaigh"",""Maurice Quinlivan"",""Seán Crowe""]",[],source_uri_present,0,0,0,,,,,0,0,0,,first_stage,First Stage,20,First Stage,33rd Dáil,5,8,5,first_stage-05,Withdrawn|First Stage|33rd Dáil|2023-03-20,editorial_summary_required,no_certified_debate,do_not_infer_from_speeches,2026-09-06T18:41:34.147654+00:00,6
https://data.oireachtas.ie/ie/oireachtas/bill/2023/80,https://data.oireachtas.ie/ie/oireachtas/bill/2023/80,80,2023,Civil Legal Aid (Neighbours’ Dispute Mediation Services) Bill 2023,Civil Legal Aid (Neighbours’ Dispute Mediation Services) Bill 2023,https://data.oireachtas.ie/ie/oireachtas/def/house/seanad,Seanad Éireann,Public,Lapsed,2023-01-09,2025-01-30,/legislation,2026-07-20,f555cd7ba28e5f44,First Stage,2023-01-09,26th Seanad,,1,1,Micheál Carrigy,,https://data.oireachtas.ie/ie/oireachtas/member/id/Micheál-Carrigy.S.2020-03-30,"[""Micheál Carrigy""]",[],source_uri_present,0,0,0,,,,,0,0,0,,first_stage,First Stage,20,First Stage,26th Seanad,5,8,6,first_stage-05,Lapsed|First Stage|26th Seanad|2023-01-09,editorial_summary_required,no_certified_debate,do_not_infer_from_speeches,2026-09-06T18:41:34.147654+00:00,6
https://data.oireachtas.ie/ie/oireachtas/bill/2022/98,https://data.oireachtas.ie/ie/oireachtas/bill/2022/98,98,2022,Central Bank (Amendment) Bill 2022,Central Bank (Amendment) Bill 2022,https://data.oireachtas.ie/ie/oireachtas/def/house/seanad,Seanad Éireann,Public,Lapsed,2022-06-28,2025-01-30,/legislation,2026-07-20,3fa937301202a254,First Stage,2022-06-28,26th Seanad,,1,2,Catherine Ardagh,,https://data.oireachtas.ie/ie/oireachtas/member/id/Catherine-Ardagh.S.2016-04-25,"[""Catherine Ardagh"",""Jerry Buttimer""]",[],source_uri_present,0,0,0,,,,,0,0,0,,first_stage,First Stage,20,First Stage,26th Seanad,6,8,1,first_stage-06,Lapsed|First Stage|26th Seanad|2022-06-28,editorial_summary_required,no_certified_debate,do_not_infer_from_speeches,2026-09-06T18:41:34.147654+00:00,6
https://data.oireachtas.ie/ie/oireachtas/bill/2022/90,https://data.oireachtas.ie/ie/oireachtas/bill/2022/90,90,2022,"Broadcasting (Gender, Cultural and Other Diversities) Bill 2022","Broadcasting (Gender, Cultural and Other Diversities) Bill 2022",https://data.oireachtas.ie/ie/oireachtas/def/house/seanad,Seanad Éireann,Public,Lapsed,2022-05-03,2025-01-30,/legislation,2026-07-20,f9a2f4bb01420754,First Stage,2022-05-03,26th Seanad,,1,4,Marie Sherlock,,https://data.oireachtas.ie/ie/oireachtas/member/id/Marie-Sherlock.S.2020-03-30,"[""Annie Hoey"",""Marie Sherlock"",""Mark Wall"",""Rebecca Moynihan""]",[],source_uri_present,0,0,0,,,,,0,0,0,,first_stage,First Stage,20,First Stage,26th Seanad,6,8,2,first_stage-06,Lapsed|First Stage|26th Seanad|2022-05-03,editorial_summary_required,no_certified_debate,do_not_infer_from_speeches,2026-09-06T18:41:34.147654+00:00,6
https://data.oireachtas.ie/ie/oireachtas/bill/2022/50,https://data.oireachtas.ie/ie/oireachtas/bill/2022/50,50,2022,Right to Flexible Work Bill 2022,Right to Flexible Work Bill 2022,https://data.oireachtas.ie/ie/oireachtas/def/house/seanad,Seanad Éireann,Public,Lapsed,2022-03-10,2025-01-30,/legislation,2026-07-20,d4176411f3582220,First Stage,2022-03-10,26th Seanad,,1,4,Marie Sherlock,,https://data.oireachtas.ie/ie/oireachtas/member/id/Marie-Sherlock.S.2020-03-30,"[""Annie Hoey"",""Marie Sherlock"",""Mark Wall"",""Rebecca Moynihan""]",[],source_uri_present,0,0,0,,,,,0,0,0,,first_stage,First Stage,20,First Stage,26th Seanad,6,8,3,first_stage-06,Lapsed|First Stage|26th Seanad|2022-03-10,editorial_summary_required,no_certified_debate,do_not_infer_from_speeches,2026-09-06T18:41:34.147654+00:00,6
https://data.oireachtas.ie/ie/oireachtas/bill/2021/160,https://data.oireachtas.ie/ie/oireachtas/bill/2021/160,160,2021,Regulation of Air Traffic Over Sporting Events Bill 2021,Regulation of Air Traffic Over Sporting Events Bill 2021,https://data.oireachtas.ie/ie/oireachtas/def/house/seanad,Seanad Éireann,Public,Lapsed,2021-12-08,2025-01-30,/legislation,2026-07-20,580b17479c614f93,First Stage,2021-12-08,26th Seanad,,1,1,Vincent P. Martin,,https://data.oireachtas.ie/ie/oireachtas/member/id/Vincent-P-Martin.S.2020-06-29,"[""Vincent P. Martin""]",[],source_uri_present,0,0,0,,,,,0,0,0,,first_stage,First Stage,20,First Stage,26th Seanad,6,8,4,first_stage-06,Lapsed|First Stage|26th Seanad|2021-12-08,editorial_summary_required,no_certified_debate,do_not_infer_from_speeches,2026-09-06T18:41:34.147654+00:00,6
https://data.oireachtas.ie/ie/oireachtas/bill/2021/118,https://data.oireachtas.ie/ie/oireachtas/bill/2021/118,118,2021,Land and Conveyancing Law Reform (Amendment) Bill 2021,Land and Conveyancing Law Reform (Amendment) Bill 2021,https://data.oireachtas.ie/ie/oireachtas/def/house/seanad,Seanad Éireann,Public,Lapsed,2021-09-06,2025-01-30,/legislation,2026-07-20,f2d9ba720ec43a4d,First Stage,2021-09-06,26th Seanad,,1,4,Alice-Mary Higgins,,https://data.oireachtas.ie/ie/oireachtas/member/id/Alice-Mary-Higgins.S.2016-04-25,"[""Alice-Mary Higgins"",""Eileen Flynn"",""Frances Black"",""Lynn Ruane""]",[],source_uri_present,0,0,0,,,,,0,0,0,,first_stage,First Stage,20,First Stage,26th Seanad,6,8,5,first_stage-06,Lapsed|First Stage|26th Seanad|2021-09-06,editorial_summary_required,no_certified_debate,do_not_infer_from_speeches,2026-09-06T18:41:34.147654+00:00,6
https://data.oireachtas.ie/ie/oireachtas/bill/2021/94,https://data.oireachtas.ie/ie/oireachtas/bill/2021/94,94,2021,Worker Co-Operatives and Right To Buy Bill 2021,Worker Co-Operatives and Right To Buy Bill 2021,https://data.oireachtas.ie/ie/oireachtas/def/house/seanad,Seanad Éireann,Public,Lapsed,2021-05-19,2025-01-30,/legislation,2026-07-20,fcab57fe3e89d185,First Stage,2021-05-19,26th Seanad,,1,1,Paul Gavan,,https://data.oireachtas.ie/ie/oireachtas/member/id/Paul-Gavan.S.2016-04-25,"[""Paul Gavan""]",[],source_uri_present,0,0,0,,,,,0,0,0,,first_stage,First Stage,20,First Stage,26th Seanad,6,8,6,first_stage-06,Lapsed|First Stage|26th Seanad|2021-05-19,editorial_summary_required,no_certified_debate,do_not_infer_from_speeches,2026-09-06T18:41:34.147654+00:00,6
https://data.oireachtas.ie/ie/oireachtas/bill/2021/98,https://data.oireachtas.ie/ie/oireachtas/bill/2021/98,98,2021,National Minimum Wage (Removal of Sub-minimum Rates of Pay) Bill 2021,National Minimum Wage (Removal of Sub-minimum Rates of Pay) Bill 2021,https://data.oireachtas.ie/ie/oireachtas/def/house/seanad,Seanad Éireann,Public,Lapsed,2021-05-17,2025-01-30,/legislation,2026-07-20,95a38ab54257d06b,First Stage,2021-05-17,26th Seanad,,1,1,Paul Gavan,,https://data.oireachtas.ie/ie/oireachtas/member/id/Paul-Gavan.S.2016-04-25,"[""Paul Gavan""]",[],source_uri_present,0,0,0,,,,,0,0,0,,first_stage,First Stage,20,First Stage,26th Seanad,7,8,1,first_stage-07,Lapsed|First Stage|26th Seanad|2021-05-17,editorial_summary_required,no_certified_debate,do_not_infer_from_speeches,2026-09-06T18:41:34.147654+00:00,6
https://data.oireachtas.ie/ie/oireachtas/bill/2021/70,https://data.oireachtas.ie/ie/oireachtas/bill/2021/70,70,2021,Residential Tenancies (Amendment) Bill 2021,Residential Tenancies (Amendment) Bill 2021,https://data.oireachtas.ie/ie/oireachtas/def/house/seanad,Seanad Éireann,Public,Lapsed,2021-05-04,2025-01-30,/legislation,2026-07-20,7c7c1b1a75d54927,First Stage,2021-05-04,26th Seanad,,1,1,Barry Ward,,https://data.oireachtas.ie/ie/oireachtas/member/id/Barry-Ward.S.2020-03-30,"[""Barry Ward""]",[],source_uri_present,0,0,0,,,,,0,0,0,,first_stage,First Stage,20,First Stage,26th Seanad,7,8,2,first_stage-07,Lapsed|First Stage|26th Seanad|2021-05-04,editorial_summary_required,no_certified_debate,do_not_infer_from_speeches,2026-09-06T18:41:34.147654+00:00,6
https://data.oireachtas.ie/ie/oireachtas/bill/2021/68,https://data.oireachtas.ie/ie/oireachtas/bill/2021/68,68,2021,Protection of Employment (Platform Workers and Bogus Self-Employment) Bill 2021,Protection of Employment (Platform Workers and Bogus Self-Employment) Bill 2021,https://data.oireachtas.ie/ie/oireachtas/def/house/seanad,Seanad Éireann,Public,Lapsed,2021-04-09,2025-01-30,/legislation,2026-07-20,3b1978a004d44a0d,First Stage,2021-04-09,26th Seanad,,1,5,Marie Sherlock,,https://data.oireachtas.ie/ie/oireachtas/member/id/Marie-Sherlock.S.2020-03-30,"[""Annie Hoey"",""Ivana Bacik"",""Marie Sherlock"",""Mark Wall"",""Rebecca Moynihan""]",[],source_uri_present,0,0,0,,,,,0,0,0,,first_stage,First Stage,20,First Stage,26th Seanad,7,8,3,first_stage-07,Lapsed|First Stage|26th Seanad|2021-04-09,editorial_summary_required,no_certified_debate,do_not_infer_from_speeches,2026-09-06T18:41:34.147654+00:00,6
https://data.oireachtas.ie/ie/oireachtas/bill/2021/30,https://data.oireachtas.ie/ie/oireachtas/bill/2021/30,30,2021,Health Insurance (International Students) (Amendment) Bill 2021,Health Insurance (International Students) (Amendment) Bill 2021,https://data.oireachtas.ie/ie/oireachtas/def/house/seanad,Seanad Éireann,Public,Lapsed,2021-03-01,2025-01-30,/legislation,2026-07-20,5a5e3eebc846ecc7,First Stage,2021-03-01,26th Seanad,,1,3,Malcolm Byrne,,https://data.oireachtas.ie/ie/oireachtas/member/id/Malcolm-Byrne.D.2019-11-29,"[""Lisa Chambers"",""Malcolm Byrne"",""Shane Cassells""]",[],source_uri_present,0,0,0,,,,,0,0,0,,first_stage,First Stage,20,First Stage,26th Seanad,7,8,4,first_stage-07,Lapsed|First Stage|26th Seanad|2021-03-01,editorial_summary_required,no_certified_debate,do_not_infer_from_speeches,2026-09-06T18:41:34.147654+00:00,6
https://data.oireachtas.ie/ie/oireachtas/bill/2021/31,https://data.oireachtas.ie/ie/oireachtas/bill/2021/31,31,2021,Taxi Regulation (Amendment) Bill 2021,Taxi Regulation (Amendment) Bill 2021,https://data.oireachtas.ie/ie/oireachtas/def/house/seanad,Seanad Éireann,Public,Lapsed,2021-02-24,2025-01-30,/legislation,2026-07-20,36103b45bea310c5,First Stage,2021-02-24,26th Seanad,,1,3,Joe O'Reilly,,https://data.oireachtas.ie/ie/oireachtas/member/id/Joe-O'Reilly.S.1989-10-01,"[""Barry Ward"",""Jerry Buttimer"",""Joe O'Reilly""]",[],source_uri_present,0,0,0,,,,,0,0,0,,first_stage,First Stage,20,First Stage,26th Seanad,7,8,5,first_stage-07,Lapsed|First Stage|26th Seanad|2021-02-24,editorial_summary_required,no_certified_debate,do_not_infer_from_speeches,2026-09-06T18:41:34.147654+00:00,6
https://data.oireachtas.ie/ie/oireachtas/bill/2021/29,https://data.oireachtas.ie/ie/oireachtas/bill/2021/29,29,2021,Adoption (Information and Tracing) Bill 2021,Adoption (Information and Tracing) Bill 2021,https://data.oireachtas.ie/ie/oireachtas/def/house/seanad,Seanad Éireann,Public,Lapsed,2021-02-09,2025-01-30,/legislation,2026-07-20,22c0f215dfef2dac,First Stage,2021-02-09,26th Seanad,,1,5,Ivana Bacik,,https://data.oireachtas.ie/ie/oireachtas/member/id/Ivana-Bacik.S.2007-07-23,"[""Annie Hoey"",""Ivana Bacik"",""Marie Sherlock"",""Mark Wall"",""Rebecca Moynihan""]",[],source_uri_present,0,0,0,,,,,0,0,0,,first_stage,First Stage,20,First Stage,26th Seanad,7,8,6,first_stage-07,Lapsed|First Stage|26th Seanad|2021-02-09,editorial_summary_required,no_certified_debate,do_not_infer_from_speeches,2026-09-06T18:41:34.147654+00:00,6
https://data.oireachtas.ie/ie/oireachtas/bill/2021/12,https://data.oireachtas.ie/ie/oireachtas/bill/2021/12,12,2021,Criminal Procedure and Related Matters Bill 2021,Criminal Procedure and Related Matters Bill 2021,https://data.oireachtas.ie/ie/oireachtas/def/house/seanad,Seanad Éireann,Public,Lapsed,2021-01-28,2025-01-30,/legislation,2026-07-20,6bd9ab5e1c6d1505,First Stage,2021-01-28,26th Seanad,,1,3,Barry Ward,,https://data.oireachtas.ie/ie/oireachtas/member/id/Barry-Ward.S.2020-03-30,"[""Barry Ward"",""Martin Conway"",""Mary Seery Kearney""]",[],source_uri_present,0,0,0,,,,,0,0,0,,first_stage,First Stage,20,First Stage,26th Seanad,8,8,1,first_stage-08,Lapsed|First Stage|26th Seanad|2021-01-28,editorial_summary_required,no_certified_debate,do_not_infer_from_speeches,2026-09-06T18:41:34.147654+00:00,6
https://data.oireachtas.ie/ie/oireachtas/bill/2021/2,https://data.oireachtas.ie/ie/oireachtas/bill/2021/2,2,2021,Period Products (Free Provision) Bill 2021,Period Products (Free Provision) Bill 2021,https://data.oireachtas.ie/ie/oireachtas/def/house/seanad,Seanad Éireann,Public,Lapsed,2021-01-08,2025-01-30,/legislation,2026-07-20,66c48c4e2bb56261,First Stage,2021-01-08,26th Seanad,,1,5,Rebecca Moynihan,,https://data.oireachtas.ie/ie/oireachtas/member/id/Rebecca-Moynihan.S.2020-03-30,"[""Annie Hoey"",""Ivana Bacik"",""Marie Sherlock"",""Mark Wall"",""Rebecca Moynihan""]",[],source_uri_present,0,0,0,,,,,0,0,0,,first_stage,First Stage,20,First Stage,26th Seanad,8,8,2,first_stage-08,Lapsed|First Stage|26th Seanad|2021-01-08,editorial_summary_required,no_certified_debate,do_not_infer_from_speeches,2026-09-06T18:41:34.147654+00:00,6
https://data.oireachtas.ie/ie/oireachtas/bill/2020/52,https://data.oireachtas.ie/ie/oireachtas/bill/2020/52,52,2020,Criminal Justice (Hate Crime) Bill 2020,Criminal Justice (Hate Crime) Bill 2020,https://data.oireachtas.ie/ie/oireachtas/def/house/seanad,Seanad Éireann,Public,Lapsed,2020-11-02,2025-01-30,/legislation,2026-07-20,8c5f66ea51e35d7e,First Stage,2020-11-02,26th Seanad,,1,3,Fiona O'Loughlin,,https://data.oireachtas.ie/ie/oireachtas/member/id/Fiona-O'Loughlin.D.2016-10-03,"[""Fiona O'Loughlin"",""Lisa Chambers"",""Robbie Gallagher""]",[],source_uri_present,0,0,0,,,,,0,0,0,,first_stage,First Stage,20,First Stage,26th Seanad,8,8,3,first_stage-08,Lapsed|First Stage|26th Seanad|2020-11-02,editorial_summary_required,no_certified_debate,do_not_infer_from_speeches,2026-09-06T18:41:34.147654+00:00,6
https://data.oireachtas.ie/ie/oireachtas/bill/2020/31,https://data.oireachtas.ie/ie/oireachtas/bill/2020/31,31,2020,State Airports (Shannon Group) (Amendment) Bill 2020,State Airports (Shannon Group) (Amendment) Bill 2020,https://data.oireachtas.ie/ie/oireachtas/def/house/seanad,Seanad Éireann,Public,Lapsed,2020-09-15,2025-01-30,/legislation,2026-07-20,3c09dda6c75d378f,First Stage,2020-09-15,26th Seanad,,1,3,Martin Conway,,https://data.oireachtas.ie/ie/oireachtas/member/id/Martin-Conway.S.2011-05-25,"[""Aisling Dolan"",""Garret Ahearn"",""Martin Conway""]",[],source_uri_present,0,0,0,,,,,0,0,0,,first_stage,First Stage,20,First Stage,26th Seanad,8,8,4,first_stage-08,Lapsed|First Stage|26th Seanad|2020-09-15,editorial_summary_required,no_certified_debate,do_not_infer_from_speeches,2026-09-06T18:41:34.147654+00:00,6
https://data.oireachtas.ie/ie/oireachtas/bill/2017/128,https://data.oireachtas.ie/ie/oireachtas/bill/2017/128,128,2017,Regional Technical Colleges (Amendment) Bill 2017,Regional Technical Colleges (Amendment) Bill 2017,https://data.oireachtas.ie/ie/oireachtas/def/house/seanad,Seanad Éireann,Public,Lapsed,2017-11-09,2025-01-30,/legislation,2026-07-20,3449677e51e47423,First Stage,2017-11-09,25th Seanad,,1,3,Paddy Burke,,https://data.oireachtas.ie/ie/oireachtas/member/id/Paddy-Burke.S.1993-02-17,"[""John O'Mahony"",""Michelle Mulherin"",""Paddy Burke""]",[],source_uri_present,0,0,0,,,,,0,0,0,,first_stage,First Stage,20,First Stage,25th Seanad,8,8,5,first_stage-08,Lapsed|First Stage|25th Seanad|2017-11-09,editorial_summary_required,no_certified_debate,do_not_infer_from_speeches,2026-09-06T18:41:34.147654+00:00,6
https://data.oireachtas.ie/ie/oireachtas/bill/2026/81,https://data.oireachtas.ie/ie/oireachtas/bill/2026/81,81,2026,Electoral (Postal Voting) (Carers) Bill 2026,Electoral (Postal Voting) (Carers) Bill 2026,https://data.oireachtas.ie/ie/oireachtas/def/house/dail,Dáil Éireann,Public,Current,2026-07-15,2026-07-17,/legislation,2026-08-01,09f2e94208b93792,Second Stage,2026-07-16,34th Dáil,Current,2,1,Mark Wall,,https://data.oireachtas.ie/ie/oireachtas/member/id/Mark-Wall.S.2020-03-30,"[""Mark Wall""]",[],source_uri_present,0,0,0,,,,,0,0,0,,second_stage,Second Stage,30,Second Stage,34th Dáil,1,30,1,second_stage-01,Current|Second Stage|34th Dáil|2026-07-16,editorial_summary_required,no_certified_debate,do_not_infer_from_speeches,2026-09-06T18:41:34.147654+00:00,6
https://data.oireachtas.ie/ie/oireachtas/bill/2026/80,https://data.oireachtas.ie/ie/oireachtas/bill/2026/80,80,2026,Defence (Amendment) (No. 2) Bill 2026,Defence (Amendment) (No. 2) Bill 2026,https://data.oireachtas.ie/ie/oireachtas/def/house/dail,Dáil Éireann,Public,Current,2026-06-10,2026-07-10,/legislation,2026-08-01,7e2c68a67c5f121c,Second Stage,2026-07-09,34th Dáil,Current,2,3,Paul Murphy,,https://data.oireachtas.ie/ie/oireachtas/member/id/Paul-Murphy.D.2014-10-10,"[""Paul Murphy"",""Richard Boyd Barrett"",""Ruth Coppinger""]",[],source_uri_present,0,0,0,,,,,0,0,0,,second_stage,Second Stage,30,Second Stage,34th Dáil,1,30,2,second_stage-01,Current|Second Stage|34th Dáil|2026-07-09,editorial_summary_required,no_certified_debate,do_not_infer_from_speeches,2026-09-06T18:41:34.147654+00:00,6
https://data.oireachtas.ie/ie/oireachtas/bill/2026/79,https://data.oireachtas.ie/ie/oireachtas/bill/2026/79,79,2026,Adult Safeguarding Strategy Bill 2026,Adult Safeguarding Strategy Bill 2026,https://data.oireachtas.ie/ie/oireachtas/def/house/seanad,Seanad Éireann,Public,Current,2026-06-25,2026-07-09,/legislation,2026-08-01,f70867f8dd2542eb,Second Stage,2026-07-08,27th Seanad,Current,2,21,Tom Clonan,,https://data.oireachtas.ie/ie/oireachtas/member/id/Tom-Clonan.S.2022-04-04,"[""Alice-Mary Higgins"",""Aubrey McCarthy"",""Chris Andrews"",""Conor Murphy"",""Frances Black"",""Gerard P. Craughwell"",""Joanne Collins"",""Joe Conway"",""Laura Harmon"",""Lynn Ruane"",""Malcolm Noonan"",""Maria McCormack"",""Michael McDowell"",""Nessa Cosgrove"",""Patricia Stephenson"",""Pauline Tully"",""Rónán Mullen"",""Sarah O'Reilly"",""Sharon Keogan"",""Tom Clonan"",""Victor Boyhan""]",[],source_uri_present,0,0,0,,,,,0,0,0,,second_stage,Second Stage,30,Second Stage,27th Seanad,1,30,3,second_stage-01,Current|Second Stage|27th Seanad|2026-07-08,editorial_summary_required,no_certified_debate,do_not_infer_from_speeches,2026-09-06T18:41:34.147654+00:00,6
https://data.oireachtas.ie/ie/oireachtas/bill/2026/78,https://data.oireachtas.ie/ie/oireachtas/bill/2026/78,78,2026,Prevention of Energy Wastage Bill 2026,Prevention of Energy Wastage Bill 2026,https://data.oireachtas.ie/ie/oireachtas/def/house/dail,Dáil Éireann,Public,Current,2026-05-21,2026-07-03,/legislation,2026-08-01,d07c207ba477993f,Second Stage,2026-07-02,34th Dáil,Current,2,1,Jennifer Whitmore,,https://data.oireachtas.ie/ie/oireachtas/member/id/Jennifer-Whitmore.D.2020-02-08,"[""Jennifer Whitmore""]",[],source_uri_present,0,0,0,,,,,0,0,0,,second_stage,Second Stage,30,Second Stage,34th Dáil,1,30,4,second_stage-01,Current|Second Stage|34th Dáil|2026-07-02,editorial_summary_required,no_certified_debate,do_not_infer_from_speeches,2026-09-06T18:41:34.147654+00:00,6
https://data.oireachtas.ie/ie/oireachtas/bill/2026/36,https://data.oireachtas.ie/ie/oireachtas/bill/2026/36,36,2026,Public Health (Tobacco Products and Nicotine Inhaling Products) (Amendment) Bill 2026,Public Health (Tobacco Products and Nicotine Inhaling Products) (Amendment) Bill 2026,https://data.oireachtas.ie/ie/oireachtas/def/house/dail,Dáil Éireann,Public,Current,2026-04-07,2026-06-30,/legislation,2026-08-01,21e7d02fd10daf37,Second Stage,2026-06-24,27th Seanad,Current,6,1,,Minister for Health,,[],"[""Minister for Health""]",role_or_office_only,3,40,2,https://data.oireachtas.ie/ie/oireachtas/division/house/dail/34/2026-06-24/vote_154,2026-06-24,Amendment put:,Lost,43,98,0,recorded_division_available,second_stage,Second Stage,30,Second Stage,27th Seanad,1,30,5,second_stage-01,Current|Second Stage|27th Seanad|2026-06-24,editorial_summary_required,certified_debate_available,recorded_vote_evidence_available,2026-09-06T18:41:34.147654+00:00,6
https://data.oireachtas.ie/ie/oireachtas/bill/2026/73,https://data.oireachtas.ie/ie/oireachtas/bill/2026/73,73,2026,Anti-Shrinkflation Bill 2026,Anti-Shrinkflation Bill 2026,https://data.oireachtas.ie/ie/oireachtas/def/house/dail,Dáil Éireann,Public,Current,2026-06-10,2026-06-24,/legislation,2026-07-20,f41ff4c42dfdd42b,Second Stage,2026-06-23,34th Dáil,Current,2,2,Holly Cairns,,https://data.oireachtas.ie/ie/oireachtas/member/id/Holly-Cairns.D.2020-02-08,"[""Holly Cairns"",""Sinéad Gibney""]",[],source_uri_present,1,5,0,,,,,0,0,0,no_recorded_division,second_stage,Second Stage,30,Second Stage,34th Dáil,1,30,6,second_stage-01,Current|Second Stage|34th Dáil|2026-06-23,editorial_summary_required,certified_debate_available,do_not_infer_from_speeches,2026-09-06T18:41:34.147654+00:00,6
https://data.oireachtas.ie/ie/oireachtas/bill/2026/68,https://data.oireachtas.ie/ie/oireachtas/bill/2026/68,68,2026,Electricity Regulation (Amendment) (No. 2) Bill 2026,Electricity Regulation (Amendment) (No. 2) Bill 2026,https://data.oireachtas.ie/ie/oireachtas/def/house/dail,Dáil Éireann,Public,Current,2026-06-03,2026-06-18,/legislation,2026-07-20,7b9119958bc97947,Second Stage,2026-06-17,34th Dáil,Current,2,1,Barry Heneghan,,https://data.oireachtas.ie/ie/oireachtas/member/id/Barry-Heneghan.D.2024-11-29,"[""Barry Heneghan""]",[],source_uri_present,0,0,0,,,,,0,0,0,,second_stage,Second Stage,30,Second Stage,34th Dáil,2,30,1,second_stage-02,Current|Second Stage|34th Dáil|2026-06-17,editorial_summary_required,no_certified_debate,do_not_infer_from_speeches,2026-09-06T18:41:34.147654+00:00,6
https://data.oireachtas.ie/ie/oireachtas/bill/2026/67,https://data.oireachtas.ie/ie/oireachtas/bill/2026/67,67,2026,Health (Amendment) Bill 2026,Health (Amendment) Bill 2026,https://data.oireachtas.ie/ie/oireachtas/def/house/dail,Dáil Éireann,Public,Current,2025-07-31,2026-06-18,/legislation,2026-07-20,8e367d996b8b80d1,Second Stage,2026-06-17,34th Dáil,Current,2,2,Louise O'Reilly,,https://data.oireachtas.ie/ie/oireachtas/member/id/Louise-O'Reilly.D.2016-10-03,"[""David Cullinane"",""Louise O'Reilly""]",[],source_uri_present,0,0,0,,,,,0,0,0,,second_stage,Second Stage,30,Second Stage,34th Dáil,2,30,2,second_stage-02,Current|Second Stage|34th Dáil|2026-06-17,editorial_summary_required,no_certified_debate,do_not_infer_from_speeches,2026-09-06T18:41:34.147654+00:00,6
https://data.oireachtas.ie/ie/oireachtas/bill/2026/66,https://data.oireachtas.ie/ie/oireachtas/bill/2026/66,66,2026,School Meals Nutritional Standards Bill 2026,School Meals Nutritional Standards Bill 2026,https://data.oireachtas.ie/ie/oireachtas/def/house/dail,Dáil Éireann,Public,Current,2026-06-15,2026-06-17,/legislation,2026-07-20,775bb22ae54db9bb,Second Stage,2026-06-16,34th Dáil,Current,2,1,Jen Cummins,,https://data.oireachtas.ie/ie/oireachtas/member/id/Jen-Cummins.D.2024-11-29,"[""Jen Cummins""]",[],source_uri_present,0,0,0,,,,,0,0,0,,second_stage,Second Stage,30,Second Stage,34th Dáil,2,30,3,second_stage-02,Current|Second Stage|34th Dáil|2026-06-16,editorial_summary_required,no_certified_debate,do_not_infer_from_speeches,2026-09-06T18:41:34.147654+00:00,6
https://data.oireachtas.ie/ie/oireachtas/bill/2026/64,https://data.oireachtas.ie/ie/oireachtas/bill/2026/64,64,2026,Forestry (Critical Infrastructure) (Amendment) Bill 2026,Forestry (Critical Infrastructure) (Amendment) Bill 2026,https://data.oireachtas.ie/ie/oireachtas/def/house/dail,Dáil Éireann,Public,Current,2026-06-09,2026-06-17,/legislation,2026-07-20,9228c56af9d4c252,Second Stage,2026-06-16,34th Dáil,Current,2,2,Martin Kenny,,https://data.oireachtas.ie/ie/oireachtas/member/id/Martin-Kenny.D.2016-10-03,"[""Claire Kerrane"",""Martin Kenny""]",[],source_uri_present,0,0,0,,,,,0,0,0,,second_stage,Second Stage,30,Second Stage,34th Dáil,2,30,4,second_stage-02,Current|Second Stage|34th Dáil|2026-06-16,editorial_summary_required,no_certified_debate,do_not_infer_from_speeches,2026-09-06T18:41:34.147654+00:00,6
https://data.oireachtas.ie/ie/oireachtas/bill/2026/61,https://data.oireachtas.ie/ie/oireachtas/bill/2026/61,61,2026,Prohibition of Sulky-Racing Bill 2026,Prohibition of Sulky-Racing Bill 2026,https://data.oireachtas.ie/ie/oireachtas/def/house/dail,Dáil Éireann,Public,Current,2026-05-14,2026-06-11,/legislation,2026-07-20,b3145c4edf7b2c7e,Second Stage,2026-06-10,34th Dáil,Current,2,1,Mattie McGrath,,https://data.oireachtas.ie/ie/oireachtas/member/id/Mattie-McGrath.D.2007-06-14,"[""Mattie McGrath""]",[],source_uri_present,1,5,0,,,,,0,0,0,no_recorded_division,second_stage,Second Stage,30,Second Stage,34th Dáil,2,30,5,second_stage-02,Current|Second Stage|34th Dáil|2026-06-10,editorial_summary_required,certified_debate_available,do_not_infer_from_speeches,2026-09-06T18:41:34.147654+00:00,6
https://data.oireachtas.ie/ie/oireachtas/bill/2026/60,https://data.oireachtas.ie/ie/oireachtas/bill/2026/60,60,2026,Electoral (Amendment) (Voting Age) Bill 2026,Electoral (Amendment) (Voting Age) Bill 2026,https://data.oireachtas.ie/ie/oireachtas/def/house/seanad,Seanad Éireann,Public,Current,2026-06-08,2026-07-16,/legislation,2026-07-20,722ebb488b7a341b,Second Stage,2026-06-10,27th Seanad,Current,2,6,Joanne Collins,,https://data.oireachtas.ie/ie/oireachtas/member/id/Joanne-Collins.S.2025-01-29,"[""Chris Andrews"",""Conor Murphy"",""Joanne Collins"",""Maria McCormack"",""Nicole Ryan"",""Pauline Tully""]",[],source_uri_present,0,0,0,,,,,0,0,0,,second_stage,Second Stage,30,Second Stage,27th Seanad,2,30,6,second_stage-02,Current|Second Stage|27th Seanad|2026-06-10,editorial_summary_required,no_certified_debate,do_not_infer_from_speeches,2026-09-06T18:41:34.147654+00:00,6
https://data.oireachtas.ie/ie/oireachtas/bill/2026/19,https://data.oireachtas.ie/ie/oireachtas/bill/2026/19,19,2026,Media Regulation Bill 2026,Media Regulation Bill 2026,https://data.oireachtas.ie/ie/oireachtas/def/house/dail,Dáil Éireann,Public,Current,2026-02-26,2026-06-12,/legislation,2026-07-20,422e938022609d8c,Second Stage,2026-06-10,27th Seanad,,6,1,,"Minister for Culture, Communications and Sport",,[],"[""Minister for Culture, Communications and Sport""]",role_or_office_only,3,21,0,,,,,0,0,0,no_recorded_division,second_stage,Second Stage,30,Second Stage,27th Seanad,3,30,1,second_stage-03,Current|Second Stage|27th Seanad|2026-06-10,editorial_summary_required,certified_debate_available,do_not_infer_from_speeches,2026-09-06T18:41:34.147654+00:00,6
https://data.oireachtas.ie/ie/oireachtas/bill/2026/54,https://data.oireachtas.ie/ie/oireachtas/bill/2026/54,54,2026,Broadcasting (Amendment) Bill 2026,Broadcasting (Amendment) Bill 2026,https://data.oireachtas.ie/ie/oireachtas/def/house/dail,Dáil Éireann,Public,Current,2026-05-27,2026-06-11,/legislation,2026-07-20,1d23018e60439329,Second Stage,2026-05-28,34th Dáil,,2,1,,"Minister for Culture, Communications and Sport",,[],"[""Minister for Culture, Communications and Sport""]",role_or_office_only,4,34,1,https://data.oireachtas.ie/ie/oireachtas/division/house/dail/34/2026-06-10/vote_132,2026-06-10,"Question put: ""That the Bill be now read a Second Time.""",Carried,102,44,0,recorded_division_available,second_stage,Second Stage,30,Second Stage,34th Dáil,3,30,2,second_stage-03,Current|Second Stage|34th Dáil|2026-05-28,editorial_summary_required,certified_debate_available,recorded_vote_evidence_available,2026-09-06T18:41:34.147654+00:00,6
https://data.oireachtas.ie/ie/oireachtas/bill/2026/50,https://data.oireachtas.ie/ie/oireachtas/bill/2026/50,50,2026,Comptroller and Auditor General (Due Diligence Complicity Audit) (Amendment) Bill 2026,Comptroller and Auditor General (Due Diligence Complicity Audit) (Amendment) Bill 2026,https://data.oireachtas.ie/ie/oireachtas/def/house/dail,Dáil Éireann,Public,Current,2026-01-19,2026-05-13,/legislation,2026-07-20,87c2a4c826cb37ba,Second Stage,2026-05-12,34th Dáil,Current,2,4,Aengus Ó Snodaigh,,https://data.oireachtas.ie/ie/oireachtas/member/id/Aengus-Ó-Snodaigh.D.2002-06-06,"[""Aengus Ó Snodaigh"",""Donnchadh Ó Laoghaire"",""John Brady"",""Shónagh Ní Raghallaigh""]",[],source_uri_present,1,11,0,,,,,0,0,0,no_recorded_division,second_stage,Second Stage,30,Second Stage,34th Dáil,3,30,3,second_stage-03,Current|Second Stage|34th Dáil|2026-05-12,editorial_summary_required,certified_debate_available,do_not_infer_from_speeches,2026-09-06T18:41:34.147654+00:00,6
https://data.oireachtas.ie/ie/oireachtas/bill/2026/49,https://data.oireachtas.ie/ie/oireachtas/bill/2026/49,49,2026,National Minimum Wage (Equal Pay for Apprentices and Young Workers) Bill 2026,National Minimum Wage (Equal Pay for Apprentices and Young Workers) Bill 2026,https://data.oireachtas.ie/ie/oireachtas/def/house/dail,Dáil Éireann,Public,Current,2026-04-15,2026-05-13,/legislation,2026-07-20,069df1e2fd1779b6,Second Stage,2026-05-12,34th Dáil,Current,2,3,Paul Murphy,,https://data.oireachtas.ie/ie/oireachtas/member/id/Paul-Murphy.D.2014-10-10,"[""Paul Murphy"",""Richard Boyd Barrett"",""Ruth Coppinger""]",[],source_uri_present,1,6,0,,,,,0,0,0,no_recorded_division,second_stage,Second Stage,30,Second Stage,34th Dáil,3,30,4,second_stage-03,Current|Second Stage|34th Dáil|2026-05-12,editorial_summary_required,certified_debate_available,do_not_infer_from_speeches,2026-09-06T18:41:34.147654+00:00,6
https://data.oireachtas.ie/ie/oireachtas/bill/2026/47,https://data.oireachtas.ie/ie/oireachtas/bill/2026/47,47,2026,Health (Abolition of Three Day Wait Rule) (Amendment) Bill 2026,Health (Abolition of Three Day Wait Rule) (Amendment) Bill 2026,https://data.oireachtas.ie/ie/oireachtas/def/house/dail,Dáil Éireann,Public,Current,2026-05-06,2026-06-18,/legislation,2026-07-20,d6b60c928dc2659e,Second Stage,2026-05-07,34th Dáil,,2,1,David Cullinane,,https://data.oireachtas.ie/ie/oireachtas/member/id/David-Cullinane.S.2011-05-25,"[""David Cullinane""]",[],source_uri_present,3,39,1,https://data.oireachtas.ie/ie/oireachtas/division/house/dail/34/2026-06-17/vote_149,2026-06-17,Question put:,Carried,86,70,0,recorded_division_available,second_stage,Second Stage,30,Second Stage,34th Dáil,3,30,5,second_stage-03,Current|Second Stage|34th Dáil|2026-05-07,editorial_summary_required,certified_debate_available,recorded_vote_evidence_available,2026-09-06T18:41:34.147654+00:00,6
https://data.oireachtas.ie/ie/oireachtas/bill/2026/46,https://data.oireachtas.ie/ie/oireachtas/bill/2026/46,46,2026,Work Life Balance Bill 2026,Work Life Balance Bill 2026,https://data.oireachtas.ie/ie/oireachtas/def/house/dail,Dáil Éireann,Public,Current,2026-04-02,2026-05-08,/legislation,2026-07-20,b3145f0b1d746409,Second Stage,2026-05-07,34th Dáil,Current,2,1,Sinéad Gibney,,https://data.oireachtas.ie/ie/oireachtas/member/id/Sinéad-Gibney.D.2024-11-29,"[""Sinéad Gibney""]",[],source_uri_present,1,5,0,,,,,0,0,0,no_recorded_division,second_stage,Second Stage,30,Second Stage,34th Dáil,3,30,6,second_stage-03,Current|Second Stage|34th Dáil|2026-05-07,editorial_summary_required,certified_debate_available,do_not_infer_from_speeches,2026-09-06T18:41:34.147654+00:00,6
https://data.oireachtas.ie/ie/oireachtas/bill/2026/45,https://data.oireachtas.ie/ie/oireachtas/bill/2026/45,45,2026,Residential Tenancies (Temporary Prohibition of Termination Notices) Bill 2026,Residential Tenancies (Temporary Prohibition of Termination Notices) Bill 2026,https://data.oireachtas.ie/ie/oireachtas/def/house/dail,Dáil Éireann,Public,Current,2026-04-16,2026-05-07,/legislation,2026-07-20,b84f8e18bddcf0c4,Second Stage,2026-05-06,34th Dáil,Current,2,1,Conor Sheehan,,https://data.oireachtas.ie/ie/oireachtas/member/id/Conor-Sheehan.D.2024-11-29,"[""Conor Sheehan""]",[],source_uri_present,0,0,0,,,,,0,0,0,,second_stage,Second Stage,30,Second Stage,34th Dáil,4,30,1,second_stage-04,Current|Second Stage|34th Dáil|2026-05-06,editorial_summary_required,no_certified_debate,do_not_infer_from_speeches,2026-09-06T18:41:34.147654+00:00,6
https://data.oireachtas.ie/ie/oireachtas/bill/2026/43,https://data.oireachtas.ie/ie/oireachtas/bill/2026/43,43,2026,Garda Síochána (Recording Devices) (Amendment) Bill 2026,Garda Síochána (Recording Devices) (Amendment) Bill 2026,https://data.oireachtas.ie/ie/oireachtas/def/house/dail,Dáil Éireann,Public,Current,2026-04-02,2026-06-04,/legislation,2026-07-20,c05af2f9532ea531,Second Stage,2026-05-06,34th Dáil,,2,5,James Geoghegan,,https://data.oireachtas.ie/ie/oireachtas/member/id/James-Geoghegan.D.2024-11-29,"[""Emer Currie"",""Grace Boland"",""James Geoghegan"",""Maeve O'Connell"",""Naoise Ó Muirí""]",[],source_uri_present,1,5,0,,,,,0,0,0,no_recorded_division,second_stage,Second Stage,30,Second Stage,34th Dáil,4,30,2,second_stage-04,Current|Second Stage|34th Dáil|2026-05-06,editorial_summary_required,certified_debate_available,do_not_infer_from_speeches,2026-09-06T18:41:34.147654+00:00,6
https://data.oireachtas.ie/ie/oireachtas/bill/2026/41,https://data.oireachtas.ie/ie/oireachtas/bill/2026/41,41,2026,Local Government (Cities) Bill 2026,Local Government (Cities) Bill 2026,https://data.oireachtas.ie/ie/oireachtas/def/house/dail,Dáil Éireann,Public,Current,2026-04-02,2026-04-29,/legislation,2026-07-20,12ff586b42028fbb,Second Stage,2026-04-28,34th Dáil,Current,2,1,Joanna Byrne,,https://data.oireachtas.ie/ie/oireachtas/member/id/Joanna-Byrne.D.2024-11-29,"[""Joanna Byrne""]",[],source_uri_present,1,5,0,,,,,0,0,0,no_recorded_division,second_stage,Second Stage,30,Second Stage,34th Dáil,4,30,3,second_stage-04,Current|Second Stage|34th Dáil|2026-04-28,editorial_summary_required,certified_debate_available,do_not_infer_from_speeches,2026-09-06T18:41:34.147654+00:00,6
https://data.oireachtas.ie/ie/oireachtas/bill/2026/39,https://data.oireachtas.ie/ie/oireachtas/bill/2026/39,39,2026,Valuation (Amendment) Bill 2026,Valuation (Amendment) Bill 2026,https://data.oireachtas.ie/ie/oireachtas/def/house/dail,Dáil Éireann,Public,Current,2026-04-02,2026-04-28,/legislation,2026-07-20,1eb35941c0c81679,Second Stage,2026-04-23,34th Dáil,Current,2,19,Emer Currie,,https://data.oireachtas.ie/ie/oireachtas/member/id/Emer-Currie.S.2020-06-29,"[""Brian Brennan"",""Catherine Callaghan"",""Colm Burke"",""David Maxwell"",""Edward Timmins"",""Emer Currie"",""Grace Boland"",""James Geoghegan"",""Joe Neville"",""John Clendennen"",""John Paul O'Shea"",""Keira Keogh"",""Maeve O'Connell"",""Michael Murphy"",""Micheál Carrigy"",""Naoise Ó Muirí"",""Noel McCarthy"",""Paula Butterly"",""Peter Roche""]",[],source_uri_present,1,6,0,,,,,0,0,0,no_recorded_division,second_stage,Second Stage,30,Second Stage,34th Dáil,4,30,4,second_stage-04,Current|Second Stage|34th Dáil|2026-04-23,editorial_summary_required,certified_debate_available,do_not_infer_from_speeches,2026-09-06T18:41:34.147654+00:00,6
https://data.oireachtas.ie/ie/oireachtas/bill/2026/38,https://data.oireachtas.ie/ie/oireachtas/bill/2026/38,38,2026,Life Annuity (Ireland) Bill 2026,Life Annuity (Ireland) Bill 2026,https://data.oireachtas.ie/ie/oireachtas/def/house/dail,Dáil Éireann,Public,Current,2026-04-02,2026-04-22,/legislation,2026-07-20,920e1cbe13685ae8,Second Stage,2026-04-21,34th Dáil,Current,2,1,Catherine Ardagh,,https://data.oireachtas.ie/ie/oireachtas/member/id/Catherine-Ardagh.S.2016-04-25,"[""Catherine Ardagh""]",[],source_uri_present,1,5,0,,,,,0,0,0,no_recorded_division,second_stage,Second Stage,30,Second Stage,34th Dáil,4,30,5,second_stage-04,Current|Second Stage|34th Dáil|2026-04-21,editorial_summary_required,certified_debate_available,do_not_infer_from_speeches,2026-09-06T18:41:34.147654+00:00,6
https://data.oireachtas.ie/ie/oireachtas/bill/2025/44,https://data.oireachtas.ie/ie/oireachtas/bill/2025/44,44,2025,Proceeds of Crime and Related Matters Bill 2025,Proceeds of Crime and Related Matters Bill 2025,https://data.oireachtas.ie/ie/oireachtas/def/house/dail,Dáil Éireann,Public,Current,2025-07-09,2026-04-17,/legislation,2026-07-20,059e11fae717cd05,Second Stage,2026-04-15,27th Seanad,,6,1,,"Minister for Justice, Home Affairs and Migration",,[],"[""Minister for Justice, Home Affairs and Migration""]",role_or_office_only,3,39,0,,,,,0,0,0,no_recorded_division,second_stage,Second Stage,30,Second Stage,27th Seanad,4,30,6,second_stage-04,Current|Second Stage|27th Seanad|2026-04-15,editorial_summary_required,certified_debate_available,do_not_infer_from_speeches,2026-09-06T18:41:34.147654+00:00,6
https://data.oireachtas.ie/ie/oireachtas/bill/2026/34,https://data.oireachtas.ie/ie/oireachtas/bill/2026/34,34,2026,Forty-first Amendment of the Constitution (Right to Housing) Bill 2026,Forty-first Amendment of the Constitution (Right to Housing) Bill 2026,https://data.oireachtas.ie/ie/oireachtas/def/house/dail,Dáil Éireann,Public,Current,2026-02-12,2026-03-27,/legislation,2026-07-20,cc02e91675bd9904,Second Stage,2026-03-25,34th Dáil,Current,2,1,Rory Hearne,,https://data.oireachtas.ie/ie/oireachtas/member/id/Rory-Hearne.D.2024-11-29,"[""Rory Hearne""]",[],source_uri_present,1,5,0,,,,,0,0,0,no_recorded_division,second_stage,Second Stage,30,Second Stage,34th Dáil,5,30,1,second_stage-05,Current|Second Stage|34th Dáil|2026-03-25,editorial_summary_required,certified_debate_available,do_not_infer_from_speeches,2026-09-06T18:41:34.147654+00:00,6
https://data.oireachtas.ie/ie/oireachtas/bill/2026/35,https://data.oireachtas.ie/ie/oireachtas/bill/2026/35,35,2026,Child Maintenance Bill 2026,Child Maintenance Bill 2026,https://data.oireachtas.ie/ie/oireachtas/def/house/seanad,Seanad Éireann,Public,Current,2025-01-21,2026-04-27,/legislation,2026-07-20,26629cd9aae99d39,Second Stage,2026-03-24,27th Seanad,Current,2,13,Lynn Ruane,,https://data.oireachtas.ie/ie/oireachtas/member/id/Lynn-Ruane.S.2016-04-25,"[""Alice-Mary Higgins"",""Eileen Flynn"",""Frances Black"",""Joanne Collins"",""Laura Harmon"",""Lynn Ruane"",""Maria McCormack"",""Nessa Cosgrove"",""Nicole Ryan"",""Patricia Stephenson"",""Pauline Tully"",""Sarah O'Reilly"",""Sharon Keogan""]",[],source_uri_present,0,0,0,,,,,0,0,0,,second_stage,Second Stage,30,Second Stage,27th Seanad,5,30,2,second_stage-05,Current|Second Stage|27th Seanad|2026-03-24,editorial_summary_required,no_certified_debate,do_not_infer_from_speeches,2026-09-06T18:41:34.147654+00:00,6
https://data.oireachtas.ie/ie/oireachtas/bill/2026/33,https://data.oireachtas.ie/ie/oireachtas/bill/2026/33,33,2026,Planning and Development (Material Interest) Bill 2026,Planning and Development (Material Interest) Bill 2026,https://data.oireachtas.ie/ie/oireachtas/def/house/dail,Dáil Éireann,Public,Current,2026-02-26,2026-03-25,/legislation,2026-07-20,3c96cd04c3b86d70,Second Stage,2026-03-24,34th Dáil,Current,2,2,Peadar Tóibín,,https://data.oireachtas.ie/ie/oireachtas/member/id/Peadar-Tóibín.D.2011-03-09,"[""Paul Lawless"",""Peadar Tóibín""]",[],source_uri_present,0,0,0,,,,,0,0,0,,second_stage,Second Stage,30,Second Stage,34th Dáil,5,30,3,second_stage-05,Current|Second Stage|34th Dáil|2026-03-24,editorial_summary_required,no_certified_debate,do_not_infer_from_speeches,2026-09-06T18:41:34.147654+00:00,6
https://data.oireachtas.ie/ie/oireachtas/bill/2026/31,https://data.oireachtas.ie/ie/oireachtas/bill/2026/31,31,2026,Antarctic Treaty (Accension and Implementation) Bill 2026,Antarctic Treaty (Accension and Implementation) Bill 2026,https://data.oireachtas.ie/ie/oireachtas/def/house/dail,Dáil Éireann,Public,Current,2026-03-13,2026-03-20,/legislation,2026-07-20,41173e50216552c4,Second Stage,2026-03-18,34th Dáil,Current,2,1,Malcolm Byrne,,https://data.oireachtas.ie/ie/oireachtas/member/id/Malcolm-Byrne.D.2019-11-29,"[""Malcolm Byrne""]",[],source_uri_present,1,5,0,,,,,0,0,0,no_recorded_division,second_stage,Second Stage,30,Second Stage,34th Dáil,5,30,4,second_stage-05,Current|Second Stage|34th Dáil|2026-03-18,editorial_summary_required,certified_debate_available,do_not_infer_from_speeches,2026-09-06T18:41:34.147654+00:00,6
https://data.oireachtas.ie/ie/oireachtas/bill/2026/30,https://data.oireachtas.ie/ie/oireachtas/bill/2026/30,30,2026,Mineral Oil Tax (Emergency Cost of Living Reduction) Bill 2026,Mineral Oil Tax (Emergency Cost of Living Reduction) Bill 2026,https://data.oireachtas.ie/ie/oireachtas/def/house/dail,Dáil Éireann,Public,Current,2026-03-04,2026-03-19,/legislation,2026-07-20,a572edfbf416e810,Second Stage,2026-03-18,34th Dáil,Current,2,1,Pearse Doherty,,https://data.oireachtas.ie/ie/oireachtas/member/id/Pearse-Doherty.S.2007-07-23,"[""Pearse Doherty""]",[],source_uri_present,1,5,0,,,,,0,0,0,no_recorded_division,second_stage,Second Stage,30,Second Stage,34th Dáil,5,30,5,second_stage-05,Current|Second Stage|34th Dáil|2026-03-18,editorial_summary_required,certified_debate_available,do_not_infer_from_speeches,2026-09-06T18:41:34.147654+00:00,6
https://data.oireachtas.ie/ie/oireachtas/bill/2026/29,https://data.oireachtas.ie/ie/oireachtas/bill/2026/29,29,2026,Housing Loans Regulations (Fresh Start - Buyout) (Amendment) Bill 2026,Housing Loans Regulations (Fresh Start - Buyout) (Amendment) Bill 2026,https://data.oireachtas.ie/ie/oireachtas/def/house/dail,Dáil Éireann,Public,Current,2026-03-03,2026-03-19,/legislation,2026-07-20,87188e2c3f0783a6,Second Stage,2026-03-18,34th Dáil,Current,2,1,Eoin Ó Broin,,https://data.oireachtas.ie/ie/oireachtas/member/id/Eoin-Ó-Broin.D.2016-10-03,"[""Eoin Ó Broin""]",[],source_uri_present,1,5,0,,,,,0,0,0,no_recorded_division,second_stage,Second Stage,30,Second Stage,34th Dáil,5,30,6,second_stage-05,Current|Second Stage|34th Dáil|2026-03-18,editorial_summary_required,certified_debate_available,do_not_infer_from_speeches,2026-09-06T18:41:34.147654+00:00,6
https://data.oireachtas.ie/ie/oireachtas/bill/2026/27,https://data.oireachtas.ie/ie/oireachtas/bill/2026/27,27,2026,Electricity Regulation (Amendment) (Standing Charges) Bill 2026,Electricity Regulation (Amendment) (Standing Charges) Bill 2026,https://data.oireachtas.ie/ie/oireachtas/def/house/dail,Dáil Éireann,Public,Current,2025-08-01,2026-03-06,/legislation,2026-07-20,f9aa80788eeacf01,Second Stage,2026-03-05,34th Dáil,Current,2,4,Pa Daly,,https://data.oireachtas.ie/ie/oireachtas/member/id/Pa-Daly.D.2020-02-08,"[""Darren O'Rourke"",""Louis O'Hara"",""Pa Daly"",""Réada Cronin""]",[],source_uri_present,1,8,0,,,,,0,0,0,no_recorded_division,second_stage,Second Stage,30,Second Stage,34th Dáil,6,30,1,second_stage-06,Current|Second Stage|34th Dáil|2026-03-05,editorial_summary_required,certified_debate_available,do_not_infer_from_speeches,2026-09-06T18:41:34.147654+00:00,6
https://data.oireachtas.ie/ie/oireachtas/bill/2026/25,https://data.oireachtas.ie/ie/oireachtas/bill/2026/25,25,2026,Irish Language Name and Address of the Person (Length Accent) Bill 2026,Irish Language Name and Address of the Person (Length Accent) Bill 2026,https://data.oireachtas.ie/ie/oireachtas/def/house/dail,Dáil Éireann,Public,Current,2026-02-26,2026-03-06,/legislation,2026-07-20,30861de9a8fb9c81,Second Stage,2026-03-05,34th Dáil,Current,2,3,Aengus Ó Snodaigh,,https://data.oireachtas.ie/ie/oireachtas/member/id/Aengus-Ó-Snodaigh.D.2002-06-06,"[""Aengus Ó Snodaigh"",""Conor D McGuinness"",""Réada Cronin""]",[],source_uri_present,0,0,0,,,,,0,0,0,,second_stage,Second Stage,30,Second Stage,34th Dáil,6,30,2,second_stage-06,Current|Second Stage|34th Dáil|2026-03-05,editorial_summary_required,no_certified_debate,do_not_infer_from_speeches,2026-09-06T18:41:34.147654+00:00,6
https://data.oireachtas.ie/ie/oireachtas/bill/2026/24,https://data.oireachtas.ie/ie/oireachtas/bill/2026/24,24,2026,Official Languages (Right to Use the Irish Language) (Amendment) Bill 2026,Official Languages (Right to Use the Irish Language) (Amendment) Bill 2026,https://data.oireachtas.ie/ie/oireachtas/def/house/dail,Dáil Éireann,Public,Current,2026-02-27,2026-03-05,/legislation,2026-07-20,662c97ab2e9113d7,Second Stage,2026-03-04,34th Dáil,Current,2,2,Aengus Ó Snodaigh,,https://data.oireachtas.ie/ie/oireachtas/member/id/Aengus-Ó-Snodaigh.D.2002-06-06,"[""Aengus Ó Snodaigh"",""Shónagh Ní Raghallaigh""]",[],source_uri_present,0,0,0,,,,,0,0,0,,second_stage,Second Stage,30,Second Stage,34th Dáil,6,30,3,second_stage-06,Current|Second Stage|34th Dáil|2026-03-04,editorial_summary_required,no_certified_debate,do_not_infer_from_speeches,2026-09-06T18:41:34.147654+00:00,6
https://data.oireachtas.ie/ie/oireachtas/bill/2026/23,https://data.oireachtas.ie/ie/oireachtas/bill/2026/23,23,2026,Repeal of Exempted Development Regulations Bill 2026,Repeal of Exempted Development Regulations Bill 2026,https://data.oireachtas.ie/ie/oireachtas/def/house/dail,Dáil Éireann,Public,Current,2026-02-09,2026-02-27,/legislation,2026-07-20,72a133f6d8b996bc,Second Stage,2026-02-26,34th Dáil,Current,2,2,Eoin Ó Broin,,https://data.oireachtas.ie/ie/oireachtas/member/id/Eoin-Ó-Broin.D.2016-10-03,"[""Eoin Ó Broin"",""Matt Carthy""]",[],source_uri_present,1,6,0,,,,,0,0,0,no_recorded_division,second_stage,Second Stage,30,Second Stage,34th Dáil,6,30,4,second_stage-06,Current|Second Stage|34th Dáil|2026-02-26,editorial_summary_required,certified_debate_available,do_not_infer_from_speeches,2026-09-06T18:41:34.147654+00:00,6
https://data.oireachtas.ie/ie/oireachtas/bill/2026/22,https://data.oireachtas.ie/ie/oireachtas/bill/2026/22,22,2026,Criminal Justice (Theft and Fraud Offences) (Amendment) (Work Equipment) Bill 2026,Criminal Justice (Theft and Fraud Offences) (Amendment) (Work Equipment) Bill 2026,https://data.oireachtas.ie/ie/oireachtas/def/house/seanad,Seanad Éireann,Public,Current,2026-02-25,2026-06-16,/legislation,2026-07-20,befded326c1bb9fe,Second Stage,2026-02-25,27th Seanad,,2,3,PJ Murphy,,https://data.oireachtas.ie/ie/oireachtas/member/id/PJ-Murphy.S.2025-01-29,"[""Mark Duffy"",""Mike Kennelly"",""PJ Murphy""]",[],source_uri_present,0,0,0,,,,,0,0,0,,second_stage,Second Stage,30,Second Stage,27th Seanad,6,30,5,second_stage-06,Current|Second Stage|27th Seanad|2026-02-25,editorial_summary_required,no_certified_debate,do_not_infer_from_speeches,2026-09-06T18:41:34.147654+00:00,6
https://data.oireachtas.ie/ie/oireachtas/bill/2026/21,https://data.oireachtas.ie/ie/oireachtas/bill/2026/21,21,2026,Planning and Development (Provision of Public Housing) Bill 2026,Planning and Development (Provision of Public Housing) Bill 2026,https://data.oireachtas.ie/ie/oireachtas/def/house/seanad,Seanad Éireann,Public,Current,2026-02-25,2026-07-02,/legislation,2026-07-20,a855b521e1487897,Second Stage,2026-02-25,27th Seanad,Current,2,6,Chris Andrews,,https://data.oireachtas.ie/ie/oireachtas/member/id/Chris-Andrews.D.2007-06-14,"[""Chris Andrews"",""Conor Murphy"",""Joanne Collins"",""Maria McCormack"",""Nicole Ryan"",""Pauline Tully""]",[],source_uri_present,0,0,0,,,,,0,0,0,,second_stage,Second Stage,30,Second Stage,27th Seanad,6,30,6,second_stage-06,Current|Second Stage|27th Seanad|2026-02-25,editorial_summary_required,no_certified_debate,do_not_infer_from_speeches,2026-09-06T18:41:34.147654+00:00,6
https://data.oireachtas.ie/ie/oireachtas/bill/2026/18,https://data.oireachtas.ie/ie/oireachtas/bill/2026/18,18,2026,Public Art Mural (Exempted Development) Bill 2026,Public Art Mural (Exempted Development) Bill 2026,https://data.oireachtas.ie/ie/oireachtas/def/house/dail,Dáil Éireann,Public,Current,2026-02-04,2026-02-26,/legislation,2026-07-20,e5ec58d2743f94a0,Second Stage,2026-02-19,34th Dáil,Current,2,1,Eoin Ó Broin,,https://data.oireachtas.ie/ie/oireachtas/member/id/Eoin-Ó-Broin.D.2016-10-03,"[""Eoin Ó Broin""]",[],source_uri_present,1,5,0,,,,,0,0,0,no_recorded_division,second_stage,Second Stage,30,Second Stage,34th Dáil,7,30,1,second_stage-07,Current|Second Stage|34th Dáil|2026-02-19,editorial_summary_required,certified_debate_available,do_not_infer_from_speeches,2026-09-06T18:41:34.147654+00:00,6
https://data.oireachtas.ie/ie/oireachtas/bill/2026/17,https://data.oireachtas.ie/ie/oireachtas/bill/2026/17,17,2026,Universal Access to Social Housing (Abolition of Income Limits) Bill 2026,Universal Access to Social Housing (Abolition of Income Limits) Bill 2026,https://data.oireachtas.ie/ie/oireachtas/def/house/dail,Dáil Éireann,Public,Current,2026-02-03,2026-02-20,/legislation,2026-07-20,a0145a260d7b397e,Second Stage,2026-02-19,34th Dáil,Current,2,3,Paul Murphy,,https://data.oireachtas.ie/ie/oireachtas/member/id/Paul-Murphy.D.2014-10-10,"[""Paul Murphy"",""Richard Boyd Barrett"",""Ruth Coppinger""]",[],source_uri_present,1,6,0,,,,,0,0,0,no_recorded_division,second_stage,Second Stage,30,Second Stage,34th Dáil,7,30,2,second_stage-07,Current|Second Stage|34th Dáil|2026-02-19,editorial_summary_required,certified_debate_available,do_not_infer_from_speeches,2026-09-06T18:41:34.147654+00:00,6
https://data.oireachtas.ie/ie/oireachtas/bill/2026/16,https://data.oireachtas.ie/ie/oireachtas/bill/2026/16,16,2026,Social Housing Passport Bill 2026,Social Housing Passport Bill 2026,https://data.oireachtas.ie/ie/oireachtas/def/house/dail,Dáil Éireann,Public,Current,2026-01-27,2026-07-15,/legislation,2026-07-20,c9adc998574e8ef5,Second Stage,2026-02-12,34th Dáil,Current,2,3,Eoin Ó Broin,,https://data.oireachtas.ie/ie/oireachtas/member/id/Eoin-Ó-Broin.D.2016-10-03,"[""Eoin Ó Broin"",""Louise O'Reilly"",""Mark Ward""]",[],source_uri_present,3,20,1,https://data.oireachtas.ie/ie/oireachtas/division/house/dail/34/2026-07-15/vote_189,2026-07-15,Amendment put:,Carried,81,69,0,recorded_division_available,second_stage,Second Stage,30,Second Stage,34th Dáil,7,30,3,second_stage-07,Current|Second Stage|34th Dáil|2026-02-12,editorial_summary_required,certified_debate_available,recorded_vote_evidence_available,2026-09-06T18:41:34.147654+00:00,6
https://data.oireachtas.ie/ie/oireachtas/bill/2026/15,https://data.oireachtas.ie/ie/oireachtas/bill/2026/15,15,2026,Education (Medical Emergencies in Schools) Bill 2026,Education (Medical Emergencies in Schools) Bill 2026,https://data.oireachtas.ie/ie/oireachtas/def/house/dail,Dáil Éireann,Public,Current,2026-01-28,2026-04-29,/legislation,2026-07-20,9c27dab734e7c82b,Second Stage,2026-02-11,34th Dáil,,2,1,Eoghan Kenny,,https://data.oireachtas.ie/ie/oireachtas/member/id/Eoghan-Kenny.D.2024-11-29,"[""Eoghan Kenny""]",[],source_uri_present,2,12,0,,,,,0,0,0,no_recorded_division,second_stage,Second Stage,30,Second Stage,34th Dáil,7,30,4,second_stage-07,Current|Second Stage|34th Dáil|2026-02-11,editorial_summary_required,certified_debate_available,do_not_infer_from_speeches,2026-09-06T18:41:34.147654+00:00,6
https://data.oireachtas.ie/ie/oireachtas/bill/2026/14,https://data.oireachtas.ie/ie/oireachtas/bill/2026/14,14,2026,Waste Management (Single Household Waste Collection Service) Bill 2026,Waste Management (Single Household Waste Collection Service) Bill 2026,https://data.oireachtas.ie/ie/oireachtas/def/house/dail,Dáil Éireann,Public,Current,2026-01-13,2026-07-16,/legislation,2026-07-20,f33a1d9dff669dae,Second Stage,2026-02-10,34th Dáil,Current,2,1,Marie Sherlock,,https://data.oireachtas.ie/ie/oireachtas/member/id/Marie-Sherlock.S.2020-03-30,"[""Marie Sherlock""]",[],source_uri_present,2,25,0,,,,,0,0,0,no_recorded_division,second_stage,Second Stage,30,Second Stage,34th Dáil,7,30,5,second_stage-07,Current|Second Stage|34th Dáil|2026-02-10,editorial_summary_required,certified_debate_available,do_not_infer_from_speeches,2026-09-06T18:41:34.147654+00:00,6
https://data.oireachtas.ie/ie/oireachtas/bill/2026/13,https://data.oireachtas.ie/ie/oireachtas/bill/2026/13,13,2026,"Harassment, Harmful Communications and Related Offences (Amendment) (No. 2) Bill 2026","Harassment, Harmful Communications and Related Offences (Amendment) (No. 2) Bill 2026",https://data.oireachtas.ie/ie/oireachtas/def/house/dail,Dáil Éireann,Public,Current,2026-01-23,2026-02-05,/legislation,2026-07-20,7bd1c799f69165b2,Second Stage,2026-02-04,34th Dáil,Current,2,1,Alan Kelly,,https://data.oireachtas.ie/ie/oireachtas/member/id/Alan-Kelly.S.2007-07-23,"[""Alan Kelly""]",[],source_uri_present,0,0,0,,,,,0,0,0,,second_stage,Second Stage,30,Second Stage,34th Dáil,7,30,6,second_stage-07,Current|Second Stage|34th Dáil|2026-02-04,editorial_summary_required,no_certified_debate,do_not_infer_from_speeches,2026-09-06T18:41:34.147654+00:00,6
https://data.oireachtas.ie/ie/oireachtas/bill/2026/12,https://data.oireachtas.ie/ie/oireachtas/bill/2026/12,12,2026,Work Life Balance (Right to Remote Work) Bill 2026,Work Life Balance (Right to Remote Work) Bill 2026,https://data.oireachtas.ie/ie/oireachtas/def/house/dail,Dáil Éireann,Public,Current,2026-01-16,2026-05-07,/legislation,2026-07-20,bc02c47338a4e9bb,Second Stage,2026-02-04,34th Dáil,Current,2,1,George Lawlor,,https://data.oireachtas.ie/ie/oireachtas/member/id/George-Lawlor.D.2024-11-29,"[""George Lawlor""]",[],source_uri_present,3,56,1,https://data.oireachtas.ie/ie/oireachtas/division/house/dail/34/2026-02-18/vote_46,2026-02-18,"Question put: ""That the Bill be now read a Second Time.""",Lost,57,82,0,recorded_division_available,second_stage,Second Stage,30,Second Stage,34th Dáil,8,30,1,second_stage-08,Current|Second Stage|34th Dáil|2026-02-04,editorial_summary_required,certified_debate_available,recorded_vote_evidence_available,2026-09-06T18:41:34.147654+00:00,6
https://data.oireachtas.ie/ie/oireachtas/bill/2026/10,https://data.oireachtas.ie/ie/oireachtas/bill/2026/10,10,2026,Health (Regulation of Termination of Pregnancy) (Amendment) Bill 2026,Health (Regulation of Termination of Pregnancy) (Amendment) Bill 2026,https://data.oireachtas.ie/ie/oireachtas/def/house/dail,Dáil Éireann,Public,Current,2026-01-29,2026-05-07,/legislation,2026-07-20,cdd2fc2ae7dc79f0,Second Stage,2026-01-29,34th Dáil,Current,2,3,Ruth Coppinger,,https://data.oireachtas.ie/ie/oireachtas/member/id/Ruth-Coppinger.D.2014-05-23,"[""Paul Murphy"",""Richard Boyd Barrett"",""Ruth Coppinger""]",[],source_uri_present,1,11,0,,,,,0,0,0,no_recorded_division,second_stage,Second Stage,30,Second Stage,34th Dáil,8,30,2,second_stage-08,Current|Second Stage|34th Dáil|2026-01-29,editorial_summary_required,certified_debate_available,do_not_infer_from_speeches,2026-09-06T18:41:34.147654+00:00,6
https://data.oireachtas.ie/ie/oireachtas/bill/2026/9,https://data.oireachtas.ie/ie/oireachtas/bill/2026/9,9,2026,Maternity Protection (Child Bereavement) (Amendment) Bill 2026,Maternity Protection (Child Bereavement) (Amendment) Bill 2026,https://data.oireachtas.ie/ie/oireachtas/def/house/seanad,Seanad Éireann,Public,Current,2026-01-28,2026-02-11,/legislation,2026-07-20,ea9c420c3f5db20b,Second Stage,2026-01-28,27th Seanad,Current,2,6,Nicole Ryan,,https://data.oireachtas.ie/ie/oireachtas/member/id/Nicole-Ryan.S.2025-01-29,"[""Chris Andrews"",""Conor Murphy"",""Joanne Collins"",""Maria McCormack"",""Nicole Ryan"",""Pauline Tully""]",[],source_uri_present,0,0,0,,,,,0,0,0,,second_stage,Second Stage,30,Second Stage,27th Seanad,8,30,3,second_stage-08,Current|Second Stage|27th Seanad|2026-01-28,editorial_summary_required,no_certified_debate,do_not_infer_from_speeches,2026-09-06T18:41:34.147654+00:00,6
https://data.oireachtas.ie/ie/oireachtas/bill/2026/8,https://data.oireachtas.ie/ie/oireachtas/bill/2026/8,8,2026,"Harassment, Harmful Communications and Related Offences (Amendment) Bill 2026","Harassment, Harmful Communications and Related Offences (Amendment) Bill 2026",https://data.oireachtas.ie/ie/oireachtas/def/house/dail,Dáil Éireann,Public,Current,2026-01-23,2026-02-24,/legislation,2026-07-20,9e817e4722ceaf02,Second Stage,2026-01-27,34th Dáil,,2,2,Máire Devine,,https://data.oireachtas.ie/ie/oireachtas/member/id/Máire-Devine.S.2016-04-25,"[""Matt Carthy"",""Máire Devine""]",[],source_uri_present,2,38,0,,,,,0,0,0,no_recorded_division,second_stage,Second Stage,30,Second Stage,34th Dáil,8,30,4,second_stage-08,Current|Second Stage|34th Dáil|2026-01-27,editorial_summary_required,certified_debate_available,do_not_infer_from_speeches,2026-09-06T18:41:34.147654+00:00,6
https://data.oireachtas.ie/ie/oireachtas/bill/2026/7,https://data.oireachtas.ie/ie/oireachtas/bill/2026/7,7,2026,Online Safety (Recommender Algorithms) Bill 2026,Online Safety (Recommender Algorithms) Bill 2026,https://data.oireachtas.ie/ie/oireachtas/def/house/dail,Dáil Éireann,Public,Current,2025-05-30,2026-03-04,/legislation,2026-07-20,eaf4ab56809a5683,Second Stage,2026-01-22,34th Dáil,Current,2,3,Paul Murphy,,https://data.oireachtas.ie/ie/oireachtas/member/id/Paul-Murphy.D.2014-10-10,"[""Paul Murphy"",""Richard Boyd Barrett"",""Ruth Coppinger""]",[],source_uri_present,3,42,2,https://data.oireachtas.ie/ie/oireachtas/division/house/dail/34/2026-03-04/vote_59,2026-03-04,"Question put: ""That the motion, as amended, be agreed to.""",Carried,81,63,0,recorded_division_available,second_stage,Second Stage,30,Second Stage,34th Dáil,8,30,5,second_stage-08,Current|Second Stage|34th Dáil|2026-01-22,editorial_summary_required,certified_debate_available,recorded_vote_evidence_available,2026-09-06T18:41:34.147654+00:00,6
https://data.oireachtas.ie/ie/oireachtas/bill/2023/47,https://data.oireachtas.ie/ie/oireachtas/bill/2023/47,47,2023,River Boyne Task Force Bill 2023,River Boyne Task Force Bill 2023,https://data.oireachtas.ie/ie/oireachtas/def/house/dail,Dáil Éireann,Public,Current,2023-05-24,2026-01-28,/legislation,2026-07-20,51c63d47651932f0,Second Stage,2026-01-22,34th Dáil,Current,2,1,Ged Nash,,https://data.oireachtas.ie/ie/oireachtas/member/id/Gerald-Nash.D.2011-03-09,"[""Ged Nash""]",[],source_uri_present,2,12,1,https://data.oireachtas.ie/ie/oireachtas/division/house/dail/34/2026-01-28/vote_17,2026-01-28,Question put:,Lost,65,81,0,recorded_division_available,second_stage,Second Stage,30,Second Stage,34th Dáil,8,30,6,second_stage-08,Current|Second Stage|34th Dáil|2026-01-22,editorial_summary_required,certified_debate_available,recorded_vote_evidence_available,2026-09-06T18:41:34.147654+00:00,6
https://data.oireachtas.ie/ie/oireachtas/bill/2026/5,https://data.oireachtas.ie/ie/oireachtas/bill/2026/5,5,2026,Agri-Food Regulator (Amendment) Bill 2026,Agri-Food Regulator (Amendment) Bill 2026,https://data.oireachtas.ie/ie/oireachtas/def/house/dail,Dáil Éireann,Public,Current,2026-01-20,2026-01-21,/legislation,2026-07-20,13205036a198d82d,Second Stage,2026-01-20,34th Dáil,Current,2,1,Jennifer Whitmore,,https://data.oireachtas.ie/ie/oireachtas/member/id/Jennifer-Whitmore.D.2020-02-08,"[""Jennifer Whitmore""]",[],source_uri_present,1,4,0,,,,,0,0,0,no_recorded_division,second_stage,Second Stage,30,Second Stage,34th Dáil,9,30,1,second_stage-09,Current|Second Stage|34th Dáil|2026-01-20,editorial_summary_required,certified_debate_available,do_not_infer_from_speeches,2026-09-06T18:41:34.147654+00:00,6
https://data.oireachtas.ie/ie/oireachtas/bill/2026/4,https://data.oireachtas.ie/ie/oireachtas/bill/2026/4,4,2026,Equal Status (Access to Toilet Facilities) Bill 2026,Equal Status (Access to Toilet Facilities) Bill 2026,https://data.oireachtas.ie/ie/oireachtas/def/house/dail,Dáil Éireann,Public,Current,2026-01-06,2026-01-16,/legislation,2026-07-20,b1c786dc3125c6a0,Second Stage,2026-01-15,34th Dáil,Current,2,1,Mark Wall,,https://data.oireachtas.ie/ie/oireachtas/member/id/Mark-Wall.S.2020-03-30,"[""Mark Wall""]",[],source_uri_present,1,5,0,,,,,0,0,0,no_recorded_division,second_stage,Second Stage,30,Second Stage,34th Dáil,9,30,2,second_stage-09,Current|Second Stage|34th Dáil|2026-01-15,editorial_summary_required,certified_debate_available,do_not_infer_from_speeches,2026-09-06T18:41:34.147654+00:00,6
https://data.oireachtas.ie/ie/oireachtas/bill/2025/83,https://data.oireachtas.ie/ie/oireachtas/bill/2025/83,83,2025,Residential Tenancies (Winter Ban on Evictions) Bill 2025,Residential Tenancies (Winter Ban on Evictions) Bill 2025,https://data.oireachtas.ie/ie/oireachtas/def/house/dail,Dáil Éireann,Public,Current,2025-12-05,2026-01-10,/legislation,2026-07-20,5ef50db24dd704d5,Second Stage,2026-01-10,34th Dáil,Current,2,1,Eoin Ó Broin,,https://data.oireachtas.ie/ie/oireachtas/member/id/Eoin-Ó-Broin.D.2016-10-03,"[""Eoin Ó Broin""]",[],source_uri_present,1,4,0,,,,,0,0,0,no_recorded_division,second_stage,Second Stage,30,Second Stage,34th Dáil,9,30,3,second_stage-09,Current|Second Stage|34th Dáil|2026-01-10,editorial_summary_required,certified_debate_available,do_not_infer_from_speeches,2026-09-06T18:41:34.147654+00:00,6
https://data.oireachtas.ie/ie/oireachtas/bill/2025/85,https://data.oireachtas.ie/ie/oireachtas/bill/2025/85,85,2025,Education (Leave for Injuries) Bill 2025,Education (Leave for Injuries) Bill 2025,https://data.oireachtas.ie/ie/oireachtas/def/house/seanad,Seanad Éireann,Public,Current,2025-12-17,2026-02-18,/legislation,2026-07-20,d1e2728e3fafee65,Second Stage,2025-12-17,27th Seanad,Current,2,4,Laura Harmon,,https://data.oireachtas.ie/ie/oireachtas/member/id/Laura-Harmon.S.2025-01-29,"[""Laura Harmon"",""Malcolm Noonan"",""Nessa Cosgrove"",""Patricia Stephenson""]",[],source_uri_present,0,0,0,,,,,0,0,0,,second_stage,Second Stage,30,Second Stage,27th Seanad,9,30,4,second_stage-09,Current|Second Stage|27th Seanad|2025-12-17,editorial_summary_required,no_certified_debate,do_not_infer_from_speeches,2026-09-06T18:41:34.147654+00:00,6
https://data.oireachtas.ie/ie/oireachtas/bill/2025/30,https://data.oireachtas.ie/ie/oireachtas/bill/2025/30,30,2025,Animal Health and Welfare (Ban on Fox Hunting) Bill 2025,Animal Health and Welfare (Ban on Fox Hunting) Bill 2025,https://data.oireachtas.ie/ie/oireachtas/def/house/dail,Dáil Éireann,Public,Current,2025-05-09,2025-12-17,/legislation,2026-07-20,11b2085796e4e57c,Second Stage,2025-12-17,34th Dáil,Current,2,2,Ruth Coppinger,,https://data.oireachtas.ie/ie/oireachtas/member/id/Ruth-Coppinger.D.2014-05-23,"[""Paul Murphy"",""Ruth Coppinger""]",[],source_uri_present,4,136,2,https://data.oireachtas.ie/ie/oireachtas/division/house/dail/34/2025-12-17/vote_206,2025-12-17,Question put:,Lost,24,124,0,recorded_division_available,second_stage,Second Stage,30,Second Stage,34th Dáil,9,30,5,second_stage-09,Current|Second Stage|34th Dáil|2025-12-17,editorial_summary_required,certified_debate_available,recorded_vote_evidence_available,2026-09-06T18:41:34.147654+00:00,6
https://data.oireachtas.ie/ie/oireachtas/bill/2024/30,https://data.oireachtas.ie/ie/oireachtas/bill/2024/30,30,2024,Health (Waiting Lists) Bill 2024,Health (Waiting Lists) Bill 2024,https://data.oireachtas.ie/ie/oireachtas/def/house/dail,Dáil Éireann,Public,Current,2024-02-23,2025-12-17,/legislation,2026-07-20,ed1aaecf3e4fabef,Second Stage,2025-12-17,34th Dáil,Current,2,2,David Cullinane,,https://data.oireachtas.ie/ie/oireachtas/member/id/David-Cullinane.S.2011-05-25,"[""David Cullinane"",""Mark Ward""]",[],source_uri_present,2,11,1,https://data.oireachtas.ie/ie/oireachtas/division/house/dail/34/2025-12-17/vote_204,2025-12-17,Question put:,Lost,66,80,0,recorded_division_available,second_stage,Second Stage,30,Second Stage,34th Dáil,9,30,6,second_stage-09,Current|Second Stage|34th Dáil|2025-12-17,editorial_summary_required,certified_debate_available,recorded_vote_evidence_available,2026-09-06T18:41:34.147654+00:00,6
https://data.oireachtas.ie/ie/oireachtas/bill/2025/80,https://data.oireachtas.ie/ie/oireachtas/bill/2025/80,80,2025,"National Minimum Wage (Inclusion of Young Persons, Apprentices and Interns) Bill 2025","National Minimum Wage (Inclusion of Young Persons, Apprentices and Interns) Bill 2025",https://data.oireachtas.ie/ie/oireachtas/def/house/seanad,Seanad Éireann,Public,Current,2025-11-20,2025-12-17,/legislation,2026-07-20,31e2ec2ee70989d7,Second Stage,2025-12-09,27th Seanad,Current,2,4,Nessa Cosgrove,,https://data.oireachtas.ie/ie/oireachtas/member/id/Nessa-Cosgrove.S.2025-01-29,"[""Laura Harmon"",""Malcolm Noonan"",""Nessa Cosgrove"",""Patricia Stephenson""]",[],source_uri_present,0,0,0,,,,,0,0,0,,second_stage,Second Stage,30,Second Stage,27th Seanad,10,30,1,second_stage-10,Current|Second Stage|27th Seanad|2025-12-09,editorial_summary_required,no_certified_debate,do_not_infer_from_speeches,2026-09-06T18:41:34.147654+00:00,6
https://data.oireachtas.ie/ie/oireachtas/bill/2025/79,https://data.oireachtas.ie/ie/oireachtas/bill/2025/79,79,2025,Civil Liability (Child Sexual Abuse Proceedings Against Unincorporated Bodies of Persons) Bill 2025,Civil Liability (Child Sexual Abuse Proceedings Against Unincorporated Bodies of Persons) Bill 2025,https://data.oireachtas.ie/ie/oireachtas/def/house/dail,Dáil Éireann,Public,Current,2025-12-09,2026-07-08,/legislation,2026-07-20,8c094ffe919b03bd,Second Stage,2025-12-09,34th Dáil,,2,1,Ivana Bacik,,https://data.oireachtas.ie/ie/oireachtas/member/id/Ivana-Bacik.S.2007-07-23,"[""Ivana Bacik""]",[],source_uri_present,3,18,1,https://data.oireachtas.ie/ie/oireachtas/division/house/dail/34/2026-07-08/vote_177,2026-07-08,Amendment put:,Carried,80,65,0,recorded_division_available,second_stage,Second Stage,30,Second Stage,34th Dáil,10,30,2,second_stage-10,Current|Second Stage|34th Dáil|2025-12-09,editorial_summary_required,certified_debate_available,recorded_vote_evidence_available,2026-09-06T18:41:34.147654+00:00,6
https://data.oireachtas.ie/ie/oireachtas/bill/2025/77,https://data.oireachtas.ie/ie/oireachtas/bill/2025/77,77,2025,Gender Recognition (Amendment) (Prisons) Bill 2025,Gender Recognition (Amendment) (Prisons) Bill 2025,https://data.oireachtas.ie/ie/oireachtas/def/house/dail,Dáil Éireann,Public,Current,2025-05-16,2026-04-28,/legislation,2026-07-20,0424267c632ec36d,Second Stage,2025-12-04,34th Dáil,Current,2,2,Peadar Tóibín,,https://data.oireachtas.ie/ie/oireachtas/member/id/Peadar-Tóibín.D.2011-03-09,"[""Paul Lawless"",""Peadar Tóibín""]",[],source_uri_present,1,5,0,,,,,0,0,0,no_recorded_division,second_stage,Second Stage,30,Second Stage,34th Dáil,10,30,3,second_stage-10,Current|Second Stage|34th Dáil|2025-12-04,editorial_summary_required,certified_debate_available,do_not_infer_from_speeches,2026-09-06T18:41:34.147654+00:00,6
https://data.oireachtas.ie/ie/oireachtas/bill/2025/76,https://data.oireachtas.ie/ie/oireachtas/bill/2025/76,76,2025,Electricity (Supply) (Amendment) (No. 2) Bill 2025,Electricity (Supply) (Amendment) (No. 2) Bill 2025,https://data.oireachtas.ie/ie/oireachtas/def/house/seanad,Seanad Éireann,Public,Current,2025-12-02,2025-12-04,/legislation,2026-07-20,7387db4d7e977d1a,Second Stage,2025-12-02,27th Seanad,Current,2,2,Anne Rabbitte,,https://data.oireachtas.ie/ie/oireachtas/member/id/Anne-Rabbitte.D.2016-10-03,"[""Anne Rabbitte"",""Paul Daly""]",[],source_uri_present,0,0,0,,,,,0,0,0,,second_stage,Second Stage,30,Second Stage,27th Seanad,10,30,4,second_stage-10,Current|Second Stage|27th Seanad|2025-12-02,editorial_summary_required,no_certified_debate,do_not_infer_from_speeches,2026-09-06T18:41:34.147654+00:00,6
https://data.oireachtas.ie/ie/oireachtas/bill/2025/72,https://data.oireachtas.ie/ie/oireachtas/bill/2025/72,72,2025,Electricity Regulation (Climate Action and Connection to Distribution and Transmission Systems) Bill 2025,Electricity Regulation (Climate Action and Connection to Distribution and Transmission Systems) Bill 2025,https://data.oireachtas.ie/ie/oireachtas/def/house/dail,Dáil Éireann,Public,Current,2025-10-01,2025-11-27,/legislation,2026-07-20,9e0195a3e8e8ef52,Second Stage,2025-11-26,34th Dáil,Current,2,1,Ciarán Ahern,,https://data.oireachtas.ie/ie/oireachtas/member/id/Ciarán-Ahern.D.2024-11-29,"[""Ciarán Ahern""]",[],source_uri_present,1,6,0,,,,,0,0,0,no_recorded_division,second_stage,Second Stage,30,Second Stage,34th Dáil,10,30,5,second_stage-10,Current|Second Stage|34th Dáil|2025-11-26,editorial_summary_required,certified_debate_available,do_not_infer_from_speeches,2026-09-06T18:41:34.147654+00:00,6
https://data.oireachtas.ie/ie/oireachtas/bill/2025/71,https://data.oireachtas.ie/ie/oireachtas/bill/2025/71,71,2025,Seán Lemass Dublin International Airport Bill 2025,Seán Lemass Dublin International Airport Bill 2025,https://data.oireachtas.ie/ie/oireachtas/def/house/dail,Dáil Éireann,Public,Current,2025-11-20,2025-11-27,/legislation,2026-07-20,ec65886425533ead,Second Stage,2025-11-25,34th Dáil,Current,2,1,Malcolm Byrne,,https://data.oireachtas.ie/ie/oireachtas/member/id/Malcolm-Byrne.D.2019-11-29,"[""Malcolm Byrne""]",[],source_uri_present,1,5,0,,,,,0,0,0,no_recorded_division,second_stage,Second Stage,30,Second Stage,34th Dáil,10,30,6,second_stage-10,Current|Second Stage|34th Dáil|2025-11-25,editorial_summary_required,certified_debate_available,do_not_infer_from_speeches,2026-09-06T18:41:34.147654+00:00,6
https://data.oireachtas.ie/ie/oireachtas/bill/2025/69,https://data.oireachtas.ie/ie/oireachtas/bill/2025/69,69,2025,Dog Welfare (Amendment) Bill 2025,Dog Welfare (Amendment) Bill 2025,https://data.oireachtas.ie/ie/oireachtas/def/house/dail,Dáil Éireann,Public,Current,2025-11-11,2025-12-10,/legislation,2026-07-20,c61ee18d53e2e62a,Second Stage,2025-11-20,34th Dáil,Current,2,1,Jennifer Whitmore,,https://data.oireachtas.ie/ie/oireachtas/member/id/Jennifer-Whitmore.D.2020-02-08,"[""Jennifer Whitmore""]",[],source_uri_present,2,41,0,,,,,0,0,0,no_recorded_division,second_stage,Second Stage,30,Second Stage,34th Dáil,11,30,1,second_stage-11,Current|Second Stage|34th Dáil|2025-11-20,editorial_summary_required,certified_debate_available,do_not_infer_from_speeches,2026-09-06T18:41:34.147654+00:00,6
https://data.oireachtas.ie/ie/oireachtas/bill/2025/13,https://data.oireachtas.ie/ie/oireachtas/bill/2025/13,13,2025,Building Energy Rating (BER) Standards for Private Rented Accommodation Bill 2025,Building Energy Rating (BER) Standards for Private Rented Accommodation Bill 2025,https://data.oireachtas.ie/ie/oireachtas/def/house/dail,Dáil Éireann,Public,Current,2025-02-06,2025-11-26,/legislation,2026-07-20,f791dce556ac2528,Second Stage,2025-11-20,34th Dáil,Current,2,2,Paul Murphy,,https://data.oireachtas.ie/ie/oireachtas/member/id/Paul-Murphy.D.2014-10-10,"[""Paul Murphy"",""Ruth Coppinger""]",[],source_uri_present,3,14,1,https://data.oireachtas.ie/ie/oireachtas/division/house/dail/34/2025-11-26/vote_177,2025-11-26,"Question put: ""That the Bill be now read a Second Time.""",Lost,59,78,0,recorded_division_available,second_stage,Second Stage,30,Second Stage,34th Dáil,11,30,2,second_stage-11,Current|Second Stage|34th Dáil|2025-11-20,editorial_summary_required,certified_debate_available,recorded_vote_evidence_available,2026-09-06T18:41:34.147654+00:00,6
https://data.oireachtas.ie/ie/oireachtas/bill/2025/66,https://data.oireachtas.ie/ie/oireachtas/bill/2025/66,66,2025,Emergency Inspection of Dublin Zoo Bill 2025,Emergency Inspection of Dublin Zoo Bill 2025,https://data.oireachtas.ie/ie/oireachtas/def/house/dail,Dáil Éireann,Public,Current,2025-07-10,2025-11-07,/legislation,2026-07-20,3f145647e9b0ae89,Second Stage,2025-11-06,34th Dáil,Current,2,2,Paul Murphy,,https://data.oireachtas.ie/ie/oireachtas/member/id/Paul-Murphy.D.2014-10-10,"[""Paul Murphy"",""Ruth Coppinger""]",[],source_uri_present,1,5,0,,,,,0,0,0,no_recorded_division,second_stage,Second Stage,30,Second Stage,34th Dáil,11,30,3,second_stage-11,Current|Second Stage|34th Dáil|2025-11-06,editorial_summary_required,certified_debate_available,do_not_infer_from_speeches,2026-09-06T18:41:34.147654+00:00,6
https://data.oireachtas.ie/ie/oireachtas/bill/2024/99,https://data.oireachtas.ie/ie/oireachtas/bill/2024/99,99,2024,Local Government (Support for Elected Members) Bill 2024,Local Government (Support for Elected Members) Bill 2024,https://data.oireachtas.ie/ie/oireachtas/def/house/seanad,Seanad Éireann,Public,Current,2024-10-31,2025-12-10,/legislation,2026-07-20,eaddce49b8a85efd,Second Stage,2025-11-06,27th Seanad,Current,2,4,Frances Black,,https://data.oireachtas.ie/ie/oireachtas/member/id/Frances-Black.S.2016-04-25,"[""Alice-Mary Higgins"",""Eileen Flynn"",""Frances Black"",""Lynn Ruane""]",[],source_uri_present,0,0,0,,,,,0,0,0,,second_stage,Second Stage,30,Second Stage,27th Seanad,11,30,4,second_stage-11,Current|Second Stage|27th Seanad|2025-11-06,editorial_summary_required,no_certified_debate,do_not_infer_from_speeches,2026-09-06T18:41:34.147654+00:00,6
https://data.oireachtas.ie/ie/oireachtas/bill/2024/53,https://data.oireachtas.ie/ie/oireachtas/bill/2024/53,53,2024,Arts (Recognition of Comedy) (Amendment) Bill 2024,Arts (Recognition of Comedy) (Amendment) Bill 2024,https://data.oireachtas.ie/ie/oireachtas/def/house/dail,Dáil Éireann,Public,Current,2024-06-21,2025-11-19,/legislation,2026-07-20,5dcb80f357aeaf3d,Second Stage,2025-10-27,34th Dáil,Current,2,1,Aengus Ó Snodaigh,,https://data.oireachtas.ie/ie/oireachtas/member/id/Aengus-Ó-Snodaigh.D.2002-06-06,"[""Aengus Ó Snodaigh""]",[],source_uri_present,2,13,2,https://data.oireachtas.ie/ie/oireachtas/division/house/dail/34/2025-11-19/vote_164,2025-11-19,Amendment put:,Carried,83,70,0,recorded_division_available,second_stage,Second Stage,30,Second Stage,34th Dáil,11,30,5,second_stage-11,Current|Second Stage|34th Dáil|2025-10-27,editorial_summary_required,certified_debate_available,recorded_vote_evidence_available,2026-09-06T18:41:34.147654+00:00,6
https://data.oireachtas.ie/ie/oireachtas/bill/2025/62,https://data.oireachtas.ie/ie/oireachtas/bill/2025/62,62,2025,Companies (Protection of Title: Accountant) Bill 2025,Companies (Protection of Title: Accountant) Bill 2025,https://data.oireachtas.ie/ie/oireachtas/def/house/dail,Dáil Éireann,Public,Current,2025-10-10,2025-10-23,/legislation,2026-07-20,9d614a5a1ccca9ae,Second Stage,2025-10-21,34th Dáil,Current,2,2,Malcolm Byrne,,https://data.oireachtas.ie/ie/oireachtas/member/id/Malcolm-Byrne.D.2019-11-29,"[""Albert Dolan"",""Malcolm Byrne""]",[],source_uri_present,1,6,0,,,,,0,0,0,no_recorded_division,second_stage,Second Stage,30,Second Stage,34th Dáil,11,30,6,second_stage-11,Current|Second Stage|34th Dáil|2025-10-21,editorial_summary_required,certified_debate_available,do_not_infer_from_speeches,2026-09-06T18:41:34.147654+00:00,6
https://data.oireachtas.ie/ie/oireachtas/bill/2025/61,https://data.oireachtas.ie/ie/oireachtas/bill/2025/61,61,2025,Regulation of Drones Bill 2025,Regulation of Drones Bill 2025,https://data.oireachtas.ie/ie/oireachtas/def/house/dail,Dáil Éireann,Public,Current,2025-10-15,2026-02-11,/legislation,2026-07-20,fe99bdd9d38c4ad9,Second Stage,2025-10-15,34th Dáil,Current,2,1,Roderic O'Gorman,,https://data.oireachtas.ie/ie/oireachtas/member/id/Roderic-O'Gorman.D.2020-02-08,"[""Roderic O'Gorman""]",[],source_uri_present,3,36,1,https://data.oireachtas.ie/ie/oireachtas/division/house/dail/34/2026-02-11/vote_27,2026-02-11,Amendment put:,Carried,82,68,0,recorded_division_available,second_stage,Second Stage,30,Second Stage,34th Dáil,12,30,1,second_stage-12,Current|Second Stage|34th Dáil|2025-10-15,editorial_summary_required,certified_debate_available,recorded_vote_evidence_available,2026-09-06T18:41:34.147654+00:00,6
https://data.oireachtas.ie/ie/oireachtas/bill/2025/59,https://data.oireachtas.ie/ie/oireachtas/bill/2025/59,59,2025,Domestic Violence (Free Travel Scheme) Bill 2025,Domestic Violence (Free Travel Scheme) Bill 2025,https://data.oireachtas.ie/ie/oireachtas/def/house/seanad,Seanad Éireann,Public,Current,2025-10-14,2025-10-22,/legislation,2026-07-20,3c011949b8874668,Second Stage,2025-10-14,27th Seanad,Current,2,4,Patricia Stephenson,,https://data.oireachtas.ie/ie/oireachtas/member/id/Patricia-Stephenson.S.2025-01-29,"[""Laura Harmon"",""Malcolm Noonan"",""Nessa Cosgrove"",""Patricia Stephenson""]",[],source_uri_present,0,0,0,,,,,0,0,0,,second_stage,Second Stage,30,Second Stage,27th Seanad,12,30,2,second_stage-12,Current|Second Stage|27th Seanad|2025-10-14,editorial_summary_required,no_certified_debate,do_not_infer_from_speeches,2026-09-06T18:41:34.147654+00:00,6
https://data.oireachtas.ie/ie/oireachtas/bill/2025/51,https://data.oireachtas.ie/ie/oireachtas/bill/2025/51,51,2025,Wildlife (Amendment) Bill 2025,Wildlife (Amendment) Bill 2025,https://data.oireachtas.ie/ie/oireachtas/def/house/dail,Dáil Éireann,Public,Current,2025-07-14,2025-07-18,/legislation,2026-07-20,5eb43aa3ad1807eb,Second Stage,2025-07-17,34th Dáil,Current,2,1,Jennifer Whitmore,,https://data.oireachtas.ie/ie/oireachtas/member/id/Jennifer-Whitmore.D.2020-02-08,"[""Jennifer Whitmore""]",[],source_uri_present,1,5,0,,,,,0,0,0,no_recorded_division,second_stage,Second Stage,30,Second Stage,34th Dáil,12,30,3,second_stage-12,Current|Second Stage|34th Dáil|2025-07-17,editorial_summary_required,certified_debate_available,do_not_infer_from_speeches,2026-09-06T18:41:34.147654+00:00,6
https://data.oireachtas.ie/ie/oireachtas/bill/2025/50,https://data.oireachtas.ie/ie/oireachtas/bill/2025/50,50,2025,Occupying Power (Securities and Handling of Settlement Goods) Bill 2025,Occupying Power (Securities and Handling of Settlement Goods) Bill 2025,https://data.oireachtas.ie/ie/oireachtas/def/house/dail,Dáil Éireann,Public,Current,2025-06-16,2025-07-18,/legislation,2026-07-20,e540ac87c46f7bb4,Second Stage,2025-07-17,34th Dáil,Current,2,1,Duncan Smith,,https://data.oireachtas.ie/ie/oireachtas/member/id/Duncan-Smith.D.2020-02-08,"[""Duncan Smith""]",[],source_uri_present,1,5,0,,,,,0,0,0,no_recorded_division,second_stage,Second Stage,30,Second Stage,34th Dáil,12,30,4,second_stage-12,Current|Second Stage|34th Dáil|2025-07-17,editorial_summary_required,certified_debate_available,do_not_infer_from_speeches,2026-09-06T18:41:34.147654+00:00,6
https://data.oireachtas.ie/ie/oireachtas/bill/2025/49,https://data.oireachtas.ie/ie/oireachtas/bill/2025/49,49,2025,Taxes Consolidation (Development of Regional Film Industry) (Amendment) Bill 2025,Taxes Consolidation (Development of Regional Film Industry) (Amendment) Bill 2025,https://data.oireachtas.ie/ie/oireachtas/def/house/dail,Dáil Éireann,Public,Current,2025-07-10,2025-07-18,/legislation,2026-07-20,136d99ff0cfb1e66,Second Stage,2025-07-17,34th Dáil,Current,2,1,Aengus Ó Snodaigh,,https://data.oireachtas.ie/ie/oireachtas/member/id/Aengus-Ó-Snodaigh.D.2002-06-06,"[""Aengus Ó Snodaigh""]",[],source_uri_present,1,5,0,,,,,0,0,0,no_recorded_division,second_stage,Second Stage,30,Second Stage,34th Dáil,12,30,5,second_stage-12,Current|Second Stage|34th Dáil|2025-07-17,editorial_summary_required,certified_debate_available,do_not_infer_from_speeches,2026-09-06T18:41:34.147654+00:00,6
https://data.oireachtas.ie/ie/oireachtas/bill/2025/48,https://data.oireachtas.ie/ie/oireachtas/bill/2025/48,48,2025,Compulsory Purchase Order Bill 2025,Compulsory Purchase Order Bill 2025,https://data.oireachtas.ie/ie/oireachtas/def/house/dail,Dáil Éireann,Public,Current,2025-05-09,2025-07-17,/legislation,2026-07-20,7b57d967d96ca96d,Second Stage,2025-07-16,34th Dáil,Current,2,1,James Geoghegan,,https://data.oireachtas.ie/ie/oireachtas/member/id/James-Geoghegan.D.2024-11-29,"[""James Geoghegan""]",[],source_uri_present,1,7,0,,,,,0,0,0,no_recorded_division,second_stage,Second Stage,30,Second Stage,34th Dáil,12,30,6,second_stage-12,Current|Second Stage|34th Dáil|2025-07-16,editorial_summary_required,certified_debate_available,do_not_infer_from_speeches,2026-09-06T18:41:34.147654+00:00,6
https://data.oireachtas.ie/ie/oireachtas/bill/2025/47,https://data.oireachtas.ie/ie/oireachtas/bill/2025/47,47,2025,Road Traffic and Roads (Blood Bikes Exemption) (Amendment) Bill 2025,Road Traffic and Roads (Blood Bikes Exemption) (Amendment) Bill 2025,https://data.oireachtas.ie/ie/oireachtas/def/house/dail,Dáil Éireann,Public,Current,2025-07-04,2025-07-16,/legislation,2026-07-20,20d5acf36a4e20eb,Second Stage,2025-07-15,34th Dáil,Current,2,1,Aengus Ó Snodaigh,,https://data.oireachtas.ie/ie/oireachtas/member/id/Aengus-Ó-Snodaigh.D.2002-06-06,"[""Aengus Ó Snodaigh""]",[],source_uri_present,1,5,0,,,,,0,0,0,no_recorded_division,second_stage,Second Stage,30,Second Stage,34th Dáil,13,30,1,second_stage-13,Current|Second Stage|34th Dáil|2025-07-15,editorial_summary_required,certified_debate_available,do_not_infer_from_speeches,2026-09-06T18:41:34.147654+00:00,6
https://data.oireachtas.ie/ie/oireachtas/bill/2025/45,https://data.oireachtas.ie/ie/oireachtas/bill/2025/45,45,2025,Coroners (Amendment) Bill 2025,Coroners (Amendment) Bill 2025,https://data.oireachtas.ie/ie/oireachtas/def/house/dail,Dáil Éireann,Public,Current,2025-06-27,2025-07-10,/legislation,2026-07-20,64adac2b63e20da8,Second Stage,2025-07-09,34th Dáil,Current,2,2,Mark Ward,,https://data.oireachtas.ie/ie/oireachtas/member/id/Mark-Ward.D.2019-11-29,"[""Mark Ward"",""Pádraig Mac Lochlainn""]",[],source_uri_present,1,7,0,,,,,0,0,0,no_recorded_division,second_stage,Second Stage,30,Second Stage,34th Dáil,13,30,2,second_stage-13,Current|Second Stage|34th Dáil|2025-07-09,editorial_summary_required,certified_debate_available,do_not_infer_from_speeches,2026-09-06T18:41:34.147654+00:00,6
https://data.oireachtas.ie/ie/oireachtas/bill/2025/43,https://data.oireachtas.ie/ie/oireachtas/bill/2025/43,43,2025,Health (Availability of General Practitioner Services) Bill 2025,Health (Availability of General Practitioner Services) Bill 2025,https://data.oireachtas.ie/ie/oireachtas/def/house/dail,Dáil Éireann,Public,Current,2025-05-30,2025-07-04,/legislation,2026-07-20,cb00822c128f4df0,Second Stage,2025-07-03,34th Dáil,Current,2,1,Marie Sherlock,,https://data.oireachtas.ie/ie/oireachtas/member/id/Marie-Sherlock.S.2020-03-30,"[""Marie Sherlock""]",[],source_uri_present,1,5,0,,,,,0,0,0,no_recorded_division,second_stage,Second Stage,30,Second Stage,34th Dáil,13,30,3,second_stage-13,Current|Second Stage|34th Dáil|2025-07-03,editorial_summary_required,certified_debate_available,do_not_infer_from_speeches,2026-09-06T18:41:34.147654+00:00,6
https://data.oireachtas.ie/ie/oireachtas/bill/2025/42,https://data.oireachtas.ie/ie/oireachtas/bill/2025/42,42,2025,Organisation of Working Time (Leave for Health Screening Purposes) Bill 2025,Organisation of Working Time (Leave for Health Screening Purposes) Bill 2025,https://data.oireachtas.ie/ie/oireachtas/def/house/dail,Dáil Éireann,Public,Current,2025-06-23,2026-04-15,/legislation,2026-07-20,36425e9a99be2204,Second Stage,2025-07-03,34th Dáil,Current,2,1,Duncan Smith,,https://data.oireachtas.ie/ie/oireachtas/member/id/Duncan-Smith.D.2020-02-08,"[""Duncan Smith""]",[],source_uri_present,3,13,1,https://data.oireachtas.ie/ie/oireachtas/division/house/dail/34/2026-04-15/vote_85,2026-04-15,Question put:,Lost,65,83,0,recorded_division_available,second_stage,Second Stage,30,Second Stage,34th Dáil,13,30,4,second_stage-13,Current|Second Stage|34th Dáil|2025-07-03,editorial_summary_required,certified_debate_available,recorded_vote_evidence_available,2026-09-06T18:41:34.147654+00:00,6
https://data.oireachtas.ie/ie/oireachtas/bill/2025/41,https://data.oireachtas.ie/ie/oireachtas/bill/2025/41,41,2025,Animal Health and Welfare (Welfare of Pigs) Bill 2025,Animal Health and Welfare (Welfare of Pigs) Bill 2025,https://data.oireachtas.ie/ie/oireachtas/def/house/dail,Dáil Éireann,Public,Current,2025-03-18,2025-07-02,/legislation,2026-07-20,c2c93833928db592,Second Stage,2025-07-02,34th Dáil,Current,2,3,Paul Murphy,,https://data.oireachtas.ie/ie/oireachtas/member/id/Paul-Murphy.D.2014-10-10,"[""Paul Murphy"",""Richard Boyd Barrett"",""Ruth Coppinger""]",[],source_uri_present,1,30,0,,,,,0,0,0,no_recorded_division,second_stage,Second Stage,30,Second Stage,34th Dáil,13,30,5,second_stage-13,Current|Second Stage|34th Dáil|2025-07-02,editorial_summary_required,certified_debate_available,do_not_infer_from_speeches,2026-09-06T18:41:34.147654+00:00,6
https://data.oireachtas.ie/ie/oireachtas/bill/2024/44,https://data.oireachtas.ie/ie/oireachtas/bill/2024/44,44,2024,Health (Scoliosis Treatment Services) Bill 2024,Health (Scoliosis Treatment Services) Bill 2024,https://data.oireachtas.ie/ie/oireachtas/def/house/seanad,Seanad Éireann,Public,Current,2024-05-28,2025-07-03,/legislation,2026-07-20,960a1b15b684195c,Second Stage,2025-07-02,34th Dáil,Current,6,6,Michael McDowell,,https://data.oireachtas.ie/ie/oireachtas/member/id/Michael-McDowell.D.1987-03-10,"[""Gerard P. Craughwell"",""Michael McDowell"",""Rónán Mullen"",""Sharon Keogan"",""Tom Clonan"",""Victor Boyhan""]",[],source_uri_present,0,0,0,,,,,0,0,0,,second_stage,Second Stage,30,Second Stage,34th Dáil,13,30,6,second_stage-13,Current|Second Stage|34th Dáil|2025-07-02,editorial_summary_required,no_certified_debate,do_not_infer_from_speeches,2026-09-06T18:41:34.147654+00:00,6
https://data.oireachtas.ie/ie/oireachtas/bill/2025/40,https://data.oireachtas.ie/ie/oireachtas/bill/2025/40,40,2025,Disregard of Historic Offences for Consensual Sexual Activity Between Men Bill 2025,Disregard of Historic Offences for Consensual Sexual Activity Between Men Bill 2025,https://data.oireachtas.ie/ie/oireachtas/def/house/dail,Dáil Éireann,Public,Current,2025-06-23,2026-04-16,/legislation,2026-07-20,2e9ad683a10d33c3,Second Stage,2025-07-01,34th Dáil,Current,2,6,Aengus Ó Snodaigh,,https://data.oireachtas.ie/ie/oireachtas/member/id/Aengus-Ó-Snodaigh.D.2002-06-06,"[""Aengus Ó Snodaigh"",""Catherine Connolly"",""Ged Nash"",""Paul Murphy"",""Pádraig Rice"",""Roderic O'Gorman""]",[],source_uri_present,2,20,0,,,,,0,0,0,no_recorded_division,second_stage,Second Stage,30,Second Stage,34th Dáil,14,30,1,second_stage-14,Current|Second Stage|34th Dáil|2025-07-01,editorial_summary_required,certified_debate_available,do_not_infer_from_speeches,2026-09-06T18:41:34.147654+00:00,6
https://data.oireachtas.ie/ie/oireachtas/bill/2025/37,https://data.oireachtas.ie/ie/oireachtas/bill/2025/37,37,2025,Broadcasting (All Ireland Service) (Amendment) Bill 2025,Broadcasting (All Ireland Service) (Amendment) Bill 2025,https://data.oireachtas.ie/ie/oireachtas/def/house/dail,Dáil Éireann,Public,Current,2025-06-23,2025-06-25,/legislation,2026-07-20,985d5035181add37,Second Stage,2025-06-24,34th Dáil,Current,2,2,Aengus Ó Snodaigh,,https://data.oireachtas.ie/ie/oireachtas/member/id/Aengus-Ó-Snodaigh.D.2002-06-06,"[""Aengus Ó Snodaigh"",""Joanna Byrne""]",[],source_uri_present,1,6,0,,,,,0,0,0,no_recorded_division,second_stage,Second Stage,30,Second Stage,34th Dáil,14,30,2,second_stage-14,Current|Second Stage|34th Dáil|2025-06-24,editorial_summary_required,certified_debate_available,do_not_infer_from_speeches,2026-09-06T18:41:34.147654+00:00,6
https://data.oireachtas.ie/ie/oireachtas/bill/2022/15,https://data.oireachtas.ie/ie/oireachtas/bill/2022/15,15,2022,Healthcare (Transparent Payments) Bill 2022,Healthcare (Transparent Payments) Bill 2022,https://data.oireachtas.ie/ie/oireachtas/def/house/dail,Dáil Éireann,Public,Current,2022-01-20,2025-06-25,/legislation,2026-07-20,247fa7f34ab539bb,Second Stage,2025-06-19,34th Dáil,Current,2,3,Darren O'Rourke,,https://data.oireachtas.ie/ie/oireachtas/member/id/Darren-O'Rourke.D.2020-02-08,"[""Darren O'Rourke"",""David Cullinane"",""Seán Crowe""]",[],source_uri_present,2,10,1,https://data.oireachtas.ie/ie/oireachtas/division/house/dail/34/2025-06-25/vote_95,2025-06-25,Amendment put:,Carried,85,67,0,recorded_division_available,second_stage,Second Stage,30,Second Stage,34th Dáil,14,30,3,second_stage-14,Current|Second Stage|34th Dáil|2025-06-19,editorial_summary_required,certified_debate_available,recorded_vote_evidence_available,2026-09-06T18:41:34.147654+00:00,6
https://data.oireachtas.ie/ie/oireachtas/bill/2025/36,https://data.oireachtas.ie/ie/oireachtas/bill/2025/36,36,2025,Forty-first Amendment of the Constitution (Voting Rights in Presidential Elections) Bill 2025,Forty-first Amendment of the Constitution (Voting Rights in Presidential Elections) Bill 2025,https://data.oireachtas.ie/ie/oireachtas/def/house/dail,Dáil Éireann,Public,Current,2025-05-16,2026-05-01,/legislation,2026-07-20,7d79543e23da6ee6,Second Stage,2025-06-17,34th Dáil,,2,3,Peadar Tóibín,,https://data.oireachtas.ie/ie/oireachtas/member/id/Peadar-Tóibín.D.2011-03-09,"[""Michael Collins"",""Paul Lawless"",""Peadar Tóibín""]",[],source_uri_present,3,20,0,,,,,0,0,0,no_recorded_division,second_stage,Second Stage,30,Second Stage,34th Dáil,14,30,4,second_stage-14,Current|Second Stage|34th Dáil|2025-06-17,editorial_summary_required,certified_debate_available,do_not_infer_from_speeches,2026-09-06T18:41:34.147654+00:00,6
https://data.oireachtas.ie/ie/oireachtas/bill/2025/31,https://data.oireachtas.ie/ie/oireachtas/bill/2025/31,31,2025,Taxes Consolidation (Rights of Performers and Film Workers) (Amendment) Bill 2025,Taxes Consolidation (Rights of Performers and Film Workers) (Amendment) Bill 2025,https://data.oireachtas.ie/ie/oireachtas/def/house/dail,Dáil Éireann,Public,Current,2025-05-30,2025-06-11,/legislation,2026-07-20,b950c799e519aee0,Second Stage,2025-06-10,34th Dáil,Current,2,1,Aengus Ó Snodaigh,,https://data.oireachtas.ie/ie/oireachtas/member/id/Aengus-Ó-Snodaigh.D.2002-06-06,"[""Aengus Ó Snodaigh""]",[],source_uri_present,1,5,0,,,,,0,0,0,no_recorded_division,second_stage,Second Stage,30,Second Stage,34th Dáil,14,30,5,second_stage-14,Current|Second Stage|34th Dáil|2025-06-10,editorial_summary_required,certified_debate_available,do_not_infer_from_speeches,2026-09-06T18:41:34.147654+00:00,6
https://data.oireachtas.ie/ie/oireachtas/bill/2025/29,https://data.oireachtas.ie/ie/oireachtas/bill/2025/29,29,2025,Wind Turbine Regulation Bill 2025,Wind Turbine Regulation Bill 2025,https://data.oireachtas.ie/ie/oireachtas/def/house/dail,Dáil Éireann,Public,Current,2025-04-07,2025-12-03,/legislation,2026-07-20,044c35daea6c7917,Second Stage,2025-05-22,34th Dáil,Current,2,1,Brian Stanley,,https://data.oireachtas.ie/ie/oireachtas/member/id/Brian-Stanley.D.2011-03-09,"[""Brian Stanley""]",[],source_uri_present,3,23,2,https://data.oireachtas.ie/ie/oireachtas/division/house/dail/34/2025-12-03/vote_189,2025-12-03,"Question put: ""That the motion, as amended, be agreed to.""",Carried,73,65,0,recorded_division_available,second_stage,Second Stage,30,Second Stage,34th Dáil,14,30,6,second_stage-14,Current|Second Stage|34th Dáil|2025-05-22,editorial_summary_required,certified_debate_available,recorded_vote_evidence_available,2026-09-06T18:41:34.147654+00:00,6
https://data.oireachtas.ie/ie/oireachtas/bill/2025/26,https://data.oireachtas.ie/ie/oireachtas/bill/2025/26,26,2025,Planning And Development (Exempted Development - External Wall Insulation) Bill 2025,Planning And Development (Exempted Development - External Wall Insulation) Bill 2025,https://data.oireachtas.ie/ie/oireachtas/def/house/dail,Dáil Éireann,Public,Current,2025-04-28,2025-05-22,/legislation,2026-07-20,05d2d845f4bda0c0,Second Stage,2025-05-21,34th Dáil,Current,2,3,Paul Murphy,,https://data.oireachtas.ie/ie/oireachtas/member/id/Paul-Murphy.D.2014-10-10,"[""Paul Murphy"",""Richard Boyd Barrett"",""Ruth Coppinger""]",[],source_uri_present,1,5,0,,,,,0,0,0,no_recorded_division,second_stage,Second Stage,30,Second Stage,34th Dáil,15,30,1,second_stage-15,Current|Second Stage|34th Dáil|2025-05-21,editorial_summary_required,certified_debate_available,do_not_infer_from_speeches,2026-09-06T18:41:34.147654+00:00,6
https://data.oireachtas.ie/ie/oireachtas/bill/2025/25,https://data.oireachtas.ie/ie/oireachtas/bill/2025/25,25,2025,Industrial Relations (Boycott of Joint Labour Committees) Bill 2025,Industrial Relations (Boycott of Joint Labour Committees) Bill 2025,https://data.oireachtas.ie/ie/oireachtas/def/house/dail,Dáil Éireann,Public,Current,2025-04-28,2025-10-01,/legislation,2026-07-20,cf0d550914536ec6,Second Stage,2025-05-21,34th Dáil,Current,2,1,George Lawlor,,https://data.oireachtas.ie/ie/oireachtas/member/id/George-Lawlor.D.2024-11-29,"[""George Lawlor""]",[],source_uri_present,3,15,1,https://data.oireachtas.ie/ie/oireachtas/division/house/dail/34/2025-10-01/vote_141,2025-10-01,"Question put: ""That the Bill be now read a Second Time.""",Lost,61,81,0,recorded_division_available,second_stage,Second Stage,30,Second Stage,34th Dáil,15,30,2,second_stage-15,Current|Second Stage|34th Dáil|2025-05-21,editorial_summary_required,certified_debate_available,recorded_vote_evidence_available,2026-09-06T18:41:34.147654+00:00,6
https://data.oireachtas.ie/ie/oireachtas/bill/2025/24,https://data.oireachtas.ie/ie/oireachtas/bill/2025/24,24,2025,Dereliction and Building Regeneration Bill 2025,Dereliction and Building Regeneration Bill 2025,https://data.oireachtas.ie/ie/oireachtas/def/house/seanad,Seanad Éireann,Public,Current,2025-05-13,2025-05-28,/legislation,2026-07-20,8cd834b5346ca17c,Second Stage,2025-05-20,27th Seanad,Current,2,4,Malcolm Noonan,,https://data.oireachtas.ie/ie/oireachtas/member/id/Malcolm-Noonan.D.2020-02-08,"[""Laura Harmon"",""Malcolm Noonan"",""Nessa Cosgrove"",""Patricia Stephenson""]",[],source_uri_present,0,0,0,,,,,0,0,0,,second_stage,Second Stage,30,Second Stage,27th Seanad,15,30,3,second_stage-15,Current|Second Stage|27th Seanad|2025-05-20,editorial_summary_required,no_certified_debate,do_not_infer_from_speeches,2026-09-06T18:41:34.147654+00:00,6
https://data.oireachtas.ie/ie/oireachtas/bill/2025/22,https://data.oireachtas.ie/ie/oireachtas/bill/2025/22,22,2025,Forty-first Amendment of the Constitution (Reduction of Voting Age to Sixteen Years) Bill 2025,Forty-first Amendment of the Constitution (Reduction of Voting Age to Sixteen Years) Bill 2025,https://data.oireachtas.ie/ie/oireachtas/def/house/dail,Dáil Éireann,Public,Current,2025-04-16,2025-11-19,/legislation,2026-07-20,5708bf932682a1da,Second Stage,2025-05-20,34th Dáil,Current,2,1,Aidan Farrelly,,https://data.oireachtas.ie/ie/oireachtas/member/id/Aidan-Farrelly.D.2024-11-29,"[""Aidan Farrelly""]",[],source_uri_present,4,37,1,https://data.oireachtas.ie/ie/oireachtas/division/house/dail/34/2025-11-19/vote_166,2025-11-19,Amendment put:,Carried,86,65,0,recorded_division_available,second_stage,Second Stage,30,Second Stage,34th Dáil,15,30,4,second_stage-15,Current|Second Stage|34th Dáil|2025-05-20,editorial_summary_required,certified_debate_available,recorded_vote_evidence_available,2026-09-06T18:41:34.147654+00:00,6
https://data.oireachtas.ie/ie/oireachtas/bill/2025/21,https://data.oireachtas.ie/ie/oireachtas/bill/2025/21,21,2025,Water Services (Amendment) Bill 2025,Water Services (Amendment) Bill 2025,https://data.oireachtas.ie/ie/oireachtas/def/house/dail,Dáil Éireann,Public,Current,2025-03-21,2025-05-15,/legislation,2026-07-20,e0bfbcacb7f06d3c,Second Stage,2025-05-14,34th Dáil,Current,2,4,Darren O'Rourke,,https://data.oireachtas.ie/ie/oireachtas/member/id/Darren-O'Rourke.D.2020-02-08,"[""Darren O'Rourke"",""Eoin Ó Broin"",""Johnny Guirke"",""Thomas Gould""]",[],source_uri_present,1,11,0,,,,,0,0,0,no_recorded_division,second_stage,Second Stage,30,Second Stage,34th Dáil,15,30,5,second_stage-15,Current|Second Stage|34th Dáil|2025-05-14,editorial_summary_required,certified_debate_available,do_not_infer_from_speeches,2026-09-06T18:41:34.147654+00:00,6
https://data.oireachtas.ie/ie/oireachtas/bill/2025/20,https://data.oireachtas.ie/ie/oireachtas/bill/2025/20,20,2025,Equality (Miscellaneous Provisions) Bill 2025,Equality (Miscellaneous Provisions) Bill 2025,https://data.oireachtas.ie/ie/oireachtas/def/house/seanad,Seanad Éireann,Public,Current,2025-03-31,2025-05-21,/legislation,2026-07-20,8ba5d13f42ac0c1a,Second Stage,2025-05-13,27th Seanad,Current,2,6,Chris Andrews,,https://data.oireachtas.ie/ie/oireachtas/member/id/Chris-Andrews.D.2007-06-14,"[""Chris Andrews"",""Conor Murphy"",""Joanne Collins"",""Maria McCormack"",""Nicole Ryan"",""Pauline Tully""]",[],source_uri_present,0,0,0,,,,,0,0,0,,second_stage,Second Stage,30,Second Stage,27th Seanad,15,30,6,second_stage-15,Current|Second Stage|27th Seanad|2025-05-13,editorial_summary_required,no_certified_debate,do_not_infer_from_speeches,2026-09-06T18:41:34.147654+00:00,6
https://data.oireachtas.ie/ie/oireachtas/bill/2025/19,https://data.oireachtas.ie/ie/oireachtas/bill/2025/19,19,2025,Public Health (Restriction on Sale of Stimulant Drinks to Children) Bill 2025,Public Health (Restriction on Sale of Stimulant Drinks to Children) Bill 2025,https://data.oireachtas.ie/ie/oireachtas/def/house/seanad,Seanad Éireann,Public,Current,2025-04-28,2025-05-14,/legislation,2026-07-20,08797198857aa7c2,Second Stage,2025-05-08,27th Seanad,Current,2,4,Sharon Keogan,,https://data.oireachtas.ie/ie/oireachtas/member/id/Sharon-Keogan.S.2020-03-30,"[""Diarmuid Wilson"",""Rónán Mullen"",""Sarah O'Reilly"",""Sharon Keogan""]",[],source_uri_present,0,0,0,,,,,0,0,0,,second_stage,Second Stage,30,Second Stage,27th Seanad,16,30,1,second_stage-16,Current|Second Stage|27th Seanad|2025-05-08,editorial_summary_required,no_certified_debate,do_not_infer_from_speeches,2026-09-06T18:41:34.147654+00:00,6
https://data.oireachtas.ie/ie/oireachtas/bill/2025/18,https://data.oireachtas.ie/ie/oireachtas/bill/2025/18,18,2025,Sale of Nitrous Oxide and Related Products Bill 2025,Sale of Nitrous Oxide and Related Products Bill 2025,https://data.oireachtas.ie/ie/oireachtas/def/house/dail,Dáil Éireann,Public,Current,2025-04-08,2026-01-21,/legislation,2026-07-20,f693afe6a1da5487,Second Stage,2025-04-30,34th Dáil,Current,2,2,Mark Ward,,https://data.oireachtas.ie/ie/oireachtas/member/id/Mark-Ward.D.2019-11-29,"[""Mark Ward"",""Seán Crowe""]",[],source_uri_present,3,35,1,https://data.oireachtas.ie/ie/oireachtas/division/house/dail/34/2026-01-21/vote_9,2026-01-21,Amendment put:,Carried,82,66,0,recorded_division_available,second_stage,Second Stage,30,Second Stage,34th Dáil,16,30,2,second_stage-16,Current|Second Stage|34th Dáil|2025-04-30,editorial_summary_required,certified_debate_available,recorded_vote_evidence_available,2026-09-06T18:41:34.147654+00:00,6
https://data.oireachtas.ie/ie/oireachtas/bill/2025/17,https://data.oireachtas.ie/ie/oireachtas/bill/2025/17,17,2025,Protection of Retail Workers Bill 2025,Protection of Retail Workers Bill 2025,https://data.oireachtas.ie/ie/oireachtas/def/house/seanad,Seanad Éireann,Public,Current,2025-03-31,2025-08-14,/legislation,2026-07-20,e4607d74b255f2ef,Second Stage,2025-04-29,27th Seanad,,2,4,Mary Fitzpatrick,,https://data.oireachtas.ie/ie/oireachtas/member/id/Mary-Fitzpatrick.S.2020-06-29,"[""Anne Rabbitte"",""Joe Flaherty"",""Mary Fitzpatrick"",""Teresa Costello""]",[],source_uri_present,0,0,0,,,,,0,0,0,,second_stage,Second Stage,30,Second Stage,27th Seanad,16,30,3,second_stage-16,Current|Second Stage|27th Seanad|2025-04-29,editorial_summary_required,no_certified_debate,do_not_infer_from_speeches,2026-09-06T18:41:34.147654+00:00,6
https://data.oireachtas.ie/ie/oireachtas/bill/2025/16,https://data.oireachtas.ie/ie/oireachtas/bill/2025/16,16,2025,Children’s Health (Ospidéal Náisiúnta Kathleen Lynn do Leanaí) (Amendment) Bill 2025,Children’s Health (Ospidéal Náisiúnta Kathleen Lynn do Leanaí) (Amendment) Bill 2025,https://data.oireachtas.ie/ie/oireachtas/def/house/dail,Dáil Éireann,Public,Current,2025-04-08,2025-04-30,/legislation,2026-07-20,9e1d2e6ea11500d0,Second Stage,2025-04-29,34th Dáil,Current,2,4,Aengus Ó Snodaigh,,https://data.oireachtas.ie/ie/oireachtas/member/id/Aengus-Ó-Snodaigh.D.2002-06-06,"[""Aengus Ó Snodaigh"",""David Cullinane"",""Máire Devine"",""Rose Conway-Walsh""]",[],source_uri_present,1,9,0,,,,,0,0,0,no_recorded_division,second_stage,Second Stage,30,Second Stage,34th Dáil,16,30,4,second_stage-16,Current|Second Stage|34th Dáil|2025-04-29,editorial_summary_required,certified_debate_available,do_not_infer_from_speeches,2026-09-06T18:41:34.147654+00:00,6
https://data.oireachtas.ie/ie/oireachtas/bill/2025/15,https://data.oireachtas.ie/ie/oireachtas/bill/2025/15,15,2025,Criminal Law (Prohibition of the Disclosure of Counselling Records) Bill 2025,Criminal Law (Prohibition of the Disclosure of Counselling Records) Bill 2025,https://data.oireachtas.ie/ie/oireachtas/def/house/dail,Dáil Éireann,Public,Current,2025-04-07,2025-06-18,/legislation,2026-07-20,f451b95197e2ed83,Second Stage,2025-04-29,34th Dáil,Current,2,3,Ruth Coppinger,,https://data.oireachtas.ie/ie/oireachtas/member/id/Ruth-Coppinger.D.2014-05-23,"[""Paul Murphy"",""Richard Boyd Barrett"",""Ruth Coppinger""]",[],source_uri_present,3,20,1,https://data.oireachtas.ie/ie/oireachtas/division/house/dail/34/2025-06-18/vote_87,2025-06-18,Amendment put:,Carried,83,67,0,recorded_division_available,second_stage,Second Stage,30,Second Stage,34th Dáil,16,30,5,second_stage-16,Current|Second Stage|34th Dáil|2025-04-29,editorial_summary_required,certified_debate_available,recorded_vote_evidence_available,2026-09-06T18:41:34.147654+00:00,6
https://data.oireachtas.ie/ie/oireachtas/bill/2025/14,https://data.oireachtas.ie/ie/oireachtas/bill/2025/14,14,2025,Guardianship of Infants (Amendment) Bill 2025,Guardianship of Infants (Amendment) Bill 2025,https://data.oireachtas.ie/ie/oireachtas/def/house/dail,Dáil Éireann,Public,Current,2025-04-08,2025-04-30,/legislation,2026-07-20,7139883ee0295c20,Second Stage,2025-04-29,34th Dáil,Current,2,1,Gary Gannon,,https://data.oireachtas.ie/ie/oireachtas/member/id/Gary-Gannon.D.2020-02-08,"[""Gary Gannon""]",[],source_uri_present,1,5,0,,,,,0,0,0,no_recorded_division,second_stage,Second Stage,30,Second Stage,34th Dáil,16,30,6,second_stage-16,Current|Second Stage|34th Dáil|2025-04-29,editorial_summary_required,certified_debate_available,do_not_infer_from_speeches,2026-09-06T18:41:34.147654+00:00,6
https://data.oireachtas.ie/ie/oireachtas/bill/2025/11,https://data.oireachtas.ie/ie/oireachtas/bill/2025/11,11,2025,Protection of Voice and Image Bill 2025,Protection of Voice and Image Bill 2025,https://data.oireachtas.ie/ie/oireachtas/def/house/dail,Dáil Éireann,Public,Current,2025-03-10,2026-06-12,/legislation,2026-07-20,9711485bbe37bb3b,Second Stage,2025-04-01,34th Dáil,,2,1,Malcolm Byrne,,https://data.oireachtas.ie/ie/oireachtas/member/id/Malcolm-Byrne.D.2019-11-29,"[""Malcolm Byrne""]",[],source_uri_present,2,13,0,,,,,0,0,0,no_recorded_division,second_stage,Second Stage,30,Second Stage,34th Dáil,17,30,1,second_stage-17,Current|Second Stage|34th Dáil|2025-04-01,editorial_summary_required,certified_debate_available,do_not_infer_from_speeches,2026-09-06T18:41:34.147654+00:00,6
https://data.oireachtas.ie/ie/oireachtas/bill/2025/8,https://data.oireachtas.ie/ie/oireachtas/bill/2025/8,8,2025,Thirty-ninth Amendment of the Constitution (Judicial Oath of Office) Bill 2025,Thirty-ninth Amendment of the Constitution (Judicial Oath of Office) Bill 2025,https://data.oireachtas.ie/ie/oireachtas/def/house/dail,Dáil Éireann,Public,Current,2025-02-07,2025-03-21,/legislation,2026-07-20,9bb3a97ea72e826f,Second Stage,2025-03-20,34th Dáil,Current,2,1,Barry Ward,,https://data.oireachtas.ie/ie/oireachtas/member/id/Barry-Ward.S.2020-03-30,"[""Barry Ward""]",[],source_uri_present,2,5,0,,,,,0,0,0,no_recorded_division,second_stage,Second Stage,30,Second Stage,34th Dáil,17,30,2,second_stage-17,Current|Second Stage|34th Dáil|2025-03-20,editorial_summary_required,certified_debate_available,do_not_infer_from_speeches,2026-09-06T18:41:34.147654+00:00,6
https://data.oireachtas.ie/ie/oireachtas/bill/2024/71,https://data.oireachtas.ie/ie/oireachtas/bill/2024/71,71,2024,Domestic Violence (Amendment) (No. 3) Bill 2024,Domestic Violence (Amendment) (No. 3) Bill 2024,https://data.oireachtas.ie/ie/oireachtas/def/house/seanad,Seanad Éireann,Public,Current,2024-09-13,2025-03-05,/legislation,2026-07-20,b67a8f3de5a1b4d2,Second Stage,2025-01-29,27th Seanad,Current,2,1,Vincent P. Martin,,https://data.oireachtas.ie/ie/oireachtas/member/id/Vincent-P-Martin.S.2020-06-29,"[""Vincent P. Martin""]",[],source_uri_present,0,0,0,,,,,0,0,0,,second_stage,Second Stage,30,Second Stage,27th Seanad,17,30,3,second_stage-17,Current|Second Stage|27th Seanad|2025-01-29,editorial_summary_required,no_certified_debate,do_not_infer_from_speeches,2026-09-06T18:41:34.147654+00:00,6
https://data.oireachtas.ie/ie/oireachtas/bill/2024/49,https://data.oireachtas.ie/ie/oireachtas/bill/2024/49,49,2024,Health (Postponement of Certain Leave) Bill 2024,Health (Postponement of Certain Leave) Bill 2024,https://data.oireachtas.ie/ie/oireachtas/def/house/seanad,Seanad Éireann,Public,Current,2024-06-06,2025-03-28,/legislation,2026-07-20,b9cd55d6065630be,Second Stage,2025-01-29,27th Seanad,Current,2,5,Catherine Ardagh,,https://data.oireachtas.ie/ie/oireachtas/member/id/Catherine-Ardagh.S.2016-04-25,"[""Catherine Ardagh"",""Denis O'Donovan"",""Malcolm Byrne"",""Mary Fitzpatrick"",""Paul Daly""]",[],source_uri_present,0,0,0,,,,,0,0,0,,second_stage,Second Stage,30,Second Stage,27th Seanad,17,30,4,second_stage-17,Current|Second Stage|27th Seanad|2025-01-29,editorial_summary_required,no_certified_debate,do_not_infer_from_speeches,2026-09-06T18:41:34.147654+00:00,6
https://data.oireachtas.ie/ie/oireachtas/bill/2021/61,https://data.oireachtas.ie/ie/oireachtas/bill/2021/61,61,2021,Clean Air (Smoky Coal Ban) Bill 2021,Clean Air (Smoky Coal Ban) Bill 2021,https://data.oireachtas.ie/ie/oireachtas/def/house/seanad,Seanad Éireann,Public,Current,2021-02-09,2025-03-28,/legislation,2026-07-20,60acec42b753ff67,Second Stage,2025-01-29,27th Seanad,Current,2,3,Timmy Dooley,,https://data.oireachtas.ie/ie/oireachtas/member/id/Timmy-Dooley.S.2002-09-12,"[""Fiona O'Loughlin"",""Mary Fitzpatrick"",""Timmy Dooley""]",[],source_uri_present,0,0,0,,,,,0,0,0,,second_stage,Second Stage,30,Second Stage,27th Seanad,17,30,5,second_stage-17,Current|Second Stage|27th Seanad|2025-01-29,editorial_summary_required,no_certified_debate,do_not_infer_from_speeches,2026-09-06T18:41:34.147654+00:00,6
https://data.oireachtas.ie/ie/oireachtas/bill/2024/75,https://data.oireachtas.ie/ie/oireachtas/bill/2024/75,75,2024,Animal Sentience Bill 2024,Animal Sentience Bill 2024,https://data.oireachtas.ie/ie/oireachtas/def/house/dail,Dáil Éireann,Public,Current,2024-08-07,2025-05-02,/legislation,2026-07-20,7831657a57e6af1e,Second Stage,2024-11-08,33rd Dáil,Current,2,4,Paul Murphy,,https://data.oireachtas.ie/ie/oireachtas/member/id/Paul-Murphy.D.2014-10-10,"[""Bríd Smith"",""Gino Kenny"",""Paul Murphy"",""Richard Boyd Barrett""]",[],source_uri_present,0,0,0,,,,,0,0,0,,second_stage,Second Stage,30,Second Stage,33rd Dáil,17,30,6,second_stage-17,Current|Second Stage|33rd Dáil|2024-11-08,editorial_summary_required,no_certified_debate,do_not_infer_from_speeches,2026-09-06T18:41:34.147654+00:00,6
https://data.oireachtas.ie/ie/oireachtas/bill/2024/70,https://data.oireachtas.ie/ie/oireachtas/bill/2024/70,70,2024,Animal Health and Welfare (Prohibition of Animal Testing for Botox) (Amendment) Bill 2024,Animal Health and Welfare (Prohibition of Animal Testing for Botox) (Amendment) Bill 2024,https://data.oireachtas.ie/ie/oireachtas/def/house/dail,Dáil Éireann,Public,Current,2024-07-03,2025-05-02,/legislation,2026-07-20,e35ac01c23aa2255,Second Stage,2024-11-08,33rd Dáil,Current,2,5,Paul Murphy,,https://data.oireachtas.ie/ie/oireachtas/member/id/Paul-Murphy.D.2014-10-10,"[""Bríd Smith"",""Gino Kenny"",""Mick Barry"",""Paul Murphy"",""Richard Boyd Barrett""]",[],source_uri_present,0,0,0,,,,,0,0,0,,second_stage,Second Stage,30,Second Stage,33rd Dáil,18,30,1,second_stage-18,Current|Second Stage|33rd Dáil|2024-11-08,editorial_summary_required,no_certified_debate,do_not_infer_from_speeches,2026-09-06T18:41:34.147654+00:00,6
https://data.oireachtas.ie/ie/oireachtas/bill/2024/50,https://data.oireachtas.ie/ie/oireachtas/bill/2024/50,50,2024,Voluntary Assisted Dying Bill 2024,Voluntary Assisted Dying Bill 2024,https://data.oireachtas.ie/ie/oireachtas/def/house/dail,Dáil Éireann,Public,Current,2024-06-18,2025-05-02,/legislation,2026-07-20,aceb3f3c86c99956,Second Stage,2024-11-08,33rd Dáil,Current,2,1,Gino Kenny,,https://data.oireachtas.ie/ie/oireachtas/member/id/Gino-Kenny.D.2016-10-03,"[""Gino Kenny""]",[],source_uri_present,0,0,0,,,,,0,0,0,,second_stage,Second Stage,30,Second Stage,33rd Dáil,18,30,2,second_stage-18,Current|Second Stage|33rd Dáil|2024-11-08,editorial_summary_required,no_certified_debate,do_not_infer_from_speeches,2026-09-06T18:41:34.147654+00:00,6
https://data.oireachtas.ie/ie/oireachtas/bill/2024/41,https://data.oireachtas.ie/ie/oireachtas/bill/2024/41,41,2024,Emergency Price Controls Bill 2024,Emergency Price Controls Bill 2024,https://data.oireachtas.ie/ie/oireachtas/def/house/dail,Dáil Éireann,Public,Current,2024-05-20,2025-05-02,/legislation,2026-07-20,1043d5c42887e649,Second Stage,2024-11-08,33rd Dáil,Current,2,5,Richard Boyd Barrett,,https://data.oireachtas.ie/ie/oireachtas/member/id/Richard-Boyd-Barrett.D.2011-03-09,"[""Bríd Smith"",""Gino Kenny"",""Mick Barry"",""Paul Murphy"",""Richard Boyd Barrett""]",[],source_uri_present,0,0,0,,,,,0,0,0,,second_stage,Second Stage,30,Second Stage,33rd Dáil,18,30,3,second_stage-18,Current|Second Stage|33rd Dáil|2024-11-08,editorial_summary_required,no_certified_debate,do_not_infer_from_speeches,2026-09-06T18:41:34.147654+00:00,6
https://data.oireachtas.ie/ie/oireachtas/bill/2024/39,https://data.oireachtas.ie/ie/oireachtas/bill/2024/39,39,2024,Protection of Hedgerows Bill 2024,Protection of Hedgerows Bill 2024,https://data.oireachtas.ie/ie/oireachtas/def/house/dail,Dáil Éireann,Public,Current,2024-05-16,2025-05-02,/legislation,2026-07-20,e46b1d7d396e0a24,Second Stage,2024-11-08,33rd Dáil,Current,2,3,Marc Ó Cathasaigh,,https://data.oireachtas.ie/ie/oireachtas/member/id/Marc-Ó-Cathasaigh.D.2020-02-08,"[""Brian Leddin"",""Marc Ó Cathasaigh"",""Steven Matthews""]",[],source_uri_present,0,0,0,,,,,0,0,0,,second_stage,Second Stage,30,Second Stage,33rd Dáil,18,30,4,second_stage-18,Current|Second Stage|33rd Dáil|2024-11-08,editorial_summary_required,no_certified_debate,do_not_infer_from_speeches,2026-09-06T18:41:34.147654+00:00,6
https://data.oireachtas.ie/ie/oireachtas/bill/2024/14,https://data.oireachtas.ie/ie/oireachtas/bill/2024/14,14,2024,Prohibition of Fossil Fuel Advertising Bill 2024,Prohibition of Fossil Fuel Advertising Bill 2024,https://data.oireachtas.ie/ie/oireachtas/def/house/dail,Dáil Éireann,Public,Current,2024-02-23,2025-05-02,/legislation,2026-07-20,e9cb69468d4f8530,Second Stage,2024-11-08,33rd Dáil,Current,2,5,Paul Murphy,,https://data.oireachtas.ie/ie/oireachtas/member/id/Paul-Murphy.D.2014-10-10,"[""Bríd Smith"",""Gino Kenny"",""Mick Barry"",""Paul Murphy"",""Richard Boyd Barrett""]",[],source_uri_present,0,0,0,,,,,0,0,0,,second_stage,Second Stage,30,Second Stage,33rd Dáil,18,30,5,second_stage-18,Current|Second Stage|33rd Dáil|2024-11-08,editorial_summary_required,no_certified_debate,do_not_infer_from_speeches,2026-09-06T18:41:34.147654+00:00,6
https://data.oireachtas.ie/ie/oireachtas/bill/2024/13,https://data.oireachtas.ie/ie/oireachtas/bill/2024/13,13,2024,Law Reform (Contracts) Bill 2024,Law Reform (Contracts) Bill 2024,https://data.oireachtas.ie/ie/oireachtas/def/house/dail,Dáil Éireann,Public,Current,2024-02-23,2025-05-02,/legislation,2026-07-20,6efb2b19e27b52bc,Second Stage,2024-11-08,33rd Dáil,Current,2,1,Patrick Costello,,https://data.oireachtas.ie/ie/oireachtas/member/id/Patrick-Costello.D.2020-02-08,"[""Patrick Costello""]",[],source_uri_present,0,0,0,,,,,0,0,0,,second_stage,Second Stage,30,Second Stage,33rd Dáil,18,30,6,second_stage-18,Current|Second Stage|33rd Dáil|2024-11-08,editorial_summary_required,no_certified_debate,do_not_infer_from_speeches,2026-09-06T18:41:34.147654+00:00,6
https://data.oireachtas.ie/ie/oireachtas/bill/2024/11,https://data.oireachtas.ie/ie/oireachtas/bill/2024/11,11,2024,Electoral (Home Addresses of Candidates) Bill 2024,Electoral (Home Addresses of Candidates) Bill 2024,https://data.oireachtas.ie/ie/oireachtas/def/house/dail,Dáil Éireann,Public,Current,2024-02-02,2025-05-02,/legislation,2026-07-20,12e3a733fc51f352,Second Stage,2024-11-08,33rd Dáil,Current,2,1,Jennifer Whitmore,,https://data.oireachtas.ie/ie/oireachtas/member/id/Jennifer-Whitmore.D.2020-02-08,"[""Jennifer Whitmore""]",[],source_uri_present,0,0,0,,,,,0,0,0,,second_stage,Second Stage,30,Second Stage,33rd Dáil,19,30,1,second_stage-19,Current|Second Stage|33rd Dáil|2024-11-08,editorial_summary_required,no_certified_debate,do_not_infer_from_speeches,2026-09-06T18:41:34.147654+00:00,6
https://data.oireachtas.ie/ie/oireachtas/bill/2023/78,https://data.oireachtas.ie/ie/oireachtas/bill/2023/78,78,2023,Local Government (Community Gardens) Bill 2023,Local Government (Community Gardens) Bill 2023,https://data.oireachtas.ie/ie/oireachtas/def/house/dail,Dáil Éireann,Public,Current,2023-10-24,2025-05-02,/legislation,2026-07-20,50eb7d774a52d9fe,Second Stage,2024-11-08,33rd Dáil,Current,2,5,Marc Ó Cathasaigh,,https://data.oireachtas.ie/ie/oireachtas/member/id/Marc-Ó-Cathasaigh.D.2020-02-08,"[""Brian Leddin"",""Francis Noel Duffy"",""Marc Ó Cathasaigh"",""Patrick Costello"",""Steven Matthews""]",[],source_uri_present,0,0,0,,,,,0,0,0,,second_stage,Second Stage,30,Second Stage,33rd Dáil,19,30,2,second_stage-19,Current|Second Stage|33rd Dáil|2024-11-08,editorial_summary_required,no_certified_debate,do_not_infer_from_speeches,2026-09-06T18:41:34.147654+00:00,6
https://data.oireachtas.ie/ie/oireachtas/bill/2023/46,https://data.oireachtas.ie/ie/oireachtas/bill/2023/46,46,2023,Protection of Hares Bill 2023,Protection of Hares Bill 2023,https://data.oireachtas.ie/ie/oireachtas/def/house/dail,Dáil Éireann,Public,Current,2023-05-22,2025-05-02,/legislation,2026-07-20,d063d2e8ada0e39c,Second Stage,2024-11-08,33rd Dáil,Current,2,1,Jennifer Whitmore,,https://data.oireachtas.ie/ie/oireachtas/member/id/Jennifer-Whitmore.D.2020-02-08,"[""Jennifer Whitmore""]",[],source_uri_present,0,0,0,,,,,0,0,0,,second_stage,Second Stage,30,Second Stage,33rd Dáil,19,30,3,second_stage-19,Current|Second Stage|33rd Dáil|2024-11-08,editorial_summary_required,no_certified_debate,do_not_infer_from_speeches,2026-09-06T18:41:34.147654+00:00,6
https://data.oireachtas.ie/ie/oireachtas/bill/2023/45,https://data.oireachtas.ie/ie/oireachtas/bill/2023/45,45,2023,Non-Fatal Offences against the Person (Amendment) (Spiking) Bill 2023,Non-Fatal Offences against the Person (Amendment) (Spiking) Bill 2023,https://data.oireachtas.ie/ie/oireachtas/def/house/seanad,Seanad Éireann,Public,Current,2023-05-18,2025-05-02,/legislation,2026-07-20,76824a23617cbbf1,Second Stage,2024-11-08,33rd Dáil,Current,6,15,Regina Doherty,,https://data.oireachtas.ie/ie/oireachtas/member/id/Regina-Doherty.D.2011-03-09,"[""Aisling Dolan"",""Barry Ward"",""Emer Currie"",""Garret Ahearn"",""Joe O'Reilly"",""John Cummins"",""John McGahon"",""Maria Byrne"",""Martin Conway"",""Mary Seery Kearney"",""Micheál Carrigy"",""Paddy Burke"",""Regina Doherty"",""Seán Kyne"",""Tim Lombard""]",[],source_uri_present,0,0,0,,,,,0,0,0,,second_stage,Second Stage,30,Second Stage,33rd Dáil,19,30,4,second_stage-19,Current|Second Stage|33rd Dáil|2024-11-08,editorial_summary_required,no_certified_debate,do_not_infer_from_speeches,2026-09-06T18:41:34.147654+00:00,6
https://data.oireachtas.ie/ie/oireachtas/bill/2023/44,https://data.oireachtas.ie/ie/oireachtas/bill/2023/44,44,2023,Ban Private Jet Aircraft from Irish Airspace Bill 2023,Ban Private Jet Aircraft from Irish Airspace Bill 2023,https://data.oireachtas.ie/ie/oireachtas/def/house/dail,Dáil Éireann,Public,Current,2023-05-10,2025-05-02,/legislation,2026-07-20,1a99565cf151e54a,Second Stage,2024-11-08,33rd Dáil,Current,2,5,Paul Murphy,,https://data.oireachtas.ie/ie/oireachtas/member/id/Paul-Murphy.D.2014-10-10,"[""Bríd Smith"",""Gino Kenny"",""Mick Barry"",""Paul Murphy"",""Richard Boyd Barrett""]",[],source_uri_present,0,0,0,,,,,0,0,0,,second_stage,Second Stage,30,Second Stage,33rd Dáil,19,30,5,second_stage-19,Current|Second Stage|33rd Dáil|2024-11-08,editorial_summary_required,no_certified_debate,do_not_infer_from_speeches,2026-09-06T18:41:34.147654+00:00,6
https://data.oireachtas.ie/ie/oireachtas/bill/2023/39,https://data.oireachtas.ie/ie/oireachtas/bill/2023/39,39,2023,Urban Tree Protection and Sites Locally Important for Ecology Bill 2023,Urban Tree Protection and Sites Locally Important for Ecology Bill 2023,https://data.oireachtas.ie/ie/oireachtas/def/house/dail,Dáil Éireann,Public,Current,2023-04-17,2025-05-02,/legislation,2026-07-20,b750d3be452f76b3,Second Stage,2024-11-08,33rd Dáil,Current,2,1,Steven Matthews,,https://data.oireachtas.ie/ie/oireachtas/member/id/Steven-Matthews.D.2020-02-08,"[""Steven Matthews""]",[],source_uri_present,0,0,0,,,,,0,0,0,,second_stage,Second Stage,30,Second Stage,33rd Dáil,19,30,6,second_stage-19,Current|Second Stage|33rd Dáil|2024-11-08,editorial_summary_required,no_certified_debate,do_not_infer_from_speeches,2026-09-06T18:41:34.147654+00:00,6
https://data.oireachtas.ie/ie/oireachtas/bill/2023/36,https://data.oireachtas.ie/ie/oireachtas/bill/2023/36,36,2023,Legal Aid (Amendment) Bill 2023,Legal Aid (Amendment) Bill 2023,https://data.oireachtas.ie/ie/oireachtas/def/house/dail,Dáil Éireann,Public,Current,2023-04-25,2025-05-02,/legislation,2026-07-20,3c2c578ade30399e,Second Stage,2024-11-08,33rd Dáil,Current,2,1,Patrick Costello,,https://data.oireachtas.ie/ie/oireachtas/member/id/Patrick-Costello.D.2020-02-08,"[""Patrick Costello""]",[],source_uri_present,0,0,0,,,,,0,0,0,,second_stage,Second Stage,30,Second Stage,33rd Dáil,20,30,1,second_stage-20,Current|Second Stage|33rd Dáil|2024-11-08,editorial_summary_required,no_certified_debate,do_not_infer_from_speeches,2026-09-06T18:41:34.147654+00:00,6
https://data.oireachtas.ie/ie/oireachtas/bill/2023/23,https://data.oireachtas.ie/ie/oireachtas/bill/2023/23,23,2023,Unfair Dismissals (Increased Protections for Workers) (Amendment) Bill 2023,Unfair Dismissals (Increased Protections for Workers) (Amendment) Bill 2023,https://data.oireachtas.ie/ie/oireachtas/def/house/dail,Dáil Éireann,Public,Current,2022-09-27,2025-05-02,/legislation,2026-07-20,0863ee13120d25b2,Second Stage,2024-11-08,33rd Dáil,Current,2,1,Catherine Murphy,,https://data.oireachtas.ie/ie/oireachtas/member/id/Catherine-Murphy.D.2005-03-11,"[""Catherine Murphy""]",[],source_uri_present,0,0,0,,,,,0,0,0,,second_stage,Second Stage,30,Second Stage,33rd Dáil,20,30,2,second_stage-20,Current|Second Stage|33rd Dáil|2024-11-08,editorial_summary_required,no_certified_debate,do_not_infer_from_speeches,2026-09-06T18:41:34.147654+00:00,6
https://data.oireachtas.ie/ie/oireachtas/bill/2023/16,https://data.oireachtas.ie/ie/oireachtas/bill/2023/16,16,2023,Standards in Public Office (Amendment) Bill 2023,Standards in Public Office (Amendment) Bill 2023,https://data.oireachtas.ie/ie/oireachtas/def/house/dail,Dáil Éireann,Public,Current,2023-02-17,2025-05-02,/legislation,2026-07-20,2912539a20a6f660,Second Stage,2024-11-08,33rd Dáil,Current,2,2,Mairéad Farrell,,https://data.oireachtas.ie/ie/oireachtas/member/id/Mairéad-Farrell.D.2020-02-08,"[""Mairéad Farrell"",""Pat Buckley""]",[],source_uri_present,0,0,0,,,,,0,0,0,,second_stage,Second Stage,30,Second Stage,33rd Dáil,20,30,3,second_stage-20,Current|Second Stage|33rd Dáil|2024-11-08,editorial_summary_required,no_certified_debate,do_not_infer_from_speeches,2026-09-06T18:41:34.147654+00:00,6
https://data.oireachtas.ie/ie/oireachtas/bill/2023/15,https://data.oireachtas.ie/ie/oireachtas/bill/2023/15,15,2023,Electricity Regulation (Amendment) (Protection of Financially Vulnerable Customers) Bill 2023,Electricity Regulation (Amendment) (Protection of Financially Vulnerable Customers) Bill 2023,https://data.oireachtas.ie/ie/oireachtas/def/house/dail,Dáil Éireann,Public,Current,2023-01-10,2025-05-02,/legislation,2026-07-20,e0896c6ca6abc526,Second Stage,2024-11-08,33rd Dáil,Current,2,1,Jennifer Whitmore,,https://data.oireachtas.ie/ie/oireachtas/member/id/Jennifer-Whitmore.D.2020-02-08,"[""Jennifer Whitmore""]",[],source_uri_present,0,0,0,,,,,0,0,0,,second_stage,Second Stage,30,Second Stage,33rd Dáil,20,30,4,second_stage-20,Current|Second Stage|33rd Dáil|2024-11-08,editorial_summary_required,no_certified_debate,do_not_infer_from_speeches,2026-09-06T18:41:34.147654+00:00,6
https://data.oireachtas.ie/ie/oireachtas/bill/2022/70,https://data.oireachtas.ie/ie/oireachtas/bill/2022/70,70,2022,Central Bank (Variable Rate Mortgages) Bill 2022,Central Bank (Variable Rate Mortgages) Bill 2022,https://data.oireachtas.ie/ie/oireachtas/def/house/dail,Dáil Éireann,Public,Current,2022-06-09,2025-05-02,/legislation,2026-07-20,92af21e17a223e2a,Second Stage,2024-11-08,33rd Dáil,Current,2,1,Ged Nash,,https://data.oireachtas.ie/ie/oireachtas/member/id/Gerald-Nash.D.2011-03-09,"[""Ged Nash""]",[],source_uri_present,0,0,0,,,,,0,0,0,,second_stage,Second Stage,30,Second Stage,33rd Dáil,20,30,5,second_stage-20,Current|Second Stage|33rd Dáil|2024-11-08,editorial_summary_required,no_certified_debate,do_not_infer_from_speeches,2026-09-06T18:41:34.147654+00:00,6
https://data.oireachtas.ie/ie/oireachtas/bill/2022/64,https://data.oireachtas.ie/ie/oireachtas/bill/2022/64,64,2022,Litter Pollution (Amendment) Bill 2022,Litter Pollution (Amendment) Bill 2022,https://data.oireachtas.ie/ie/oireachtas/def/house/dail,Dáil Éireann,Public,Current,2022-03-30,2026-06-25,/legislation,2026-07-20,e3f3840ebbb875a2,Second Stage,2024-11-08,33rd Dáil,Current,2,1,Patrick Costello,,https://data.oireachtas.ie/ie/oireachtas/member/id/Patrick-Costello.D.2020-02-08,"[""Patrick Costello""]",[],source_uri_present,0,0,0,,,,,0,0,0,,second_stage,Second Stage,30,Second Stage,33rd Dáil,20,30,6,second_stage-20,Current|Second Stage|33rd Dáil|2024-11-08,editorial_summary_required,no_certified_debate,do_not_infer_from_speeches,2026-09-06T18:41:34.147654+00:00,6
https://data.oireachtas.ie/ie/oireachtas/bill/2022/31,https://data.oireachtas.ie/ie/oireachtas/bill/2022/31,31,2022,Education (Admission to Schools) (Co-Education) Bill 2022,Education (Admission to Schools) (Co-Education) Bill 2022,https://data.oireachtas.ie/ie/oireachtas/def/house/dail,Dáil Éireann,Public,Current,2022-03-04,2025-05-02,/legislation,2026-07-20,406fada562293d19,Second Stage,2024-11-08,33rd Dáil,Current,2,7,Aodhán Ó Ríordáin,,https://data.oireachtas.ie/ie/oireachtas/member/id/Aodhán-Ó-Ríordáin.D.2011-03-09,"[""Alan Kelly"",""Aodhán Ó Ríordáin"",""Brendan Howlin"",""Duncan Smith"",""Ged Nash"",""Ivana Bacik"",""Seán Sherlock""]",[],source_uri_present,0,0,0,,,,,0,0,0,,second_stage,Second Stage,30,Second Stage,33rd Dáil,21,30,1,second_stage-21,Current|Second Stage|33rd Dáil|2024-11-08,editorial_summary_required,no_certified_debate,do_not_infer_from_speeches,2026-09-06T18:41:34.147654+00:00,6
https://data.oireachtas.ie/ie/oireachtas/bill/2022/25,https://data.oireachtas.ie/ie/oireachtas/bill/2022/25,25,2022,Planning and Development (Liquefied Natural Gas - LNG) (Amendment) Bill 2022,Planning and Development (Liquefied Natural Gas - LNG) (Amendment) Bill 2022,https://data.oireachtas.ie/ie/oireachtas/def/house/dail,Dáil Éireann,Public,Current,2022-02-22,2025-05-02,/legislation,2026-07-20,1ad8f018314e9661,Second Stage,2024-11-08,33rd Dáil,Current,2,1,Neasa Hourigan,,https://data.oireachtas.ie/ie/oireachtas/member/id/Neasa-Hourigan.D.2020-02-08,"[""Neasa Hourigan""]",[],source_uri_present,0,0,0,,,,,0,0,0,,second_stage,Second Stage,30,Second Stage,33rd Dáil,21,30,2,second_stage-21,Current|Second Stage|33rd Dáil|2024-11-08,editorial_summary_required,no_certified_debate,do_not_infer_from_speeches,2026-09-06T18:41:34.147654+00:00,6
https://data.oireachtas.ie/ie/oireachtas/bill/2022/11,https://data.oireachtas.ie/ie/oireachtas/bill/2022/11,11,2022,Criminal Law (Human Trafficking) (Amendment) Bill 2022,Criminal Law (Human Trafficking) (Amendment) Bill 2022,https://data.oireachtas.ie/ie/oireachtas/def/house/dail,Dáil Éireann,Public,Current,2022-01-11,2025-05-02,/legislation,2026-07-20,8baf9cf5af275259,Second Stage,2024-11-08,33rd Dáil,Current,2,1,Patrick Costello,,https://data.oireachtas.ie/ie/oireachtas/member/id/Patrick-Costello.D.2020-02-08,"[""Patrick Costello""]",[],source_uri_present,0,0,0,,,,,0,0,0,,second_stage,Second Stage,30,Second Stage,33rd Dáil,21,30,3,second_stage-21,Current|Second Stage|33rd Dáil|2024-11-08,editorial_summary_required,no_certified_debate,do_not_infer_from_speeches,2026-09-06T18:41:34.147654+00:00,6
https://data.oireachtas.ie/ie/oireachtas/bill/2021/146,https://data.oireachtas.ie/ie/oireachtas/bill/2021/146,146,2021,Protection of Children’s Health (Idling of Mechanically Propelled Vehicles in Vicinity of Schools) Bill 2021,Protection of Children’s Health (Idling of Mechanically Propelled Vehicles in Vicinity of Schools) Bill 2021,https://data.oireachtas.ie/ie/oireachtas/def/house/dail,Dáil Éireann,Public,Current,2021-11-10,2025-05-02,/legislation,2026-07-20,f01c1201bc0b25b9,Second Stage,2024-11-08,33rd Dáil,Current,2,1,Jennifer Whitmore,,https://data.oireachtas.ie/ie/oireachtas/member/id/Jennifer-Whitmore.D.2020-02-08,"[""Jennifer Whitmore""]",[],source_uri_present,0,0,0,,,,,0,0,0,,second_stage,Second Stage,30,Second Stage,33rd Dáil,21,30,4,second_stage-21,Current|Second Stage|33rd Dáil|2024-11-08,editorial_summary_required,no_certified_debate,do_not_infer_from_speeches,2026-09-06T18:41:34.147654+00:00,6
https://data.oireachtas.ie/ie/oireachtas/bill/2021/139,https://data.oireachtas.ie/ie/oireachtas/bill/2021/139,139,2021,Protection of Private Residences (Against Targeted Picketing) Bill 2021,Protection of Private Residences (Against Targeted Picketing) Bill 2021,https://data.oireachtas.ie/ie/oireachtas/def/house/seanad,Seanad Éireann,Public,Current,2021-11-02,2025-05-02,/legislation,2026-07-20,7cb66c9559f4d82d,Second Stage,2024-11-08,33rd Dáil,Current,6,2,Malcolm Byrne,,https://data.oireachtas.ie/ie/oireachtas/member/id/Malcolm-Byrne.D.2019-11-29,"[""Fiona O'Loughlin"",""Malcolm Byrne""]",[],source_uri_present,0,0,0,,,,,0,0,0,,second_stage,Second Stage,30,Second Stage,33rd Dáil,21,30,5,second_stage-21,Current|Second Stage|33rd Dáil|2024-11-08,editorial_summary_required,no_certified_debate,do_not_infer_from_speeches,2026-09-06T18:41:34.147654+00:00,6
https://data.oireachtas.ie/ie/oireachtas/bill/2021/133,https://data.oireachtas.ie/ie/oireachtas/bill/2021/133,133,2021,Protection of the Native Irish Honey Bee Bill 2021,Protection of the Native Irish Honey Bee Bill 2021,https://data.oireachtas.ie/ie/oireachtas/def/house/seanad,Seanad Éireann,Public,Current,2021-09-28,2025-05-02,/legislation,2026-07-20,73a27d74cc91bd17,Second Stage,2024-11-08,33rd Dáil,Current,6,12,Vincent P. Martin,,https://data.oireachtas.ie/ie/oireachtas/member/id/Vincent-P-Martin.S.2020-06-29,"[""Alice-Mary Higgins"",""David P.B. Norris"",""Erin McGreehan"",""Fintan Warfield"",""Gerard P. Craughwell"",""Lynn Boylan"",""Mark Wall"",""Mary Seery Kearney"",""Niall Ó Donnghaile"",""Paul Gavan"",""Róisín Garvey"",""Vincent P. Martin""]",[],source_uri_present,0,0,0,,,,,0,0,0,,second_stage,Second Stage,30,Second Stage,33rd Dáil,21,30,6,second_stage-21,Current|Second Stage|33rd Dáil|2024-11-08,editorial_summary_required,no_certified_debate,do_not_infer_from_speeches,2026-09-06T18:41:34.147654+00:00,6
https://data.oireachtas.ie/ie/oireachtas/bill/2021/115,https://data.oireachtas.ie/ie/oireachtas/bill/2021/115,115,2021,Local Government (Amendment) (Transparency in Allocation of Funding) Bill 2021,Local Government (Amendment) (Transparency in Allocation of Funding) Bill 2021,https://data.oireachtas.ie/ie/oireachtas/def/house/dail,Dáil Éireann,Public,Current,2021-09-03,2025-05-02,/legislation,2026-07-20,20bb56f3990a8df7,Second Stage,2024-11-08,33rd Dáil,Current,2,1,Johnny Guirke,,https://data.oireachtas.ie/ie/oireachtas/member/id/Johnny-Guirke.D.2020-02-08,"[""Johnny Guirke""]",[],source_uri_present,0,0,0,,,,,0,0,0,,second_stage,Second Stage,30,Second Stage,33rd Dáil,22,30,1,second_stage-22,Current|Second Stage|33rd Dáil|2024-11-08,editorial_summary_required,no_certified_debate,do_not_infer_from_speeches,2026-09-06T18:41:34.147654+00:00,6
https://data.oireachtas.ie/ie/oireachtas/bill/2021/101,https://data.oireachtas.ie/ie/oireachtas/bill/2021/101,101,2021,Non-Fatal Offences Against the Person (Amendment) (Stalking) Bill 2021,Non-Fatal Offences Against the Person (Amendment) (Stalking) Bill 2021,https://data.oireachtas.ie/ie/oireachtas/def/house/seanad,Seanad Éireann,Public,Current,2021-04-29,2025-05-28,/legislation,2026-07-20,d612e0318c0d606c,Second Stage,2024-11-08,33rd Dáil,Current,6,3,Lisa Chambers,,https://data.oireachtas.ie/ie/oireachtas/member/id/Lisa-Chambers.D.2016-10-03,"[""Erin McGreehan"",""Lisa Chambers"",""Mary Fitzpatrick""]",[],source_uri_present,0,0,0,,,,,0,0,0,,second_stage,Second Stage,30,Second Stage,33rd Dáil,22,30,2,second_stage-22,Current|Second Stage|33rd Dáil|2024-11-08,editorial_summary_required,no_certified_debate,do_not_infer_from_speeches,2026-09-06T18:41:34.147654+00:00,6
https://data.oireachtas.ie/ie/oireachtas/bill/2021/22,https://data.oireachtas.ie/ie/oireachtas/bill/2021/22,22,2021,Consumer Protection (Loyalty Penalty and Customer Complaints) Bill 2021,Consumer Protection (Loyalty Penalty and Customer Complaints) Bill 2021,https://data.oireachtas.ie/ie/oireachtas/def/house/dail,Dáil Éireann,Public,Current,2021-01-06,2025-05-02,/legislation,2026-07-20,7e9f89ee11da221b,Second Stage,2024-11-08,33rd Dáil,Current,2,3,Ged Nash,,https://data.oireachtas.ie/ie/oireachtas/member/id/Gerald-Nash.D.2011-03-09,"[""Aodhán Ó Ríordáin"",""Duncan Smith"",""Ged Nash""]",[],source_uri_present,0,0,0,,,,,0,0,0,,second_stage,Second Stage,30,Second Stage,33rd Dáil,22,30,3,second_stage-22,Current|Second Stage|33rd Dáil|2024-11-08,editorial_summary_required,no_certified_debate,do_not_infer_from_speeches,2026-09-06T18:41:34.147654+00:00,6
https://data.oireachtas.ie/ie/oireachtas/bill/2021/13,https://data.oireachtas.ie/ie/oireachtas/bill/2021/13,13,2021,Derelict Sites (Amendment) Bill 2021,Derelict Sites (Amendment) Bill 2021,https://data.oireachtas.ie/ie/oireachtas/def/house/dail,Dáil Éireann,Public,Current,2021-01-19,2025-05-02,/legislation,2026-07-20,fc88feb214f84176,Second Stage,2024-11-08,33rd Dáil,Current,2,1,Seán Sherlock,,https://data.oireachtas.ie/ie/oireachtas/member/id/Seán-Sherlock.D.2007-06-14,"[""Seán Sherlock""]",[],source_uri_present,0,0,0,,,,,0,0,0,,second_stage,Second Stage,30,Second Stage,33rd Dáil,22,30,4,second_stage-22,Current|Second Stage|33rd Dáil|2024-11-08,editorial_summary_required,no_certified_debate,do_not_infer_from_speeches,2026-09-06T18:41:34.147654+00:00,6
https://data.oireachtas.ie/ie/oireachtas/bill/2020/64,https://data.oireachtas.ie/ie/oireachtas/bill/2020/64,64,2020,Measuring Quality of Life in Ireland Bill 2020,Measuring Quality of Life in Ireland Bill 2020,https://data.oireachtas.ie/ie/oireachtas/def/house/dail,Dáil Éireann,Public,Current,2020-11-06,2025-05-02,/legislation,2026-07-20,cb718f9ea08066a9,Second Stage,2024-11-08,33rd Dáil,Current,2,1,Ged Nash,,https://data.oireachtas.ie/ie/oireachtas/member/id/Gerald-Nash.D.2011-03-09,"[""Ged Nash""]",[],source_uri_present,0,0,0,,,,,0,0,0,,second_stage,Second Stage,30,Second Stage,33rd Dáil,22,30,5,second_stage-22,Current|Second Stage|33rd Dáil|2024-11-08,editorial_summary_required,no_certified_debate,do_not_infer_from_speeches,2026-09-06T18:41:34.147654+00:00,6
https://data.oireachtas.ie/ie/oireachtas/bill/2020/59,https://data.oireachtas.ie/ie/oireachtas/bill/2020/59,59,2020,Road Traffic (All-Terrain Vehicle and Scrambler Motorcycle) (Amendment) Bill 2020,Road Traffic (All-Terrain Vehicle and Scrambler Motorcycle) (Amendment) Bill 2020,https://data.oireachtas.ie/ie/oireachtas/def/house/dail,Dáil Éireann,Public,Current,2020-11-12,2025-05-02,/legislation,2026-07-20,7d986702a59ebf4d,Second Stage,2024-11-08,33rd Dáil,Current,2,2,Paul McAuliffe,,https://data.oireachtas.ie/ie/oireachtas/member/id/Paul-McAuliffe.D.2020-02-08,"[""John Lahart"",""Paul McAuliffe""]",[],source_uri_present,0,0,0,,,,,0,0,0,,second_stage,Second Stage,30,Second Stage,33rd Dáil,22,30,6,second_stage-22,Current|Second Stage|33rd Dáil|2024-11-08,editorial_summary_required,no_certified_debate,do_not_infer_from_speeches,2026-09-06T18:41:34.147654+00:00,6
https://data.oireachtas.ie/ie/oireachtas/bill/2020/33,https://data.oireachtas.ie/ie/oireachtas/bill/2020/33,33,2020,Irish Nationality and Citizenship (Citizenship for Children) Bill 2020,Irish Nationality and Citizenship (Citizenship for Children) Bill 2020,https://data.oireachtas.ie/ie/oireachtas/def/house/dail,Dáil Éireann,Public,Current,2020-09-02,2025-05-02,/legislation,2026-07-20,6c91afecbc40f94f,Second Stage,2024-11-08,33rd Dáil,Current,2,1,Mick Barry,,https://data.oireachtas.ie/ie/oireachtas/member/id/Mick-Barry.D.2016-10-03,"[""Mick Barry""]",[],source_uri_present,0,0,0,,,,,0,0,0,,second_stage,Second Stage,30,Second Stage,33rd Dáil,23,30,1,second_stage-23,Current|Second Stage|33rd Dáil|2024-11-08,editorial_summary_required,no_certified_debate,do_not_infer_from_speeches,2026-09-06T18:41:34.147654+00:00,6
https://data.oireachtas.ie/ie/oireachtas/bill/2024/95,https://data.oireachtas.ie/ie/oireachtas/bill/2024/95,95,2024,National Minimum Wage (Adequate Wages for Living) Bill 2024,National Minimum Wage (Adequate Wages for Living) Bill 2024,https://data.oireachtas.ie/ie/oireachtas/def/house/seanad,Seanad Éireann,Public,Current,2024-10-11,2025-03-05,/legislation,2026-07-20,9b5048051d61bdc8,Second Stage,2024-10-24,26th Seanad,Current,2,4,Alice-Mary Higgins,,https://data.oireachtas.ie/ie/oireachtas/member/id/Alice-Mary-Higgins.S.2016-04-25,"[""Alice-Mary Higgins"",""Eileen Flynn"",""Frances Black"",""Lynn Ruane""]",[],source_uri_present,0,0,0,,,,,0,0,0,,second_stage,Second Stage,30,Second Stage,26th Seanad,23,30,2,second_stage-23,Current|Second Stage|26th Seanad|2024-10-24,editorial_summary_required,no_certified_debate,do_not_infer_from_speeches,2026-09-06T18:41:34.147654+00:00,6
https://data.oireachtas.ie/ie/oireachtas/bill/2024/90,https://data.oireachtas.ie/ie/oireachtas/bill/2024/90,90,2024,Transparency and Social Value in Public Procurement Bill 2024,Transparency and Social Value in Public Procurement Bill 2024,https://data.oireachtas.ie/ie/oireachtas/def/house/dail,Dáil Éireann,Public,Current,2024-08-07,2025-07-02,/legislation,2026-07-20,6d9a2b6b5b084f59,Second Stage,2024-10-15,33rd Dáil,Current,2,1,Mairéad Farrell,,https://data.oireachtas.ie/ie/oireachtas/member/id/Mairéad-Farrell.D.2020-02-08,"[""Mairéad Farrell""]",[],source_uri_present,2,9,1,https://data.oireachtas.ie/ie/oireachtas/division/house/dail/34/2025-07-02/vote_104,2025-07-02,Amendment put:,Carried,84,64,0,recorded_division_available,second_stage,Second Stage,30,Second Stage,33rd Dáil,23,30,3,second_stage-23,Current|Second Stage|33rd Dáil|2024-10-15,editorial_summary_required,certified_debate_available,recorded_vote_evidence_available,2026-09-06T18:41:34.147654+00:00,6
https://data.oireachtas.ie/ie/oireachtas/bill/2024/89,https://data.oireachtas.ie/ie/oireachtas/bill/2024/89,89,2024,Disability (Personalised Budgets) Bill 2024,Disability (Personalised Budgets) Bill 2024,https://data.oireachtas.ie/ie/oireachtas/def/house/seanad,Seanad Éireann,Public,Current,2024-08-06,2025-06-26,/legislation,2026-07-20,15628d9b78048db5,Second Stage,2024-10-15,26th Seanad,,2,24,Tom Clonan,,https://data.oireachtas.ie/ie/oireachtas/member/id/Tom-Clonan.S.2022-04-04,"[""Aidan Davitt"",""Aisling Dolan"",""Annie Hoey"",""Erin McGreehan"",""Eugene Murphy"",""Fintan Warfield"",""Fiona O'Loughlin"",""Malcolm Byrne"",""Marie Sherlock"",""Mark Wall"",""Mary Seery Kearney"",""Michael McDowell"",""Micheál Carrigy"",""Nikki Bradley"",""Ollie Crowe"",""Pat Casey"",""Paul Gavan"",""Rebecca Moynihan"",""Robbie Gallagher"",""Rónán Mullen"",""Shane Cassells"",""Tom Clonan"",""Victor Boyhan"",""Vincent P. Martin""]",[],source_uri_present,0,0,0,,,,,0,0,0,,second_stage,Second Stage,30,Second Stage,26th Seanad,23,30,4,second_stage-23,Current|Second Stage|26th Seanad|2024-10-15,editorial_summary_required,no_certified_debate,do_not_infer_from_speeches,2026-09-06T18:41:34.147654+00:00,6
https://data.oireachtas.ie/ie/oireachtas/bill/2024/88,https://data.oireachtas.ie/ie/oireachtas/bill/2024/88,88,2024,Parole (Special Advocates) Bill 2024,Parole (Special Advocates) Bill 2024,https://data.oireachtas.ie/ie/oireachtas/def/house/seanad,Seanad Éireann,Public,Current,2024-10-09,2025-06-05,/legislation,2026-07-20,71dd5b772d9ec8b4,Second Stage,2024-10-15,26th Seanad,,2,4,Lynn Ruane,,https://data.oireachtas.ie/ie/oireachtas/member/id/Lynn-Ruane.S.2016-04-25,"[""Alice-Mary Higgins"",""Eileen Flynn"",""Frances Black"",""Lynn Ruane""]",[],source_uri_present,0,0,0,,,,,0,0,0,,second_stage,Second Stage,30,Second Stage,26th Seanad,23,30,5,second_stage-23,Current|Second Stage|26th Seanad|2024-10-15,editorial_summary_required,no_certified_debate,do_not_infer_from_speeches,2026-09-06T18:41:34.147654+00:00,6
https://data.oireachtas.ie/ie/oireachtas/bill/2024/85,https://data.oireachtas.ie/ie/oireachtas/bill/2024/85,85,2024,Planning and Development (Stationary Battery Energy Storage Systems) Bill 2024,Planning and Development (Stationary Battery Energy Storage Systems) Bill 2024,https://data.oireachtas.ie/ie/oireachtas/def/house/seanad,Seanad Éireann,Public,Current,2024-10-03,2025-06-12,/legislation,2026-07-20,4fcca29ad8b0116d,Second Stage,2024-10-09,26th Seanad,Current,2,6,Vincent P. Martin,,https://data.oireachtas.ie/ie/oireachtas/member/id/Vincent-P-Martin.S.2020-06-29,"[""Diarmuid Wilson"",""Martin Conway"",""Micheál Carrigy"",""Robbie Gallagher"",""Tom Clonan"",""Vincent P. Martin""]",[],source_uri_present,0,0,0,,,,,0,0,0,,second_stage,Second Stage,30,Second Stage,26th Seanad,23,30,6,second_stage-23,Current|Second Stage|26th Seanad|2024-10-09,editorial_summary_required,no_certified_debate,do_not_infer_from_speeches,2026-09-06T18:41:34.147654+00:00,6
https://data.oireachtas.ie/ie/oireachtas/bill/2024/83,https://data.oireachtas.ie/ie/oireachtas/bill/2024/83,83,2024,"Sale of Tickets (Cultural, Entertainment, Recreational and Sporting Events) (Amendment) Bill 2024","Sale of Tickets (Cultural, Entertainment, Recreational and Sporting Events) (Amendment) Bill 2024",https://data.oireachtas.ie/ie/oireachtas/def/house/dail,Dáil Éireann,Public,Current,2024-09-13,2025-05-28,/legislation,2026-07-20,b18f7f29c2e9c02d,Second Stage,2024-10-08,33rd Dáil,Current,2,2,Jim O'Callaghan,,https://data.oireachtas.ie/ie/oireachtas/member/id/Jim-O'Callaghan.D.2016-10-03,"[""Jim O'Callaghan"",""Niamh Smyth""]",[],source_uri_present,0,0,0,,,,,0,0,0,,second_stage,Second Stage,30,Second Stage,33rd Dáil,24,30,1,second_stage-24,Current|Second Stage|33rd Dáil|2024-10-08,editorial_summary_required,no_certified_debate,do_not_infer_from_speeches,2026-09-06T18:41:34.147654+00:00,6
https://data.oireachtas.ie/ie/oireachtas/bill/2024/59,https://data.oireachtas.ie/ie/oireachtas/bill/2024/59,59,2024,Education (Amendment) Bill 2024,Education (Amendment) Bill 2024,https://data.oireachtas.ie/ie/oireachtas/def/house/dail,Dáil Éireann,Public,Current,2024-07-02,2025-10-22,/legislation,2026-07-20,e9f4d8f847a9cbbb,Second Stage,2024-07-10,33rd Dáil,,2,2,Ruairí Ó Murchú,,https://data.oireachtas.ie/ie/oireachtas/member/id/Ruairí-Ó-Murchú.D.2020-02-08,"[""Ruairí Ó Murchú"",""Sorca Clarke""]",[],source_uri_present,2,10,2,https://data.oireachtas.ie/ie/oireachtas/division/house/dail/34/2025-10-21/vote_155,2025-10-21,"Question put: ""That the motion, as amended, be agreed to.""",Carried,79,64,0,recorded_division_available,second_stage,Second Stage,30,Second Stage,33rd Dáil,24,30,2,second_stage-24,Current|Second Stage|33rd Dáil|2024-07-10,editorial_summary_required,certified_debate_available,recorded_vote_evidence_available,2026-09-06T18:41:34.147654+00:00,6
https://data.oireachtas.ie/ie/oireachtas/bill/2024/57,https://data.oireachtas.ie/ie/oireachtas/bill/2024/57,57,2024,Protection of Children (Online Age Verification) Bill 2024,Protection of Children (Online Age Verification) Bill 2024,https://data.oireachtas.ie/ie/oireachtas/def/house/seanad,Seanad Éireann,Public,Lapsed,2024-07-01,2025-01-30,/legislation,2026-07-20,4c0a5642b8c8e4cd,Second Stage,2024-07-04,26th Seanad,,2,7,Rónán Mullen,,https://data.oireachtas.ie/ie/oireachtas/member/id/Rónán-Mullen.S.2007-07-23,"[""Aidan Davitt"",""Diarmuid Wilson"",""Erin McGreehan"",""Gerard P. Craughwell"",""Michael McDowell"",""Rónán Mullen"",""Sharon Keogan""]",[],source_uri_present,0,0,0,,,,,0,0,0,,second_stage,Second Stage,30,Second Stage,26th Seanad,24,30,3,second_stage-24,Lapsed|Second Stage|26th Seanad|2024-07-04,editorial_summary_required,no_certified_debate,do_not_infer_from_speeches,2026-09-06T18:41:34.147654+00:00,6
https://data.oireachtas.ie/ie/oireachtas/bill/2024/35,https://data.oireachtas.ie/ie/oireachtas/bill/2024/35,35,2024,Family Law (Divorce) (Amendment) Bill 2024,Family Law (Divorce) (Amendment) Bill 2024,https://data.oireachtas.ie/ie/oireachtas/def/house/dail,Dáil Éireann,Public,Current,2024-04-29,2025-05-02,/legislation,2026-07-20,9c46b28e2d642c54,Second Stage,2024-05-14,33rd Dáil,Current,2,1,Patrick Costello,,https://data.oireachtas.ie/ie/oireachtas/member/id/Patrick-Costello.D.2020-02-08,"[""Patrick Costello""]",[],source_uri_present,0,0,0,,,,,0,0,0,,second_stage,Second Stage,30,Second Stage,33rd Dáil,24,30,4,second_stage-24,Current|Second Stage|33rd Dáil|2024-05-14,editorial_summary_required,no_certified_debate,do_not_infer_from_speeches,2026-09-06T18:41:34.147654+00:00,6
https://data.oireachtas.ie/ie/oireachtas/bill/2023/93,https://data.oireachtas.ie/ie/oireachtas/bill/2023/93,93,2023,Criminal Justice (Promotion of Restorative Justice) (Amendment) Bill 2023,Criminal Justice (Promotion of Restorative Justice) (Amendment) Bill 2023,https://data.oireachtas.ie/ie/oireachtas/def/house/dail,Dáil Éireann,Public,Current,2023-11-20,2025-09-08,/legislation,2026-07-20,91370e49e6381996,Second Stage,2023-12-13,33rd Dáil,Current,2,3,Pa Daly,,https://data.oireachtas.ie/ie/oireachtas/member/id/Pa-Daly.D.2020-02-08,"[""Maurice Quinlivan"",""Pa Daly"",""Patricia Ryan""]",[],source_uri_present,1,9,0,,,,,0,0,0,no_recorded_division,second_stage,Second Stage,30,Second Stage,33rd Dáil,24,30,5,second_stage-24,Current|Second Stage|33rd Dáil|2023-12-13,editorial_summary_required,certified_debate_available,do_not_infer_from_speeches,2026-09-06T18:41:34.147654+00:00,6
https://data.oireachtas.ie/ie/oireachtas/bill/2023/55,https://data.oireachtas.ie/ie/oireachtas/bill/2023/55,55,2023,Broadcasting (Restriction of Salaries) Bill 2023,Broadcasting (Restriction of Salaries) Bill 2023,https://data.oireachtas.ie/ie/oireachtas/def/house/seanad,Seanad Éireann,Public,Lapsed,2023-06-28,2025-01-30,/legislation,2026-07-20,5d8054c520c1dccb,Second Stage,2023-06-29,26th Seanad,,2,1,Rónán Mullen,,https://data.oireachtas.ie/ie/oireachtas/member/id/Rónán-Mullen.S.2007-07-23,"[""Rónán Mullen""]",[],source_uri_present,0,0,0,,,,,0,0,0,,second_stage,Second Stage,30,Second Stage,26th Seanad,24,30,6,second_stage-24,Lapsed|Second Stage|26th Seanad|2023-06-29,editorial_summary_required,no_certified_debate,do_not_infer_from_speeches,2026-09-06T18:41:34.147654+00:00,6
https://data.oireachtas.ie/ie/oireachtas/bill/2023/37,https://data.oireachtas.ie/ie/oireachtas/bill/2023/37,37,2023,National Minimum Wage (Inclusion of Apprentices) Bill 2023,National Minimum Wage (Inclusion of Apprentices) Bill 2023,https://data.oireachtas.ie/ie/oireachtas/def/house/seanad,Seanad Éireann,Public,Lapsed,2023-04-27,2025-01-30,/legislation,2026-07-20,787e0f25f0e69847,Second Stage,2023-05-02,26th Seanad,,2,4,Marie Sherlock,,https://data.oireachtas.ie/ie/oireachtas/member/id/Marie-Sherlock.S.2020-03-30,"[""Annie Hoey"",""Marie Sherlock"",""Mark Wall"",""Rebecca Moynihan""]",[],source_uri_present,0,0,0,,,,,0,0,0,,second_stage,Second Stage,30,Second Stage,26th Seanad,25,30,1,second_stage-25,Lapsed|Second Stage|26th Seanad|2023-05-02,editorial_summary_required,no_certified_debate,do_not_infer_from_speeches,2026-09-06T18:41:34.147654+00:00,6
https://data.oireachtas.ie/ie/oireachtas/bill/2023/31,https://data.oireachtas.ie/ie/oireachtas/bill/2023/31,31,2023,Civil Liability (Schools) Bill 2023,Civil Liability (Schools) Bill 2023,https://data.oireachtas.ie/ie/oireachtas/def/house/seanad,Seanad Éireann,Public,Lapsed,2023-04-03,2025-01-30,/legislation,2026-07-20,75bf1d069a04eaa2,Second Stage,2023-04-06,26th Seanad,,2,5,Rónán Mullen,,https://data.oireachtas.ie/ie/oireachtas/member/id/Rónán-Mullen.S.2007-07-23,"[""Gerard P. Craughwell"",""Rónán Mullen"",""Sharon Keogan"",""Tom Clonan"",""Victor Boyhan""]",[],source_uri_present,0,0,0,,,,,0,0,0,,second_stage,Second Stage,30,Second Stage,26th Seanad,25,30,2,second_stage-25,Lapsed|Second Stage|26th Seanad|2023-04-06,editorial_summary_required,no_certified_debate,do_not_infer_from_speeches,2026-09-06T18:41:34.147654+00:00,6
https://data.oireachtas.ie/ie/oireachtas/bill/2023/12,https://data.oireachtas.ie/ie/oireachtas/bill/2023/12,12,2023,Domestic Violence (Amendment) Bill 2023,Domestic Violence (Amendment) Bill 2023,https://data.oireachtas.ie/ie/oireachtas/def/house/seanad,Seanad Éireann,Public,Lapsed,2023-01-09,2025-01-30,/legislation,2026-07-20,8cea01c6b5806f7a,Second Stage,2023-02-08,26th Seanad,,2,12,Vincent P. Martin,,https://data.oireachtas.ie/ie/oireachtas/member/id/Vincent-P-Martin.S.2020-06-29,"[""Annie Hoey"",""David P.B. Norris"",""Marie Sherlock"",""Mark Wall"",""Mary Seery Kearney"",""Michael McDowell"",""Pauline O'Reilly"",""Rebecca Moynihan"",""Róisín Garvey"",""Tom Clonan"",""Victor Boyhan"",""Vincent P. Martin""]",[],source_uri_present,0,0,0,,,,,0,0,0,,second_stage,Second Stage,30,Second Stage,26th Seanad,25,30,3,second_stage-25,Lapsed|Second Stage|26th Seanad|2023-02-08,editorial_summary_required,no_certified_debate,do_not_infer_from_speeches,2026-09-06T18:41:34.147654+00:00,6
https://data.oireachtas.ie/ie/oireachtas/bill/2022/117,https://data.oireachtas.ie/ie/oireachtas/bill/2022/117,117,2022,Ukraine Solidarity Bill 2022,Ukraine Solidarity Bill 2022,https://data.oireachtas.ie/ie/oireachtas/def/house/dail,Dáil Éireann,Public,Current,2022-12-12,2025-05-28,/legislation,2026-07-20,be2b5eba4434b1db,Second Stage,2022-12-14,33rd Dáil,Current,2,1,Jim O'Callaghan,,https://data.oireachtas.ie/ie/oireachtas/member/id/Jim-O'Callaghan.D.2016-10-03,"[""Jim O'Callaghan""]",[],source_uri_present,0,0,0,,,,,0,0,0,,second_stage,Second Stage,30,Second Stage,33rd Dáil,25,30,4,second_stage-25,Current|Second Stage|33rd Dáil|2022-12-14,editorial_summary_required,no_certified_debate,do_not_infer_from_speeches,2026-09-06T18:41:34.147654+00:00,6
https://data.oireachtas.ie/ie/oireachtas/bill/2022/108,https://data.oireachtas.ie/ie/oireachtas/bill/2022/108,108,2022,Education (Relationships and Sexuality Education) (Amendment) Bill 2022,Education (Relationships and Sexuality Education) (Amendment) Bill 2022,https://data.oireachtas.ie/ie/oireachtas/def/house/seanad,Seanad Éireann,Public,Lapsed,2022-05-03,2025-02-20,/legislation,2026-07-20,bda6b88c877f5ae8,Second Stage,2022-11-22,26th Seanad,Lapsed,2,2,Fiona O'Loughlin,,https://data.oireachtas.ie/ie/oireachtas/member/id/Fiona-O'Loughlin.D.2016-10-03,"[""Fiona O'Loughlin"",""Malcolm Byrne""]",[],source_uri_present,0,0,0,,,,,0,0,0,,second_stage,Second Stage,30,Second Stage,26th Seanad,25,30,5,second_stage-25,Lapsed|Second Stage|26th Seanad|2022-11-22,editorial_summary_required,no_certified_debate,do_not_infer_from_speeches,2026-09-06T18:41:34.147654+00:00,6
https://data.oireachtas.ie/ie/oireachtas/bill/2022/96,https://data.oireachtas.ie/ie/oireachtas/bill/2022/96,96,2022,Civil Registration (Amendment) (Certificate of Life) Bill 2022,Civil Registration (Amendment) (Certificate of Life) Bill 2022,https://data.oireachtas.ie/ie/oireachtas/def/house/seanad,Seanad Éireann,Public,Lapsed,2022-10-07,2025-01-30,/legislation,2026-07-20,814dfdc140fa9b81,Second Stage,2022-10-13,26th Seanad,,2,2,Regina Doherty,,https://data.oireachtas.ie/ie/oireachtas/member/id/Regina-Doherty.D.2011-03-09,"[""Mary Seery Kearney"",""Regina Doherty""]",[],source_uri_present,0,0,0,,,,,0,0,0,,second_stage,Second Stage,30,Second Stage,26th Seanad,25,30,6,second_stage-25,Lapsed|Second Stage|26th Seanad|2022-10-13,editorial_summary_required,no_certified_debate,do_not_infer_from_speeches,2026-09-06T18:41:34.147654+00:00,6
https://data.oireachtas.ie/ie/oireachtas/bill/2022/94,https://data.oireachtas.ie/ie/oireachtas/bill/2022/94,94,2022,Derelict Sites (Amendment) Bill 2022,Derelict Sites (Amendment) Bill 2022,https://data.oireachtas.ie/ie/oireachtas/def/house/dail,Dáil Éireann,Public,Current,2022-08-18,2026-01-21,/legislation,2026-07-20,d02655d8e96ce6fe,Second Stage,2022-10-12,33rd Dáil,Current,2,1,Thomas Gould,,https://data.oireachtas.ie/ie/oireachtas/member/id/Thomas-Gould.D.2020-02-08,"[""Thomas Gould""]",[],source_uri_present,2,24,1,https://data.oireachtas.ie/ie/oireachtas/division/house/dail/34/2026-01-21/vote_8,2026-01-21,Question put:,Lost,66,81,0,recorded_division_available,second_stage,Second Stage,30,Second Stage,33rd Dáil,26,30,1,second_stage-26,Current|Second Stage|33rd Dáil|2022-10-12,editorial_summary_required,certified_debate_available,recorded_vote_evidence_available,2026-09-06T18:41:34.147654+00:00,6
https://data.oireachtas.ie/ie/oireachtas/bill/2022/57,https://data.oireachtas.ie/ie/oireachtas/bill/2022/57,57,2022,National Minimum Wage (Payment of Interns) Bill 2022,National Minimum Wage (Payment of Interns) Bill 2022,https://data.oireachtas.ie/ie/oireachtas/def/house/seanad,Seanad Éireann,Public,Lapsed,2021-04-09,2025-01-30,/legislation,2026-07-20,2b8458920d8be545,Second Stage,2022-05-19,26th Seanad,,2,4,Marie Sherlock,,https://data.oireachtas.ie/ie/oireachtas/member/id/Marie-Sherlock.S.2020-03-30,"[""Annie Hoey"",""Marie Sherlock"",""Mark Wall"",""Rebecca Moynihan""]",[],source_uri_present,0,0,0,,,,,0,0,0,,second_stage,Second Stage,30,Second Stage,26th Seanad,26,30,2,second_stage-26,Lapsed|Second Stage|26th Seanad|2022-05-19,editorial_summary_required,no_certified_debate,do_not_infer_from_speeches,2026-09-06T18:41:34.147654+00:00,6
https://data.oireachtas.ie/ie/oireachtas/bill/2022/56,https://data.oireachtas.ie/ie/oireachtas/bill/2022/56,56,2022,Planning and Development (Built Heritage Protection) Bill 2022,Planning and Development (Built Heritage Protection) Bill 2022,https://data.oireachtas.ie/ie/oireachtas/def/house/seanad,Seanad Éireann,Public,Lapsed,2022-03-22,2025-01-30,/legislation,2026-07-20,69a203f2318b8f5c,Second Stage,2022-05-18,26th Seanad,,2,7,David P.B. Norris,,https://data.oireachtas.ie/ie/oireachtas/member/id/David-PB-Norris.S.1987-04-25,"[""David P.B. Norris"",""Gerard P. Craughwell"",""Michael McDowell"",""Rónán Mullen"",""Sharon Keogan"",""Tom Clonan"",""Victor Boyhan""]",[],source_uri_present,0,0,0,,,,,0,0,0,,second_stage,Second Stage,30,Second Stage,26th Seanad,26,30,3,second_stage-26,Lapsed|Second Stage|26th Seanad|2022-05-18,editorial_summary_required,no_certified_debate,do_not_infer_from_speeches,2026-09-06T18:41:34.147654+00:00,6
https://data.oireachtas.ie/ie/oireachtas/bill/2022/53,https://data.oireachtas.ie/ie/oireachtas/bill/2022/53,53,2022,Regulation of Display of Electoral and Polling Posters and Other Advertisements Bill 2022,Regulation of Display of Electoral and Polling Posters and Other Advertisements Bill 2022,https://data.oireachtas.ie/ie/oireachtas/def/house/seanad,Seanad Éireann,Public,Lapsed,2022-05-04,2025-02-28,/legislation,2026-07-20,5a97ca4f9eff08b3,Second Stage,2022-05-11,26th Seanad,,2,3,Pauline O'Reilly,,https://data.oireachtas.ie/ie/oireachtas/member/id/Pauline-O'Reilly.S.2020-03-30,"[""Pauline O'Reilly"",""Róisín Garvey"",""Vincent P. Martin""]",[],source_uri_present,0,0,0,,,,,0,0,0,,second_stage,Second Stage,30,Second Stage,26th Seanad,26,30,4,second_stage-26,Lapsed|Second Stage|26th Seanad|2022-05-11,editorial_summary_required,no_certified_debate,do_not_infer_from_speeches,2026-09-06T18:41:34.147654+00:00,6
https://data.oireachtas.ie/ie/oireachtas/bill/2022/33,https://data.oireachtas.ie/ie/oireachtas/bill/2022/33,33,2022,Water Services (Amendment) Bill 2022,Water Services (Amendment) Bill 2022,https://data.oireachtas.ie/ie/oireachtas/def/house/dail,Dáil Éireann,Public,Current,2022-02-28,2025-05-28,/legislation,2026-07-20,b3f883bc84f6aee7,Second Stage,2022-03-23,33rd Dáil,Current,2,2,Éamon Ó Cuív,,https://data.oireachtas.ie/ie/oireachtas/member/id/Éamon-Ó-Cuív.S.1989-10-01,"[""Jennifer Murnane O'Connor"",""Éamon Ó Cuív""]",[],source_uri_present,0,0,0,,,,,0,0,0,,second_stage,Second Stage,30,Second Stage,33rd Dáil,26,30,5,second_stage-26,Current|Second Stage|33rd Dáil|2022-03-23,editorial_summary_required,no_certified_debate,do_not_infer_from_speeches,2026-09-06T18:41:34.147654+00:00,6
https://data.oireachtas.ie/ie/oireachtas/bill/2022/22,https://data.oireachtas.ie/ie/oireachtas/bill/2022/22,22,2022,Coroners (Provision for Jury Selection) (Amendment) Bill 2022,Coroners (Provision for Jury Selection) (Amendment) Bill 2022,https://data.oireachtas.ie/ie/oireachtas/def/house/seanad,Seanad Éireann,Public,Lapsed,2022-02-17,2025-01-30,/legislation,2026-07-20,ce51d77451954ac2,Second Stage,2022-02-21,26th Seanad,,2,3,Lynn Boylan,,https://data.oireachtas.ie/ie/oireachtas/member/id/Lynn-Boylan.S.2020-03-30,"[""Fintan Warfield"",""Lynn Boylan"",""Paul Gavan""]",[],source_uri_present,0,0,0,,,,,0,0,0,,second_stage,Second Stage,30,Second Stage,26th Seanad,26,30,6,second_stage-26,Lapsed|Second Stage|26th Seanad|2022-02-21,editorial_summary_required,no_certified_debate,do_not_infer_from_speeches,2026-09-06T18:41:34.147654+00:00,6
https://data.oireachtas.ie/ie/oireachtas/bill/2022/13,https://data.oireachtas.ie/ie/oireachtas/bill/2022/13,13,2022,Personal Injuries Assessment Board (Amendment) Bill 2022,Personal Injuries Assessment Board (Amendment) Bill 2022,https://data.oireachtas.ie/ie/oireachtas/def/house/seanad,Seanad Éireann,Public,Lapsed,2022-01-25,2025-01-30,/legislation,2026-07-20,87c39fecdc668c7a,Second Stage,2022-02-08,26th Seanad,,2,1,Rónán Mullen,,https://data.oireachtas.ie/ie/oireachtas/member/id/Rónán-Mullen.S.2007-07-23,"[""Rónán Mullen""]",[],source_uri_present,0,0,0,,,,,0,0,0,,second_stage,Second Stage,30,Second Stage,26th Seanad,27,30,1,second_stage-27,Lapsed|Second Stage|26th Seanad|2022-02-08,editorial_summary_required,no_certified_debate,do_not_infer_from_speeches,2026-09-06T18:41:34.147654+00:00,6
https://data.oireachtas.ie/ie/oireachtas/bill/2022/7,https://data.oireachtas.ie/ie/oireachtas/bill/2022/7,7,2022,Local Government (Surveillance Powers in Relation to Certain Offences) Bill 2022,Local Government (Surveillance Powers in Relation to Certain Offences) Bill 2022,https://data.oireachtas.ie/ie/oireachtas/def/house/seanad,Seanad Éireann,Public,Lapsed,2022-01-20,2025-01-30,/legislation,2026-07-20,49c9772a31d39bcb,Second Stage,2022-01-25,26th Seanad,,2,1,Malcolm Byrne,,https://data.oireachtas.ie/ie/oireachtas/member/id/Malcolm-Byrne.D.2019-11-29,"[""Malcolm Byrne""]",[],source_uri_present,0,0,0,,,,,0,0,0,,second_stage,Second Stage,30,Second Stage,26th Seanad,27,30,2,second_stage-27,Lapsed|Second Stage|26th Seanad|2022-01-25,editorial_summary_required,no_certified_debate,do_not_infer_from_speeches,2026-09-06T18:41:34.147654+00:00,6
https://data.oireachtas.ie/ie/oireachtas/bill/2021/149,https://data.oireachtas.ie/ie/oireachtas/bill/2021/149,149,2021,Horticultural Peat (Temporary Measures) Bill 2021,Horticultural Peat (Temporary Measures) Bill 2021,https://data.oireachtas.ie/ie/oireachtas/def/house/seanad,Seanad Éireann,Public,Current,2021-11-10,2025-03-28,/legislation,2026-07-20,6be3a8be42d0f7a2,Second Stage,2021-11-30,26th Seanad,Current,2,36,Regina Doherty,,https://data.oireachtas.ie/ie/oireachtas/member/id/Regina-Doherty.D.2011-03-09,"[""Aidan Davitt"",""Aisling Dolan"",""Barry Ward"",""Catherine Ardagh"",""Denis O'Donovan"",""Diarmuid Wilson"",""Emer Currie"",""Erin McGreehan"",""Eugene Murphy"",""Fiona O'Loughlin"",""Garret Ahearn"",""Gerry Horkan"",""Jerry Buttimer"",""Joe O'Reilly"",""John Cummins"",""John McGahon"",""Lisa Chambers"",""Lorraine Clifford-Lee"",""Malcolm Byrne"",""Maria Byrne"",""Martin Conway"",""Mary Fitzpatrick"",""Mary Seery Kearney"",""Micheál Carrigy"",""Ned O'Sullivan"",""Niall Blaney"",""Ollie Crowe"",""Paddy Burke"",""Pat Casey"",""Paul Daly"",""Regina Doherty"",""Robbie Gallagher"",""Seán Kyne"",""Shane Cassells"",""Tim Lombard"",""Timmy Dooley""]",[],source_uri_present,0,0,0,,,,,0,0,0,,second_stage,Second Stage,30,Second Stage,26th Seanad,27,30,3,second_stage-27,Current|Second Stage|26th Seanad|2021-11-30,editorial_summary_required,no_certified_debate,do_not_infer_from_speeches,2026-09-06T18:41:34.147654+00:00,6
https://data.oireachtas.ie/ie/oireachtas/bill/2021/137,https://data.oireachtas.ie/ie/oireachtas/bill/2021/137,137,2021,Social Welfare (Surviving Cohabitant’s Pension) Bill 2021,Social Welfare (Surviving Cohabitant’s Pension) Bill 2021,https://data.oireachtas.ie/ie/oireachtas/def/house/seanad,Seanad Éireann,Public,Lapsed,2021-09-06,2025-02-28,/legislation,2026-07-20,5b78c360b2721073,Second Stage,2021-10-21,26th Seanad,,2,4,Mark Wall,,https://data.oireachtas.ie/ie/oireachtas/member/id/Mark-Wall.S.2020-03-30,"[""Annie Hoey"",""Marie Sherlock"",""Mark Wall"",""Rebecca Moynihan""]",[],source_uri_present,0,0,0,,,,,0,0,0,,second_stage,Second Stage,30,Second Stage,26th Seanad,27,30,4,second_stage-27,Lapsed|Second Stage|26th Seanad|2021-10-21,editorial_summary_required,no_certified_debate,do_not_infer_from_speeches,2026-09-06T18:41:34.147654+00:00,6
https://data.oireachtas.ie/ie/oireachtas/bill/2021/131,https://data.oireachtas.ie/ie/oireachtas/bill/2021/131,131,2021,Electricity (Supply) (Amendment) Bill 2021,Electricity (Supply) (Amendment) Bill 2021,https://data.oireachtas.ie/ie/oireachtas/def/house/seanad,Seanad Éireann,Public,Lapsed,2021-10-18,2025-01-30,/legislation,2026-07-20,1738efe19f05f2cf,Second Stage,2021-10-19,26th Seanad,,2,1,Eugene Murphy,,https://data.oireachtas.ie/ie/oireachtas/member/id/Eugene-Murphy.D.2016-10-03,"[""Eugene Murphy""]",[],source_uri_present,0,0,0,,,,,0,0,0,,second_stage,Second Stage,30,Second Stage,26th Seanad,27,30,5,second_stage-27,Lapsed|Second Stage|26th Seanad|2021-10-19,editorial_summary_required,no_certified_debate,do_not_infer_from_speeches,2026-09-06T18:41:34.147654+00:00,6
https://data.oireachtas.ie/ie/oireachtas/bill/2021/119,https://data.oireachtas.ie/ie/oireachtas/bill/2021/119,119,2021,Registration of Wills Bill 2021,Registration of Wills Bill 2021,https://data.oireachtas.ie/ie/oireachtas/def/house/seanad,Seanad Éireann,Public,Lapsed,2021-09-27,2025-01-30,/legislation,2026-07-20,24188972346e5ef3,Second Stage,2021-09-29,26th Seanad,,2,6,Victor Boyhan,,https://data.oireachtas.ie/ie/oireachtas/member/id/Victor-Boyhan.S.2016-04-25,"[""David P.B. Norris"",""Gerard P. Craughwell"",""Michael McDowell"",""Rónán Mullen"",""Sharon Keogan"",""Victor Boyhan""]",[],source_uri_present,0,0,0,,,,,0,0,0,,second_stage,Second Stage,30,Second Stage,26th Seanad,27,30,6,second_stage-27,Lapsed|Second Stage|26th Seanad|2021-09-29,editorial_summary_required,no_certified_debate,do_not_infer_from_speeches,2026-09-06T18:41:34.147654+00:00,6
https://data.oireachtas.ie/ie/oireachtas/bill/2021/114,https://data.oireachtas.ie/ie/oireachtas/bill/2021/114,114,2021,Housing (Housing Assistance Payment Waiting Times) (Miscellaneous Provisions) (Amendment) Bill 2021,Housing (Housing Assistance Payment Waiting Times) (Miscellaneous Provisions) (Amendment) Bill 2021,https://data.oireachtas.ie/ie/oireachtas/def/house/dail,Dáil Éireann,Public,Current,2021-01-25,2025-05-28,/legislation,2026-07-20,1b164fd4d9bc0c83,Second Stage,2021-09-21,33rd Dáil,Current,2,1,Jennifer Murnane O'Connor,,https://data.oireachtas.ie/ie/oireachtas/member/id/Jennifer-Murnane-O'Connor.S.2016-04-25,"[""Jennifer Murnane O'Connor""]",[],source_uri_present,0,0,0,,,,,0,0,0,,second_stage,Second Stage,30,Second Stage,33rd Dáil,28,30,1,second_stage-28,Current|Second Stage|33rd Dáil|2021-09-21,editorial_summary_required,no_certified_debate,do_not_infer_from_speeches,2026-09-06T18:41:34.147654+00:00,6
https://data.oireachtas.ie/ie/oireachtas/bill/2018/141,https://data.oireachtas.ie/ie/oireachtas/bill/2018/141,141,2018,Criminal Justice (Rehabilitative Periods) Bill 2018,Criminal Justice (Rehabilitative Periods) Bill 2018,https://data.oireachtas.ie/ie/oireachtas/def/house/seanad,Seanad Éireann,Public,Current,2018-12-20,2026-03-20,/legislation,2026-07-20,90e8b284062c500e,Second Stage,2021-06-28,33rd Dáil,,6,1,Lynn Ruane,,https://data.oireachtas.ie/ie/oireachtas/member/id/Lynn-Ruane.S.2016-04-25,"[""Lynn Ruane""]",[],source_uri_present,1,7,0,,,,,0,0,0,no_recorded_division,second_stage,Second Stage,30,Second Stage,33rd Dáil,28,30,2,second_stage-28,Current|Second Stage|33rd Dáil|2021-06-28,editorial_summary_required,certified_debate_available,do_not_infer_from_speeches,2026-09-06T18:41:34.147654+00:00,6
https://data.oireachtas.ie/ie/oireachtas/bill/2021/69,https://data.oireachtas.ie/ie/oireachtas/bill/2021/69,69,2021,Civil Legal Aid (Exclusion of Value of Free or Partly Free Board) (Amendment) Bill 2021,Civil Legal Aid (Exclusion of Value of Free or Partly Free Board) (Amendment) Bill 2021,https://data.oireachtas.ie/ie/oireachtas/def/house/seanad,Seanad Éireann,Public,Lapsed,2021-04-29,2025-01-30,/legislation,2026-07-20,6a12ade4edb2ee2c,Second Stage,2021-05-07,26th Seanad,,2,4,Lynn Boylan,,https://data.oireachtas.ie/ie/oireachtas/member/id/Lynn-Boylan.S.2020-03-30,"[""Fintan Warfield"",""Lynn Boylan"",""Niall Ó Donnghaile"",""Paul Gavan""]",[],source_uri_present,0,0,0,,,,,0,0,0,,second_stage,Second Stage,30,Second Stage,26th Seanad,28,30,3,second_stage-28,Lapsed|Second Stage|26th Seanad|2021-05-07,editorial_summary_required,no_certified_debate,do_not_infer_from_speeches,2026-09-06T18:41:34.147654+00:00,6
https://data.oireachtas.ie/ie/oireachtas/bill/2021/48,https://data.oireachtas.ie/ie/oireachtas/bill/2021/48,48,2021,Gambling (Prohibition of Advertising) Bill 2021,Gambling (Prohibition of Advertising) Bill 2021,https://data.oireachtas.ie/ie/oireachtas/def/house/seanad,Seanad Éireann,Public,Lapsed,2021-03-31,2025-01-30,/legislation,2026-07-20,1dd9ef076954aca4,Second Stage,2021-04-19,26th Seanad,,2,5,Mark Wall,,https://data.oireachtas.ie/ie/oireachtas/member/id/Mark-Wall.S.2020-03-30,"[""Annie Hoey"",""Ivana Bacik"",""Marie Sherlock"",""Mark Wall"",""Rebecca Moynihan""]",[],source_uri_present,0,0,0,,,,,0,0,0,,second_stage,Second Stage,30,Second Stage,26th Seanad,28,30,4,second_stage-28,Lapsed|Second Stage|26th Seanad|2021-04-19,editorial_summary_required,no_certified_debate,do_not_infer_from_speeches,2026-09-06T18:41:34.147654+00:00,6
https://data.oireachtas.ie/ie/oireachtas/bill/2021/27,https://data.oireachtas.ie/ie/oireachtas/bill/2021/27,27,2021,Planning and Development (Amendment) Bill 2021,Planning and Development (Amendment) Bill 2021,https://data.oireachtas.ie/ie/oireachtas/def/house/seanad,Seanad Éireann,Public,Lapsed,2021-02-05,2025-01-30,/legislation,2026-07-20,e69024e0c5a4a857,Second Stage,2021-03-01,26th Seanad,,2,5,Rebecca Moynihan,,https://data.oireachtas.ie/ie/oireachtas/member/id/Rebecca-Moynihan.S.2020-03-30,"[""Annie Hoey"",""Ivana Bacik"",""Marie Sherlock"",""Mark Wall"",""Rebecca Moynihan""]",[],source_uri_present,0,0,0,,,,,0,0,0,,second_stage,Second Stage,30,Second Stage,26th Seanad,28,30,5,second_stage-28,Lapsed|Second Stage|26th Seanad|2021-03-01,editorial_summary_required,no_certified_debate,do_not_infer_from_speeches,2026-09-06T18:41:34.147654+00:00,6
https://data.oireachtas.ie/ie/oireachtas/bill/2021/24,https://data.oireachtas.ie/ie/oireachtas/bill/2021/24,24,2021,Local Government (Use of CCTV in Prosecution of  Offences) Bill 2021,Local Government (Use of CCTV in Prosecution of  Offences) Bill 2021,https://data.oireachtas.ie/ie/oireachtas/def/house/seanad,Seanad Éireann,Public,Lapsed,2021-02-09,2025-01-30,/legislation,2026-07-20,308fd2fd65cdba05,Second Stage,2021-02-19,26th Seanad,,2,5,Mark Wall,,https://data.oireachtas.ie/ie/oireachtas/member/id/Mark-Wall.S.2020-03-30,"[""Annie Hoey"",""Ivana Bacik"",""Marie Sherlock"",""Mark Wall"",""Rebecca Moynihan""]",[],source_uri_present,0,0,0,,,,,0,0,0,,second_stage,Second Stage,30,Second Stage,26th Seanad,28,30,6,second_stage-28,Lapsed|Second Stage|26th Seanad|2021-02-19,editorial_summary_required,no_certified_debate,do_not_infer_from_speeches,2026-09-06T18:41:34.147654+00:00,6
https://data.oireachtas.ie/ie/oireachtas/bill/2021/16,https://data.oireachtas.ie/ie/oireachtas/bill/2021/16,16,2021,Student Nurses (Pay) Bill 2021,Student Nurses (Pay) Bill 2021,https://data.oireachtas.ie/ie/oireachtas/def/house/seanad,Seanad Éireann,Public,Lapsed,2021-01-12,2025-01-30,/legislation,2026-07-20,f900cb7cb4936742,Second Stage,2021-02-15,26th Seanad,,2,5,Annie Hoey,,https://data.oireachtas.ie/ie/oireachtas/member/id/Annie-Hoey.S.2020-03-30,"[""Annie Hoey"",""Ivana Bacik"",""Marie Sherlock"",""Mark Wall"",""Rebecca Moynihan""]",[],source_uri_present,0,0,0,,,,,0,0,0,,second_stage,Second Stage,30,Second Stage,26th Seanad,29,30,1,second_stage-29,Lapsed|Second Stage|26th Seanad|2021-02-15,editorial_summary_required,no_certified_debate,do_not_infer_from_speeches,2026-09-06T18:41:34.147654+00:00,6
https://data.oireachtas.ie/ie/oireachtas/bill/2020/30,https://data.oireachtas.ie/ie/oireachtas/bill/2020/30,30,2020,National Screening Advisory Committee Bill 2020,National Screening Advisory Committee Bill 2020,https://data.oireachtas.ie/ie/oireachtas/def/house/seanad,Seanad Éireann,Public,Lapsed,2020-09-15,2025-01-30,/legislation,2026-07-20,df124a3b8e70a12b,Second Stage,2020-09-18,26th Seanad,,2,3,David P.B. Norris,,https://data.oireachtas.ie/ie/oireachtas/member/id/David-PB-Norris.S.1987-04-25,"[""David P.B. Norris"",""Gerard P. Craughwell"",""Victor Boyhan""]",[],source_uri_present,0,0,0,,,,,0,0,0,,second_stage,Second Stage,30,Second Stage,26th Seanad,29,30,2,second_stage-29,Lapsed|Second Stage|26th Seanad|2020-09-18,editorial_summary_required,no_certified_debate,do_not_infer_from_speeches,2026-09-06T18:41:34.147654+00:00,6
https://data.oireachtas.ie/ie/oireachtas/bill/2019/35,https://data.oireachtas.ie/ie/oireachtas/bill/2019/35,35,2019,Electoral (Civil Society Freedom) (Amendment) Bill 2019,Electoral (Civil Society Freedom) (Amendment) Bill 2019,https://data.oireachtas.ie/ie/oireachtas/def/house/seanad,Seanad Éireann,Public,Current,2019-05-10,2025-03-05,/legislation,2026-07-20,82b1073f3649e4a3,Second Stage,2020-03-27,25th Seanad,Current,2,10,Lynn Ruane,,https://data.oireachtas.ie/ie/oireachtas/member/id/Lynn-Ruane.S.2016-04-25,"[""Alice-Mary Higgins"",""Colette Kelleher"",""David P.B. Norris"",""Fintan Warfield"",""Frances Black"",""Grace O'Sullivan"",""Ivana Bacik"",""John Dolan"",""Lynn Ruane"",""Victor Boyhan""]",[],source_uri_present,0,0,0,,,,,0,0,0,,second_stage,Second Stage,30,Second Stage,25th Seanad,29,30,3,second_stage-29,Current|Second Stage|25th Seanad|2020-03-27,editorial_summary_required,no_certified_debate,do_not_infer_from_speeches,2026-09-06T18:41:34.147654+00:00,6
https://data.oireachtas.ie/ie/oireachtas/bill/2019/25,https://data.oireachtas.ie/ie/oireachtas/bill/2019/25,25,2019,Public Authorities and Utility Undertakings (Contract Preparation and Award Criteria) Bill 2019,Public Authorities and Utility Undertakings (Contract Preparation and Award Criteria) Bill 2019,https://data.oireachtas.ie/ie/oireachtas/def/house/seanad,Seanad Éireann,Public,Lapsed,2019-03-25,2025-01-30,/legislation,2026-07-20,eb172bf34ac98b17,Second Stage,2019-03-27,25th Seanad,,2,5,Alice-Mary Higgins,,https://data.oireachtas.ie/ie/oireachtas/member/id/Alice-Mary-Higgins.S.2016-04-25,"[""Alice-Mary Higgins"",""Colette Kelleher"",""Frances Black"",""John Dolan"",""Lynn Ruane""]",[],source_uri_present,0,0,0,,,,,0,0,0,,second_stage,Second Stage,30,Second Stage,25th Seanad,29,30,4,second_stage-29,Lapsed|Second Stage|25th Seanad|2019-03-27,editorial_summary_required,no_certified_debate,do_not_infer_from_speeches,2026-09-06T18:41:34.147654+00:00,6
https://data.oireachtas.ie/ie/oireachtas/bill/2018/124,https://data.oireachtas.ie/ie/oireachtas/bill/2018/124,124,2018,Irish Nationality and Citizenship (Naturalisation of Minors Born in Ireland) Bill 2018,Irish Nationality and Citizenship (Naturalisation of Minors Born in Ireland) Bill 2018,https://data.oireachtas.ie/ie/oireachtas/def/house/seanad,Seanad Éireann,Public,Lapsed,2018-11-15,2025-01-30,/legislation,2026-07-20,a0cea56543df424a,Second Stage,2018-11-15,25th Seanad,,2,4,Ivana Bacik,,https://data.oireachtas.ie/ie/oireachtas/member/id/Ivana-Bacik.S.2007-07-23,"[""Aodhán Ó Ríordáin"",""Ged Nash"",""Ivana Bacik"",""Kevin Humphreys""]",[],source_uri_present,0,0,0,,,,,0,0,0,,second_stage,Second Stage,30,Second Stage,25th Seanad,29,30,5,second_stage-29,Lapsed|Second Stage|25th Seanad|2018-11-15,editorial_summary_required,no_certified_debate,do_not_infer_from_speeches,2026-09-06T18:41:34.147654+00:00,6
https://data.oireachtas.ie/ie/oireachtas/bill/2018/39,https://data.oireachtas.ie/ie/oireachtas/bill/2018/39,39,2018,Prohibition of Conversion Therapies Bill 2018,Prohibition of Conversion Therapies Bill 2018,https://data.oireachtas.ie/ie/oireachtas/def/house/seanad,Seanad Éireann,Public,Lapsed,2018-04-25,2025-01-30,/legislation,2026-07-20,264f13e0c6d985e5,Second Stage,2018-04-25,25th Seanad,,2,20,Fintan Warfield,,https://data.oireachtas.ie/ie/oireachtas/member/id/Fintan-Warfield.S.2016-04-25,"[""Alice-Mary Higgins"",""Aodhán Ó Ríordáin"",""Catherine Ardagh"",""Colette Kelleher"",""David P.B. Norris"",""Fintan Warfield"",""Frances Black"",""Gerard P. Craughwell"",""Grace O'Sullivan"",""Ivana Bacik"",""Jerry Buttimer"",""Joan Freeman"",""Kevin Humphreys"",""Lynn Ruane"",""Máire Devine"",""Niall Ó Donnghaile"",""Paul Gavan"",""Pádraig Mac Lochlainn"",""Rose Conway-Walsh"",""Victor Boyhan""]",[],source_uri_present,0,0,0,,,,,0,0,0,,second_stage,Second Stage,30,Second Stage,25th Seanad,29,30,6,second_stage-29,Lapsed|Second Stage|25th Seanad|2018-04-25,editorial_summary_required,no_certified_debate,do_not_infer_from_speeches,2026-09-06T18:41:34.147654+00:00,6
https://data.oireachtas.ie/ie/oireachtas/bill/2017/83,https://data.oireachtas.ie/ie/oireachtas/bill/2017/83,83,2017,Public Services and Procurement (Workers' Rights) Bill 2017,Public Services and Procurement (Workers' Rights) Bill 2017,https://data.oireachtas.ie/ie/oireachtas/def/house/dail,Dáil Éireann,Public,Current,2017-06-22,2025-05-02,/legislation,2026-07-20,5ed60bff4eb44492,Second Stage,2017-06-22,32nd Dáil,Current,2,3,Bríd Smith,,https://data.oireachtas.ie/ie/oireachtas/member/id/Bríd-Smith.D.2016-10-03,"[""Bríd Smith"",""Gino Kenny"",""Richard Boyd Barrett""]",[],source_uri_present,0,0,0,,,,,0,0,0,,second_stage,Second Stage,30,Second Stage,32nd Dáil,30,30,1,second_stage-30,Current|Second Stage|32nd Dáil|2017-06-22,editorial_summary_required,no_certified_debate,do_not_infer_from_speeches,2026-09-06T18:41:34.147654+00:00,6
https://data.oireachtas.ie/ie/oireachtas/bill/2017/68,https://data.oireachtas.ie/ie/oireachtas/bill/2017/68,68,2017,Controlled Drugs and Harm Reduction Bill 2017,Controlled Drugs and Harm Reduction Bill 2017,https://data.oireachtas.ie/ie/oireachtas/def/house/seanad,Seanad Éireann,Public,Current,2017-05-24,2025-03-05,/legislation,2026-07-20,01e96bcaab4f996e,Second Stage,2017-05-31,25th Seanad,Current,2,17,Ivana Bacik,,https://data.oireachtas.ie/ie/oireachtas/member/id/Ivana-Bacik.S.2007-07-23,"[""Alice-Mary Higgins"",""Aodhán Ó Ríordáin"",""Billy Lawless"",""Brian Ó Domhnaill"",""Colette Kelleher"",""David P.B. Norris"",""Frances Black"",""Ged Nash"",""Gerard P. Craughwell"",""Grace O'Sullivan"",""Ivana Bacik"",""Joan Freeman"",""John Dolan"",""Kevin Humphreys"",""Lynn Ruane"",""Michael McDowell"",""Victor Boyhan""]",[],source_uri_present,0,0,0,,,,,0,0,0,,second_stage,Second Stage,30,Second Stage,25th Seanad,30,30,2,second_stage-30,Current|Second Stage|25th Seanad|2017-05-31,editorial_summary_required,no_certified_debate,do_not_infer_from_speeches,2026-09-06T18:41:34.147654+00:00,6
https://data.oireachtas.ie/ie/oireachtas/bill/2017/43,https://data.oireachtas.ie/ie/oireachtas/bill/2017/43,43,2017,Gender Recognition (Amendment) Bill 2017,Gender Recognition (Amendment) Bill 2017,https://data.oireachtas.ie/ie/oireachtas/def/house/seanad,Seanad Éireann,Public,Lapsed,2017-03-30,2025-01-30,/legislation,2026-07-20,590e83563d045a62,Second Stage,2017-03-30,25th Seanad,,2,3,Fintan Warfield,,https://data.oireachtas.ie/ie/oireachtas/member/id/Fintan-Warfield.S.2016-04-25,"[""David P.B. Norris"",""Fintan Warfield"",""Grace O'Sullivan""]",[],source_uri_present,0,0,0,,,,,0,0,0,,second_stage,Second Stage,30,Second Stage,25th Seanad,30,30,3,second_stage-30,Lapsed|Second Stage|25th Seanad|2017-03-30,editorial_summary_required,no_certified_debate,do_not_infer_from_speeches,2026-09-06T18:41:34.147654+00:00,6
https://data.oireachtas.ie/ie/oireachtas/bill/2016/106,https://data.oireachtas.ie/ie/oireachtas/bill/2016/106,106,2016,Convictions for Certain Sexual Offences (Apology and Exoneration) Bill 2016,Convictions for Certain Sexual Offences (Apology and Exoneration) Bill 2016,https://data.oireachtas.ie/ie/oireachtas/def/house/seanad,Seanad Éireann,Public,Lapsed,2016-12-06,2025-01-30,/legislation,2026-07-20,8af28af811a3f2bb,Second Stage,2016-12-06,25th Seanad,,2,4,Ged Nash,,https://data.oireachtas.ie/ie/oireachtas/member/id/Gerald-Nash.D.2011-03-09,"[""Aodhán Ó Ríordáin"",""Ged Nash"",""Ivana Bacik"",""Kevin Humphreys""]",[],source_uri_present,0,0,0,,,,,0,0,0,,second_stage,Second Stage,30,Second Stage,25th Seanad,30,30,4,second_stage-30,Lapsed|Second Stage|25th Seanad|2016-12-06,editorial_summary_required,no_certified_debate,do_not_infer_from_speeches,2026-09-06T18:41:34.147654+00:00,6
https://data.oireachtas.ie/ie/oireachtas/bill/2016/63,https://data.oireachtas.ie/ie/oireachtas/bill/2016/63,63,2016,Electoral (Amendment) (Voting at 16) Bill 2016,Electoral (Amendment) (Voting at 16) Bill 2016,https://data.oireachtas.ie/ie/oireachtas/def/house/seanad,Seanad Éireann,Public,Lapsed,2016-07-12,2025-01-30,/legislation,2026-07-20,b5b93471fb247ea4,Second Stage,2016-07-12,25th Seanad,,2,3,Fintan Warfield,,https://data.oireachtas.ie/ie/oireachtas/member/id/Fintan-Warfield.S.2016-04-25,"[""Fintan Warfield"",""Lynn Ruane"",""Pádraig Mac Lochlainn""]",[],source_uri_present,0,0,0,,,,,0,0,0,,second_stage,Second Stage,30,Second Stage,25th Seanad,30,30,5,second_stage-30,Lapsed|Second Stage|25th Seanad|2016-07-12,editorial_summary_required,no_certified_debate,do_not_infer_from_speeches,2026-09-06T18:41:34.147654+00:00,6
https://data.oireachtas.ie/ie/oireachtas/bill/2016/26,https://data.oireachtas.ie/ie/oireachtas/bill/2016/26,26,2016,Thirty-fifth Amendment of the Constitution (Water in Public Ownership) Bill 2016,Thirty-fifth Amendment of the Constitution (Water in Public Ownership) Bill 2016,https://data.oireachtas.ie/ie/oireachtas/def/house/dail,Dáil Éireann,Public,Current,2016-05-17,2025-05-02,/legislation,2026-07-20,793d3f3d95ebca67,Second Stage,2016-05-17,32nd Dáil,Current,2,1,Thomas Pringle,,https://data.oireachtas.ie/ie/oireachtas/member/id/Thomas-Pringle.D.2011-03-09,"[""Thomas Pringle""]",[],source_uri_present,0,0,0,,,,,0,0,0,,second_stage,Second Stage,30,Second Stage,32nd Dáil,30,30,6,second_stage-30,Current|Second Stage|32nd Dáil|2016-05-17,editorial_summary_required,no_certified_debate,do_not_infer_from_speeches,2026-09-06T18:41:34.147654+00:00,6
https://data.oireachtas.ie/ie/oireachtas/bill/2025/38,https://data.oireachtas.ie/ie/oireachtas/bill/2025/38,38,2025,Victims of Sexual Violence Civil Protection Orders Bill 2025,Victims of Sexual Violence Civil Protection Orders Bill 2025,https://data.oireachtas.ie/ie/oireachtas/def/house/dail,Dáil Éireann,Public,Current,2025-06-09,2026-07-15,/legislation,2026-08-01,03df57ab2fd712ec,Committee Stage,2026-07-15,34th Dáil,Current,3,1,Matt Carthy,,https://data.oireachtas.ie/ie/oireachtas/member/id/Matt-Carthy.D.2020-02-08,"[""Matt Carthy""]",[],source_uri_present,3,36,0,,,,,0,0,0,no_recorded_division,committee_stage,Committee Stage,40,Committee Stage,34th Dáil,1,16,1,committee_stage-01,Current|Committee Stage|34th Dáil|2026-07-15,editorial_summary_required,certified_debate_available,do_not_infer_from_speeches,2026-09-06T18:41:34.147654+00:00,6
https://data.oireachtas.ie/ie/oireachtas/bill/2026/77,https://data.oireachtas.ie/ie/oireachtas/bill/2026/77,77,2026,Protection of Children (Online Age Verification) Bill 2026,Protection of Children (Online Age Verification) Bill 2026,https://data.oireachtas.ie/ie/oireachtas/def/house/seanad,Seanad Éireann,Public,Current,2026-07-02,2026-07-09,/legislation,2026-08-01,75e78a79387d0472,Committee Stage,2026-07-08,27th Seanad,Current,3,9,Rónán Mullen,,https://data.oireachtas.ie/ie/oireachtas/member/id/Rónán-Mullen.S.2007-07-23,"[""Aidan Davitt"",""Aubrey McCarthy"",""Diarmuid Wilson"",""Gerard P. Craughwell"",""Joe Conway"",""Michael McDowell"",""Rónán Mullen"",""Sarah O'Reilly"",""Sharon Keogan""]",[],source_uri_present,0,0,0,,,,,0,0,0,,committee_stage,Committee Stage,40,Committee Stage,27th Seanad,1,16,2,committee_stage-01,Current|Committee Stage|27th Seanad|2026-07-08,editorial_summary_required,no_certified_debate,do_not_infer_from_speeches,2026-09-06T18:41:34.147654+00:00,6
https://data.oireachtas.ie/ie/oireachtas/bill/2026/56,https://data.oireachtas.ie/ie/oireachtas/bill/2026/56,56,2026,Prohibition of Lethal Autonomous Weapons Systems Bill 2026,Prohibition of Lethal Autonomous Weapons Systems Bill 2026,https://data.oireachtas.ie/ie/oireachtas/def/house/seanad,Seanad Éireann,Public,Current,2026-05-27,2026-06-23,/legislation,2026-07-20,cbe0481e5a276648,Committee Stage,2026-06-23,27th Seanad,Current,3,4,Alice-Mary Higgins,,https://data.oireachtas.ie/ie/oireachtas/member/id/Alice-Mary-Higgins.S.2016-04-25,"[""Alice-Mary Higgins"",""Eileen Flynn"",""Frances Black"",""Lynn Ruane""]",[],source_uri_present,0,0,0,,,,,0,0,0,,committee_stage,Committee Stage,40,Committee Stage,27th Seanad,1,16,3,committee_stage-01,Current|Committee Stage|27th Seanad|2026-06-23,editorial_summary_required,no_certified_debate,do_not_infer_from_speeches,2026-09-06T18:41:34.147654+00:00,6
https://data.oireachtas.ie/ie/oireachtas/bill/2026/52,https://data.oireachtas.ie/ie/oireachtas/bill/2026/52,52,2026,Dublin Transport Authority (Amendment) Bill 2026,Dublin Transport Authority (Amendment) Bill 2026,https://data.oireachtas.ie/ie/oireachtas/def/house/dail,Dáil Éireann,Public,Current,2026-05-15,2026-06-25,/legislation,2026-07-20,e33e018dfd1c4b2b,Committee Stage,2026-05-26,34th Dáil,,3,1,,Minister for Transport,,[],"[""Minister for Transport""]",role_or_office_only,2,56,0,,,,,0,0,0,no_recorded_division,committee_stage,Committee Stage,40,Committee Stage,34th Dáil,1,16,4,committee_stage-01,Current|Committee Stage|34th Dáil|2026-05-26,editorial_summary_required,certified_debate_available,do_not_infer_from_speeches,2026-09-06T18:41:34.147654+00:00,6
https://data.oireachtas.ie/ie/oireachtas/bill/2026/42,https://data.oireachtas.ie/ie/oireachtas/bill/2026/42,42,2026,Industrial Development (Amendment) and Miscellaneous Provisions Bill 2026,Industrial Development (Amendment) and Miscellaneous Provisions Bill 2026,https://data.oireachtas.ie/ie/oireachtas/def/house/dail,Dáil Éireann,Public,Current,2026-05-06,2026-07-03,/legislation,2026-07-20,ed3c37941abcd914,Committee Stage,2026-05-14,34th Dáil,,3,1,,"Minister for Enterprise, Tourism and Employment",,[],"[""Minister for Enterprise, Tourism and Employment""]",role_or_office_only,2,27,0,,,,,0,0,0,no_recorded_division,committee_stage,Committee Stage,40,Committee Stage,34th Dáil,1,16,5,committee_stage-01,Current|Committee Stage|34th Dáil|2026-05-14,editorial_summary_required,certified_debate_available,do_not_infer_from_speeches,2026-09-06T18:41:34.147654+00:00,6
https://data.oireachtas.ie/ie/oireachtas/bill/2021/21,https://data.oireachtas.ie/ie/oireachtas/bill/2021/21,21,2021,Veterinary Practice (Amendment) Bill 2021,Veterinary Practice (Amendment) Bill 2021,https://data.oireachtas.ie/ie/oireachtas/def/house/dail,Dáil Éireann,Public,Current,2020-09-30,2026-05-12,/legislation,2026-07-20,28ebd98f6e320754,Committee Stage,2026-05-12,34th Dáil,Current,3,1,Jackie Cahill,,https://data.oireachtas.ie/ie/oireachtas/member/id/Jackie-Cahill.D.2016-10-03,"[""Jackie Cahill""]",[],source_uri_present,1,1,0,,,,,0,0,0,no_recorded_division,committee_stage,Committee Stage,40,Committee Stage,34th Dáil,1,16,6,committee_stage-01,Current|Committee Stage|34th Dáil|2026-05-12,editorial_summary_required,certified_debate_available,do_not_infer_from_speeches,2026-09-06T18:41:34.147654+00:00,6
https://data.oireachtas.ie/ie/oireachtas/bill/2023/28,https://data.oireachtas.ie/ie/oireachtas/bill/2023/28,28,2023,Illegal Israeli Settlements Divestment Bill 2023,Illegal Israeli Settlements Divestment Bill 2023,https://data.oireachtas.ie/ie/oireachtas/def/house/dail,Dáil Éireann,Public,Current,2023-03-27,2026-02-24,/legislation,2026-07-20,7b4e47d680381afc,Committee Stage,2026-02-24,34th Dáil,Current,3,1,John Brady,,https://data.oireachtas.ie/ie/oireachtas/member/id/John-Brady.D.2016-10-03,"[""John Brady""]",[],source_uri_present,1,1,0,,,,,0,0,0,no_recorded_division,committee_stage,Committee Stage,40,Committee Stage,34th Dáil,2,16,1,committee_stage-02,Current|Committee Stage|34th Dáil|2026-02-24,editorial_summary_required,certified_debate_available,do_not_infer_from_speeches,2026-09-06T18:41:34.147654+00:00,6
https://data.oireachtas.ie/ie/oireachtas/bill/2025/78,https://data.oireachtas.ie/ie/oireachtas/bill/2025/78,78,2025,Child Care (Amendment) Bill 2025,Child Care (Amendment) Bill 2025,https://data.oireachtas.ie/ie/oireachtas/def/house/dail,Dáil Éireann,Public,Current,2025-12-09,2026-03-13,/legislation,2026-07-20,1cf757e508e8dad4,Committee Stage,2026-01-29,34th Dáil,Current,3,1,,"Minister for Children, Disability and Equality",,[],"[""Minister for Children, Disability and Equality""]",role_or_office_only,2,21,0,,,,,0,0,0,no_recorded_division,committee_stage,Committee Stage,40,Committee Stage,34th Dáil,2,16,2,committee_stage-02,Current|Committee Stage|34th Dáil|2026-01-29,editorial_summary_required,certified_debate_available,do_not_infer_from_speeches,2026-09-06T18:41:34.147654+00:00,6
https://data.oireachtas.ie/ie/oireachtas/bill/2021/15,https://data.oireachtas.ie/ie/oireachtas/bill/2021/15,15,2021,Industrial Relations (Provisions in Respect of Pension Entitlements of Retired Workers) Bill 2021,Industrial Relations (Provisions in Respect of Pension Entitlements of Retired Workers) Bill 2021,https://data.oireachtas.ie/ie/oireachtas/def/house/dail,Dáil Éireann,Public,Current,2021-02-02,2025-10-02,/legislation,2026-07-20,a40457672b3d42c3,Committee Stage,2025-09-30,34th Dáil,Current,3,4,Bríd Smith,,https://data.oireachtas.ie/ie/oireachtas/member/id/Bríd-Smith.D.2016-10-03,"[""Bríd Smith"",""Gino Kenny"",""Paul Murphy"",""Richard Boyd Barrett""]",[],source_uri_present,1,2,0,,,,,0,0,0,no_recorded_division,committee_stage,Committee Stage,40,Committee Stage,34th Dáil,2,16,3,committee_stage-02,Current|Committee Stage|34th Dáil|2025-09-30,editorial_summary_required,certified_debate_available,do_not_infer_from_speeches,2026-09-06T18:41:34.147654+00:00,6
https://data.oireachtas.ie/ie/oireachtas/bill/2025/46,https://data.oireachtas.ie/ie/oireachtas/bill/2025/46,46,2025,Health (Amendment) Bill 2025,Health (Amendment) Bill 2025,https://data.oireachtas.ie/ie/oireachtas/def/house/dail,Dáil Éireann,Public,Current,2025-07-11,2026-06-29,/legislation,2026-07-20,498a3d78565ed3fa,Committee Stage,2025-07-16,34th Dáil,,3,1,,Minister for Health,,[],"[""Minister for Health""]",role_or_office_only,2,53,0,,,,,0,0,0,no_recorded_division,committee_stage,Committee Stage,40,Committee Stage,34th Dáil,2,16,4,committee_stage-02,Current|Committee Stage|34th Dáil|2025-07-16,editorial_summary_required,certified_debate_available,do_not_infer_from_speeches,2026-09-06T18:41:34.147654+00:00,6
https://data.oireachtas.ie/ie/oireachtas/bill/2025/23,https://data.oireachtas.ie/ie/oireachtas/bill/2025/23,23,2025,Pregnancy Loss (Miscellaneous Provisions) Bill 2025,Pregnancy Loss (Miscellaneous Provisions) Bill 2025,https://data.oireachtas.ie/ie/oireachtas/def/house/seanad,Seanad Éireann,Public,Current,2025-05-08,2025-07-10,/legislation,2026-07-20,feef0139376c2482,Committee Stage,2025-07-09,27th Seanad,Current,3,6,Nicole Ryan,,https://data.oireachtas.ie/ie/oireachtas/member/id/Nicole-Ryan.S.2025-01-29,"[""Chris Andrews"",""Conor Murphy"",""Joanne Collins"",""Maria McCormack"",""Nicole Ryan"",""Pauline Tully""]",[],source_uri_present,0,0,0,,,,,0,0,0,,committee_stage,Committee Stage,40,Committee Stage,27th Seanad,2,16,5,committee_stage-02,Current|Committee Stage|27th Seanad|2025-07-09,editorial_summary_required,no_certified_debate,do_not_infer_from_speeches,2026-09-06T18:41:34.147654+00:00,6
https://data.oireachtas.ie/ie/oireachtas/bill/2024/2,https://data.oireachtas.ie/ie/oireachtas/bill/2024/2,2,2024,Domestic Violence (Amendment) Bill 2024,Domestic Violence (Amendment) Bill 2024,https://data.oireachtas.ie/ie/oireachtas/def/house/seanad,Seanad Éireann,Public,Current,2024-01-16,2025-07-03,/legislation,2026-07-20,11a58dc1052bca08,Committee Stage,2025-07-02,27th Seanad,,3,8,Vincent P. Martin,,https://data.oireachtas.ie/ie/oireachtas/member/id/Vincent-P-Martin.S.2020-06-29,"[""David P.B. Norris"",""Erin McGreehan"",""Fintan Warfield"",""Lynn Boylan"",""Paul Gavan"",""Róisín Garvey"",""Tom Clonan"",""Vincent P. Martin""]",[],source_uri_present,0,0,0,,,,,0,0,0,,committee_stage,Committee Stage,40,Committee Stage,27th Seanad,2,16,6,committee_stage-02,Current|Committee Stage|27th Seanad|2025-07-02,editorial_summary_required,no_certified_debate,do_not_infer_from_speeches,2026-09-06T18:41:34.147654+00:00,6
https://data.oireachtas.ie/ie/oireachtas/bill/2014/17,https://data.oireachtas.ie/ie/oireachtas/bill/2014/17,17,2014,Thirty-fourth Amendment of the Constitution (Presidential Voting) Bill 2014,Thirty-fourth Amendment of the Constitution (Presidential Voting) Bill 2014,https://data.oireachtas.ie/ie/oireachtas/def/house/dail,Dáil Éireann,Public,Current,2014-03-11,2025-06-24,/legislation,2026-07-20,f0dd83e81250673f,Committee Stage,2025-06-24,34th Dáil,Current,3,2,Gerry Adams,,https://data.oireachtas.ie/ie/oireachtas/member/id/Gerry-Adams.D.2011-03-09,"[""Gerry Adams"",""Seán Crowe""]",[],source_uri_present,1,1,0,,,,,0,0,0,no_recorded_division,committee_stage,Committee Stage,40,Committee Stage,34th Dáil,3,16,1,committee_stage-03,Current|Committee Stage|34th Dáil|2025-06-24,editorial_summary_required,certified_debate_available,do_not_infer_from_speeches,2026-09-06T18:41:34.147654+00:00,6
https://data.oireachtas.ie/ie/oireachtas/bill/2023/73,https://data.oireachtas.ie/ie/oireachtas/bill/2023/73,73,2023,Competition and Consumer Protection (Unfair Prices) Bill 2023,Competition and Consumer Protection (Unfair Prices) Bill 2023,https://data.oireachtas.ie/ie/oireachtas/def/house/dail,Dáil Éireann,Public,Current,2023-07-11,2025-05-30,/legislation,2026-07-20,9db1ff3c2ab12c44,Committee Stage,2025-05-29,34th Dáil,Current,3,1,Ged Nash,,https://data.oireachtas.ie/ie/oireachtas/member/id/Gerald-Nash.D.2011-03-09,"[""Ged Nash""]",[],source_uri_present,1,12,0,,,,,0,0,0,no_recorded_division,committee_stage,Committee Stage,40,Committee Stage,34th Dáil,3,16,2,committee_stage-03,Current|Committee Stage|34th Dáil|2025-05-29,editorial_summary_required,certified_debate_available,do_not_infer_from_speeches,2026-09-06T18:41:34.147654+00:00,6
https://data.oireachtas.ie/ie/oireachtas/bill/2023/83,https://data.oireachtas.ie/ie/oireachtas/bill/2023/83,83,2023,Mental Health (Amendment) Bill 2023,Mental Health (Amendment) Bill 2023,https://data.oireachtas.ie/ie/oireachtas/def/house/dail,Dáil Éireann,Public,Current,2023-11-08,2025-05-02,/legislation,2026-07-20,238ea5fbfbdffcf4,Committee Stage,2025-05-01,34th Dáil,Current,2,2,Mark Ward,,https://data.oireachtas.ie/ie/oireachtas/member/id/Mark-Ward.D.2019-11-29,"[""David Cullinane"",""Mark Ward""]",[],source_uri_present,0,0,0,,,,,0,0,0,,committee_stage,Committee Stage,40,Committee Stage,34th Dáil,3,16,3,committee_stage-03,Current|Committee Stage|34th Dáil|2025-05-01,editorial_summary_required,no_certified_debate,do_not_infer_from_speeches,2026-09-06T18:41:34.147654+00:00,6
https://data.oireachtas.ie/ie/oireachtas/bill/2022/95,https://data.oireachtas.ie/ie/oireachtas/bill/2022/95,95,2022,National Vetting Bureau (Children and Vulnerable Persons) (Amendment) Bill 2022,National Vetting Bureau (Children and Vulnerable Persons) (Amendment) Bill 2022,https://data.oireachtas.ie/ie/oireachtas/def/house/dail,Dáil Éireann,Public,Current,2022-09-27,2025-05-02,/legislation,2026-07-20,538ce612957b9986,Committee Stage,2025-05-01,34th Dáil,Current,3,3,Pa Daly,,https://data.oireachtas.ie/ie/oireachtas/member/id/Pa-Daly.D.2020-02-08,"[""Pa Daly"",""Paul Donnelly"",""Réada Cronin""]",[],source_uri_present,0,0,0,,,,,0,0,0,,committee_stage,Committee Stage,40,Committee Stage,34th Dáil,3,16,4,committee_stage-03,Current|Committee Stage|34th Dáil|2025-05-01,editorial_summary_required,no_certified_debate,do_not_infer_from_speeches,2026-09-06T18:41:34.147654+00:00,6
https://data.oireachtas.ie/ie/oireachtas/bill/2021/135,https://data.oireachtas.ie/ie/oireachtas/bill/2021/135,135,2021,Flood Insurance Bill 2021,Flood Insurance Bill 2021,https://data.oireachtas.ie/ie/oireachtas/def/house/dail,Dáil Éireann,Public,Current,2021-09-01,2026-05-12,/legislation,2026-07-20,2a75eb3c14918593,Committee Stage,2025-05-01,34th Dáil,Current,3,1,John Brady,,https://data.oireachtas.ie/ie/oireachtas/member/id/John-Brady.D.2016-10-03,"[""John Brady""]",[],source_uri_present,1,1,0,,,,,0,0,0,no_recorded_division,committee_stage,Committee Stage,40,Committee Stage,34th Dáil,3,16,5,committee_stage-03,Current|Committee Stage|34th Dáil|2025-05-01,editorial_summary_required,certified_debate_available,do_not_infer_from_speeches,2026-09-06T18:41:34.147654+00:00,6
https://data.oireachtas.ie/ie/oireachtas/bill/2021/121,https://data.oireachtas.ie/ie/oireachtas/bill/2021/121,121,2021,Defective Dwellings Bill 2021,Defective Dwellings Bill 2021,https://data.oireachtas.ie/ie/oireachtas/def/house/dail,Dáil Éireann,Public,Current,2021-09-01,2025-05-02,/legislation,2026-07-20,12f2a70af834889c,Committee Stage,2025-05-01,34th Dáil,Current,3,1,Francis Noel Duffy,,https://data.oireachtas.ie/ie/oireachtas/member/id/FrancisNoel-Duffy.D.2020-02-08,"[""Francis Noel Duffy""]",[],source_uri_present,0,0,0,,,,,0,0,0,,committee_stage,Committee Stage,40,Committee Stage,34th Dáil,3,16,6,committee_stage-03,Current|Committee Stage|34th Dáil|2025-05-01,editorial_summary_required,no_certified_debate,do_not_infer_from_speeches,2026-09-06T18:41:34.147654+00:00,6
https://data.oireachtas.ie/ie/oireachtas/bill/2021/45,https://data.oireachtas.ie/ie/oireachtas/bill/2021/45,45,2021,Labour Exploitation and Trafficking (Audit of Supply Chains) Bill 2021,Labour Exploitation and Trafficking (Audit of Supply Chains) Bill 2021,https://data.oireachtas.ie/ie/oireachtas/def/house/dail,Dáil Éireann,Public,Current,2021-01-25,2025-05-02,/legislation,2026-07-20,4865210078494ae3,Committee Stage,2025-05-01,34th Dáil,Current,3,3,Aodhán Ó Ríordáin,,https://data.oireachtas.ie/ie/oireachtas/member/id/Aodhán-Ó-Ríordáin.D.2011-03-09,"[""Aodhán Ó Ríordáin"",""Ged Nash"",""Seán Sherlock""]",[],source_uri_present,0,0,0,,,,,0,0,0,,committee_stage,Committee Stage,40,Committee Stage,34th Dáil,4,16,1,committee_stage-04,Current|Committee Stage|34th Dáil|2025-05-01,editorial_summary_required,no_certified_debate,do_not_infer_from_speeches,2026-09-06T18:41:34.147654+00:00,6
https://data.oireachtas.ie/ie/oireachtas/bill/2021/38,https://data.oireachtas.ie/ie/oireachtas/bill/2021/38,38,2021,Organisation of Working Time (Reproductive Health Related Leave) Bill 2021,Organisation of Working Time (Reproductive Health Related Leave) Bill 2021,https://data.oireachtas.ie/ie/oireachtas/def/house/seanad,Seanad Éireann,Public,Current,2021-03-16,2025-05-02,/legislation,2026-07-20,73a39470c77781cc,Committee Stage,2025-05-01,34th Dáil,Current,6,5,Ivana Bacik,,https://data.oireachtas.ie/ie/oireachtas/member/id/Ivana-Bacik.S.2007-07-23,"[""Annie Hoey"",""Ivana Bacik"",""Marie Sherlock"",""Mark Wall"",""Rebecca Moynihan""]",[],source_uri_present,0,0,0,,,,,0,0,0,,committee_stage,Committee Stage,40,Committee Stage,34th Dáil,4,16,2,committee_stage-04,Current|Committee Stage|34th Dáil|2025-05-01,editorial_summary_required,no_certified_debate,do_not_infer_from_speeches,2026-09-06T18:41:34.147654+00:00,6
https://data.oireachtas.ie/ie/oireachtas/bill/2025/12,https://data.oireachtas.ie/ie/oireachtas/bill/2025/12,12,2025,Prohibition of Advertising or Importuning Sex for Rent Bill 2025,Prohibition of Advertising or Importuning Sex for Rent Bill 2025,https://data.oireachtas.ie/ie/oireachtas/def/house/seanad,Seanad Éireann,Public,Current,2025-03-13,2025-04-15,/legislation,2026-07-20,a7bee6ccf89ad989,Committee Stage,2025-04-15,27th Seanad,Current,3,2,Laura Harmon,,https://data.oireachtas.ie/ie/oireachtas/member/id/Laura-Harmon.S.2025-01-29,"[""Laura Harmon"",""Nessa Cosgrove""]",[],source_uri_present,0,0,0,,,,,0,0,0,,committee_stage,Committee Stage,40,Committee Stage,27th Seanad,4,16,3,committee_stage-04,Current|Committee Stage|27th Seanad|2025-04-15,editorial_summary_required,no_certified_debate,do_not_infer_from_speeches,2026-09-06T18:41:34.147654+00:00,6
https://data.oireachtas.ie/ie/oireachtas/bill/2021/43,https://data.oireachtas.ie/ie/oireachtas/bill/2021/43,43,2021,Electoral (Amendment) (Voting at 16) Bill 2021,Electoral (Amendment) (Voting at 16) Bill 2021,https://data.oireachtas.ie/ie/oireachtas/def/house/seanad,Seanad Éireann,Public,Current,2021-03-24,2025-03-28,/legislation,2026-07-20,d097035850e8f7f0,Committee Stage,2025-03-27,27th Seanad,Current,3,3,Malcolm Byrne,,https://data.oireachtas.ie/ie/oireachtas/member/id/Malcolm-Byrne.D.2019-11-29,"[""Erin McGreehan"",""Malcolm Byrne"",""Mary Fitzpatrick""]",[],source_uri_present,0,0,0,,,,,0,0,0,,committee_stage,Committee Stage,40,Committee Stage,27th Seanad,4,16,4,committee_stage-04,Current|Committee Stage|27th Seanad|2025-03-27,editorial_summary_required,no_certified_debate,do_not_infer_from_speeches,2026-09-06T18:41:34.147654+00:00,6
https://data.oireachtas.ie/ie/oireachtas/bill/2024/19,https://data.oireachtas.ie/ie/oireachtas/bill/2024/19,19,2024,Control of Dogs (Miscellaneous Provisions) Bill 2024,Control of Dogs (Miscellaneous Provisions) Bill 2024,https://data.oireachtas.ie/ie/oireachtas/def/house/seanad,Seanad Éireann,Public,Current,2024-02-26,2025-03-28,/legislation,2026-07-20,c6e735cf63a3e2d4,Committee Stage,2025-01-29,27th Seanad,Current,3,6,Erin McGreehan,,https://data.oireachtas.ie/ie/oireachtas/member/id/Erin-McGreehan.S.2020-06-29,"[""Diarmuid Wilson"",""Erin McGreehan"",""Eugene Murphy"",""Malcolm Byrne"",""Micheál Carrigy"",""Robbie Gallagher""]",[],source_uri_present,0,0,0,,,,,0,0,0,,committee_stage,Committee Stage,40,Committee Stage,27th Seanad,4,16,5,committee_stage-04,Current|Committee Stage|27th Seanad|2025-01-29,editorial_summary_required,no_certified_debate,do_not_infer_from_speeches,2026-09-06T18:41:34.147654+00:00,6
https://data.oireachtas.ie/ie/oireachtas/bill/2024/7,https://data.oireachtas.ie/ie/oireachtas/bill/2024/7,7,2024,Forty-first Amendment of the Constitution (Agreement on a Unified Patent Court) Bill 2024,Forty-first Amendment of the Constitution (Agreement on a Unified Patent Court) Bill 2024,https://data.oireachtas.ie/ie/oireachtas/def/house/dail,Dáil Éireann,Public,Current,2024-02-15,2025-02-20,/legislation,2026-07-20,51679990ae8948b2,Committee Stage,2025-01-29,27th Seanad,Current,7,1,,"Minister for Enterprise, Trade and Employment",,[],"[""Minister for Enterprise, Trade and Employment""]",role_or_office_only,0,0,0,,,,,0,0,0,,committee_stage,Committee Stage,40,Committee Stage,27th Seanad,4,16,6,committee_stage-04,Current|Committee Stage|27th Seanad|2025-01-29,editorial_summary_required,no_certified_debate,do_not_infer_from_speeches,2026-09-06T18:41:34.147654+00:00,6
https://data.oireachtas.ie/ie/oireachtas/bill/2023/69,https://data.oireachtas.ie/ie/oireachtas/bill/2023/69,69,2023,Sex Offenders (Amendment) (Coercive Control) Bill 2023,Sex Offenders (Amendment) (Coercive Control) Bill 2023,https://data.oireachtas.ie/ie/oireachtas/def/house/seanad,Seanad Éireann,Public,Current,2023-07-20,2025-03-28,/legislation,2026-07-20,fd6278053aa0d72c,Committee Stage,2025-01-29,27th Seanad,Current,3,2,Fiona O'Loughlin,,https://data.oireachtas.ie/ie/oireachtas/member/id/Fiona-O'Loughlin.D.2016-10-03,"[""Fiona O'Loughlin"",""Lisa Chambers""]",[],source_uri_present,0,0,0,,,,,0,0,0,,committee_stage,Committee Stage,40,Committee Stage,27th Seanad,5,16,1,committee_stage-05,Current|Committee Stage|27th Seanad|2025-01-29,editorial_summary_required,no_certified_debate,do_not_infer_from_speeches,2026-09-06T18:41:34.147654+00:00,6
https://data.oireachtas.ie/ie/oireachtas/bill/2023/50,https://data.oireachtas.ie/ie/oireachtas/bill/2023/50,50,2023,Gradam an Uachtaráin Bill 2023,Gradam an Uachtaráin Bill 2023,https://data.oireachtas.ie/ie/oireachtas/def/house/seanad,Seanad Éireann,Public,Current,2023-05-25,2025-03-21,/legislation,2026-07-20,cefedcb108de24e5,Committee Stage,2025-01-29,27th Seanad,Current,3,5,Sharon Keogan,,https://data.oireachtas.ie/ie/oireachtas/member/id/Sharon-Keogan.S.2020-03-30,"[""Gerard P. Craughwell"",""Rónán Mullen"",""Sharon Keogan"",""Tom Clonan"",""Victor Boyhan""]",[],source_uri_present,0,0,0,,,,,0,0,0,,committee_stage,Committee Stage,40,Committee Stage,27th Seanad,5,16,2,committee_stage-05,Current|Committee Stage|27th Seanad|2025-01-29,editorial_summary_required,no_certified_debate,do_not_infer_from_speeches,2026-09-06T18:41:34.147654+00:00,6
https://data.oireachtas.ie/ie/oireachtas/bill/2023/42,https://data.oireachtas.ie/ie/oireachtas/bill/2023/42,42,2023,Climate Action and Biodiversity (Mandates of Certain Organisations) Bill 2023,Climate Action and Biodiversity (Mandates of Certain Organisations) Bill 2023,https://data.oireachtas.ie/ie/oireachtas/def/house/seanad,Seanad Éireann,Public,Current,2023-05-09,2025-03-05,/legislation,2026-07-20,dcae87ad4ca58358,Committee Stage,2025-01-29,27th Seanad,Current,3,4,Alice-Mary Higgins,,https://data.oireachtas.ie/ie/oireachtas/member/id/Alice-Mary-Higgins.S.2016-04-25,"[""Alice-Mary Higgins"",""Eileen Flynn"",""Frances Black"",""Lynn Ruane""]",[],source_uri_present,0,0,0,,,,,0,0,0,,committee_stage,Committee Stage,40,Committee Stage,27th Seanad,5,16,3,committee_stage-05,Current|Committee Stage|27th Seanad|2025-01-29,editorial_summary_required,no_certified_debate,do_not_infer_from_speeches,2026-09-06T18:41:34.147654+00:00,6
https://data.oireachtas.ie/ie/oireachtas/bill/2023/26,https://data.oireachtas.ie/ie/oireachtas/bill/2023/26,26,2023,Health (Assisted Human Reproduction) Bill 2023,Health (Assisted Human Reproduction) Bill 2023,https://data.oireachtas.ie/ie/oireachtas/def/house/seanad,Seanad Éireann,Public,Current,2023-03-28,2025-03-28,/legislation,2026-07-20,74bd40b74f020a21,Committee Stage,2025-01-29,27th Seanad,Current,3,2,Catherine Ardagh,,https://data.oireachtas.ie/ie/oireachtas/member/id/Catherine-Ardagh.S.2016-04-25,"[""Catherine Ardagh"",""Fiona O'Loughlin""]",[],source_uri_present,0,0,0,,,,,0,0,0,,committee_stage,Committee Stage,40,Committee Stage,27th Seanad,5,16,4,committee_stage-05,Current|Committee Stage|27th Seanad|2025-01-29,editorial_summary_required,no_certified_debate,do_not_infer_from_speeches,2026-09-06T18:41:34.147654+00:00,6
https://data.oireachtas.ie/ie/oireachtas/bill/2022/106,https://data.oireachtas.ie/ie/oireachtas/bill/2022/106,106,2022,Curragh of Kildare (Amendment) Bill 2022,Curragh of Kildare (Amendment) Bill 2022,https://data.oireachtas.ie/ie/oireachtas/def/house/seanad,Seanad Éireann,Public,Current,2022-09-02,2025-03-28,/legislation,2026-07-20,ecb33c14f9cbc6a4,Committee Stage,2025-01-29,27th Seanad,Current,3,2,Fiona O'Loughlin,,https://data.oireachtas.ie/ie/oireachtas/member/id/Fiona-O'Loughlin.D.2016-10-03,"[""Fiona O'Loughlin"",""Mary Fitzpatrick""]",[],source_uri_present,0,0,0,,,,,0,0,0,,committee_stage,Committee Stage,40,Committee Stage,27th Seanad,5,16,5,committee_stage-05,Current|Committee Stage|27th Seanad|2025-01-29,editorial_summary_required,no_certified_debate,do_not_infer_from_speeches,2026-09-06T18:41:34.147654+00:00,6
https://data.oireachtas.ie/ie/oireachtas/bill/2021/120,https://data.oireachtas.ie/ie/oireachtas/bill/2021/120,120,2021,Companies (Emission Reporting) Bill 2021,Companies (Emission Reporting) Bill 2021,https://data.oireachtas.ie/ie/oireachtas/def/house/seanad,Seanad Éireann,Public,Current,2021-09-06,2025-03-05,/legislation,2026-07-20,56a65ee42ea64b5c,Committee Stage,2025-01-29,27th Seanad,Current,3,4,Lynn Ruane,,https://data.oireachtas.ie/ie/oireachtas/member/id/Lynn-Ruane.S.2016-04-25,"[""Alice-Mary Higgins"",""Eileen Flynn"",""Frances Black"",""Lynn Ruane""]",[],source_uri_present,0,0,0,,,,,0,0,0,,committee_stage,Committee Stage,40,Committee Stage,27th Seanad,5,16,6,committee_stage-05,Current|Committee Stage|27th Seanad|2025-01-29,editorial_summary_required,no_certified_debate,do_not_infer_from_speeches,2026-09-06T18:41:34.147654+00:00,6
https://data.oireachtas.ie/ie/oireachtas/bill/2021/17,https://data.oireachtas.ie/ie/oireachtas/bill/2021/17,17,2021,Defence (Restriction on Use of Certain Titles) Bill 2021,Defence (Restriction on Use of Certain Titles) Bill 2021,https://data.oireachtas.ie/ie/oireachtas/def/house/seanad,Seanad Éireann,Public,Current,2021-02-11,2025-03-28,/legislation,2026-07-20,8e33fa8741ce96c5,Committee Stage,2025-01-29,26th Seanad,Current,3,1,Malcolm Byrne,,https://data.oireachtas.ie/ie/oireachtas/member/id/Malcolm-Byrne.D.2019-11-29,"[""Malcolm Byrne""]",[],source_uri_present,0,0,0,,,,,0,0,0,,committee_stage,Committee Stage,40,Committee Stage,26th Seanad,6,16,1,committee_stage-06,Current|Committee Stage|26th Seanad|2025-01-29,editorial_summary_required,no_certified_debate,do_not_infer_from_speeches,2026-09-06T18:41:34.147654+00:00,6
https://data.oireachtas.ie/ie/oireachtas/bill/2021/4,https://data.oireachtas.ie/ie/oireachtas/bill/2021/4,4,2021,Free Provision of Period Products Bill 2021,Free Provision of Period Products Bill 2021,https://data.oireachtas.ie/ie/oireachtas/def/house/seanad,Seanad Éireann,Public,Current,2021-01-15,2025-03-28,/legislation,2026-07-20,479ee457696e16dc,Committee Stage,2025-01-29,27th Seanad,Current,3,3,Lorraine Clifford-Lee,,https://data.oireachtas.ie/ie/oireachtas/member/id/Lorraine-Clifford-Lee.S.2016-04-25,"[""Catherine Ardagh"",""Lorraine Clifford-Lee"",""Mary Fitzpatrick""]",[],source_uri_present,0,0,0,,,,,0,0,0,,committee_stage,Committee Stage,40,Committee Stage,27th Seanad,6,16,2,committee_stage-06,Current|Committee Stage|27th Seanad|2025-01-29,editorial_summary_required,no_certified_debate,do_not_infer_from_speeches,2026-09-06T18:41:34.147654+00:00,6
https://data.oireachtas.ie/ie/oireachtas/bill/2020/47,https://data.oireachtas.ie/ie/oireachtas/bill/2020/47,47,2020,Seanad Bill 2020,Seanad Bill 2020,https://data.oireachtas.ie/ie/oireachtas/def/house/seanad,Seanad Éireann,Public,Current,2020-07-23,2025-02-20,/legislation,2026-07-20,238e93a3ccad031c,Committee Stage,2025-01-29,27th Seanad,Current,3,3,Michael McDowell,,https://data.oireachtas.ie/ie/oireachtas/member/id/Michael-McDowell.D.1987-03-10,"[""Alice-Mary Higgins"",""Gerard P. Craughwell"",""Michael McDowell""]",[],source_uri_present,0,0,0,,,,,0,0,0,,committee_stage,Committee Stage,40,Committee Stage,27th Seanad,6,16,3,committee_stage-06,Current|Committee Stage|27th Seanad|2025-01-29,editorial_summary_required,no_certified_debate,do_not_infer_from_speeches,2026-09-06T18:41:34.147654+00:00,6
https://data.oireachtas.ie/ie/oireachtas/bill/2020/11,https://data.oireachtas.ie/ie/oireachtas/bill/2020/11,11,2020,Seanad Electoral (University Members) (Amendment) Bill 2020,Seanad Electoral (University Members) (Amendment) Bill 2020,https://data.oireachtas.ie/ie/oireachtas/def/house/seanad,Seanad Éireann,Public,Current,2020-07-02,2025-03-28,/legislation,2026-07-20,610675cc3599247e,Committee Stage,2025-01-29,27th Seanad,Current,3,3,Malcolm Byrne,,https://data.oireachtas.ie/ie/oireachtas/member/id/Malcolm-Byrne.D.2019-11-29,"[""Malcolm Byrne"",""Pat Casey"",""Shane Cassells""]",[],source_uri_present,0,0,0,,,,,0,0,0,,committee_stage,Committee Stage,40,Committee Stage,27th Seanad,6,16,4,committee_stage-06,Current|Committee Stage|27th Seanad|2025-01-29,editorial_summary_required,no_certified_debate,do_not_infer_from_speeches,2026-09-06T18:41:34.147654+00:00,6
https://data.oireachtas.ie/ie/oireachtas/bill/2024/8,https://data.oireachtas.ie/ie/oireachtas/bill/2024/8,8,2024,Residential Tenancies (Amendment) Bill 2024,Residential Tenancies (Amendment) Bill 2024,https://data.oireachtas.ie/ie/oireachtas/def/house/dail,Dáil Éireann,Public,Current,2024-02-19,2025-05-02,/legislation,2026-07-20,c0ae56b41eeb6e56,Committee Stage,2024-11-08,33rd Dáil,Current,3,2,Mairéad Farrell,,https://data.oireachtas.ie/ie/oireachtas/member/id/Mairéad-Farrell.D.2020-02-08,"[""Eoin Ó Broin"",""Mairéad Farrell""]",[],source_uri_present,0,0,0,,,,,0,0,0,,committee_stage,Committee Stage,40,Committee Stage,33rd Dáil,6,16,5,committee_stage-06,Current|Committee Stage|33rd Dáil|2024-11-08,editorial_summary_required,no_certified_debate,do_not_infer_from_speeches,2026-09-06T18:41:34.147654+00:00,6
https://data.oireachtas.ie/ie/oireachtas/bill/2023/52,https://data.oireachtas.ie/ie/oireachtas/bill/2023/52,52,2023,Children and Family Relationships (Amendment) Bill 2023,Children and Family Relationships (Amendment) Bill 2023,https://data.oireachtas.ie/ie/oireachtas/def/house/dail,Dáil Éireann,Public,Current,2023-04-17,2025-05-02,/legislation,2026-07-20,935e87aae63ecb30,Committee Stage,2024-11-08,33rd Dáil,Current,3,1,Ivana Bacik,,https://data.oireachtas.ie/ie/oireachtas/member/id/Ivana-Bacik.S.2007-07-23,"[""Ivana Bacik""]",[],source_uri_present,0,0,0,,,,,0,0,0,,committee_stage,Committee Stage,40,Committee Stage,33rd Dáil,6,16,6,committee_stage-06,Current|Committee Stage|33rd Dáil|2024-11-08,editorial_summary_required,no_certified_debate,do_not_infer_from_speeches,2026-09-06T18:41:34.147654+00:00,6
https://data.oireachtas.ie/ie/oireachtas/bill/2023/33,https://data.oireachtas.ie/ie/oireachtas/bill/2023/33,33,2023,Local Authority Public Administration Bill 2023,Local Authority Public Administration Bill 2023,https://data.oireachtas.ie/ie/oireachtas/def/house/dail,Dáil Éireann,Public,Current,2023-03-24,2025-05-28,/legislation,2026-07-20,ad1e2374f59c0fa5,Committee Stage,2024-11-08,33rd Dáil,Current,3,1,Robert Troy,,https://data.oireachtas.ie/ie/oireachtas/member/id/Robert-Troy.D.2011-03-09,"[""Robert Troy""]",[],source_uri_present,0,0,0,,,,,0,0,0,,committee_stage,Committee Stage,40,Committee Stage,33rd Dáil,7,16,1,committee_stage-07,Current|Committee Stage|33rd Dáil|2024-11-08,editorial_summary_required,no_certified_debate,do_not_infer_from_speeches,2026-09-06T18:41:34.147654+00:00,6
https://data.oireachtas.ie/ie/oireachtas/bill/2023/27,https://data.oireachtas.ie/ie/oireachtas/bill/2023/27,27,2023,Tenancy Protection Bill 2023,Tenancy Protection Bill 2023,https://data.oireachtas.ie/ie/oireachtas/def/house/dail,Dáil Éireann,Public,Current,2023-01-24,2025-05-02,/legislation,2026-07-20,9464bf8ed37097d2,Committee Stage,2024-11-08,33rd Dáil,Current,3,1,Cian O'Callaghan,,https://data.oireachtas.ie/ie/oireachtas/member/id/Cian-O'Callaghan.D.2020-02-08,"[""Cian O'Callaghan""]",[],source_uri_present,0,0,0,,,,,0,0,0,,committee_stage,Committee Stage,40,Committee Stage,33rd Dáil,7,16,2,committee_stage-07,Current|Committee Stage|33rd Dáil|2024-11-08,editorial_summary_required,no_certified_debate,do_not_infer_from_speeches,2026-09-06T18:41:34.147654+00:00,6
https://data.oireachtas.ie/ie/oireachtas/bill/2023/14,https://data.oireachtas.ie/ie/oireachtas/bill/2023/14,14,2023,Broadcasting (Amendment) Bill 2023,Broadcasting (Amendment) Bill 2023,https://data.oireachtas.ie/ie/oireachtas/def/house/dail,Dáil Éireann,Public,Current,2023-01-10,2025-05-02,/legislation,2026-07-20,e72e7d769b9e1f6f,Committee Stage,2024-11-08,33rd Dáil,Current,3,1,Patrick Costello,,https://data.oireachtas.ie/ie/oireachtas/member/id/Patrick-Costello.D.2020-02-08,"[""Patrick Costello""]",[],source_uri_present,0,0,0,,,,,0,0,0,,committee_stage,Committee Stage,40,Committee Stage,33rd Dáil,7,16,3,committee_stage-07,Current|Committee Stage|33rd Dáil|2024-11-08,editorial_summary_required,no_certified_debate,do_not_infer_from_speeches,2026-09-06T18:41:34.147654+00:00,6
https://data.oireachtas.ie/ie/oireachtas/bill/2023/8,https://data.oireachtas.ie/ie/oireachtas/bill/2023/8,8,2023,Commission for Future Generations Bill 2023,Commission for Future Generations Bill 2023,https://data.oireachtas.ie/ie/oireachtas/def/house/dail,Dáil Éireann,Public,Current,2022-12-02,2025-05-02,/legislation,2026-07-20,7853a27548d2c027,Committee Stage,2024-11-08,33rd Dáil,Current,3,1,Marc Ó Cathasaigh,,https://data.oireachtas.ie/ie/oireachtas/member/id/Marc-Ó-Cathasaigh.D.2020-02-08,"[""Marc Ó Cathasaigh""]",[],source_uri_present,0,0,0,,,,,0,0,0,,committee_stage,Committee Stage,40,Committee Stage,33rd Dáil,7,16,4,committee_stage-07,Current|Committee Stage|33rd Dáil|2024-11-08,editorial_summary_required,no_certified_debate,do_not_infer_from_speeches,2026-09-06T18:41:34.147654+00:00,6
https://data.oireachtas.ie/ie/oireachtas/bill/2022/111,https://data.oireachtas.ie/ie/oireachtas/bill/2022/111,111,2022,Misuse of Drugs (Cannabis Regulation) Bill 2022,Misuse of Drugs (Cannabis Regulation) Bill 2022,https://data.oireachtas.ie/ie/oireachtas/def/house/dail,Dáil Éireann,Public,Current,2022-11-22,2025-05-02,/legislation,2026-07-20,231b6fdf11dc1f65,Committee Stage,2024-11-08,33rd Dáil,Current,3,5,Gino Kenny,,https://data.oireachtas.ie/ie/oireachtas/member/id/Gino-Kenny.D.2016-10-03,"[""Bríd Smith"",""Gino Kenny"",""Mick Barry"",""Paul Murphy"",""Richard Boyd Barrett""]",[],source_uri_present,0,0,0,,,,,0,0,0,,committee_stage,Committee Stage,40,Committee Stage,33rd Dáil,7,16,5,committee_stage-07,Current|Committee Stage|33rd Dáil|2024-11-08,editorial_summary_required,no_certified_debate,do_not_infer_from_speeches,2026-09-06T18:41:34.147654+00:00,6
https://data.oireachtas.ie/ie/oireachtas/bill/2022/74,https://data.oireachtas.ie/ie/oireachtas/bill/2022/74,74,2022,Protection of Accident Victims from Non-Consensual Recording of Images Bill 2022,Protection of Accident Victims from Non-Consensual Recording of Images Bill 2022,https://data.oireachtas.ie/ie/oireachtas/def/house/dail,Dáil Éireann,Public,Current,2022-07-08,2025-05-02,/legislation,2026-07-20,5c7a2df4fd358bea,Committee Stage,2024-11-08,33rd Dáil,Current,3,1,Duncan Smith,,https://data.oireachtas.ie/ie/oireachtas/member/id/Duncan-Smith.D.2020-02-08,"[""Duncan Smith""]",[],source_uri_present,0,0,0,,,,,0,0,0,,committee_stage,Committee Stage,40,Committee Stage,33rd Dáil,7,16,6,committee_stage-07,Current|Committee Stage|33rd Dáil|2024-11-08,editorial_summary_required,no_certified_debate,do_not_infer_from_speeches,2026-09-06T18:41:34.147654+00:00,6
https://data.oireachtas.ie/ie/oireachtas/bill/2022/65,https://data.oireachtas.ie/ie/oireachtas/bill/2022/65,65,2022,Autism Bill 2022,Autism Bill 2022,https://data.oireachtas.ie/ie/oireachtas/def/house/dail,Dáil Éireann,Public,Current,2022-06-20,2025-05-02,/legislation,2026-07-20,9792f2d843cb8cf1,Committee Stage,2024-11-08,33rd Dáil,Current,3,12,Aodhán Ó Ríordáin,,https://data.oireachtas.ie/ie/oireachtas/member/id/Aodhán-Ó-Ríordáin.D.2011-03-09,"[""Alan Kelly"",""Aodhán Ó Ríordáin"",""Brendan Howlin"",""Duncan Smith"",""Ged Nash"",""Ivana Bacik"",""Seán Sherlock""]",[],source_uri_present,0,0,0,,,,,0,0,0,,committee_stage,Committee Stage,40,Committee Stage,33rd Dáil,8,16,1,committee_stage-08,Current|Committee Stage|33rd Dáil|2024-11-08,editorial_summary_required,no_certified_debate,do_not_infer_from_speeches,2026-09-06T18:41:34.147654+00:00,6
https://data.oireachtas.ie/ie/oireachtas/bill/2022/51,https://data.oireachtas.ie/ie/oireachtas/bill/2022/51,51,2022,Living Wage Bill 2022,Living Wage Bill 2022,https://data.oireachtas.ie/ie/oireachtas/def/house/dail,Dáil Éireann,Public,Current,2022-05-03,2025-05-02,/legislation,2026-07-20,17fa0c50c60334ed,Committee Stage,2024-11-08,33rd Dáil,Current,3,1,Ivana Bacik,,https://data.oireachtas.ie/ie/oireachtas/member/id/Ivana-Bacik.S.2007-07-23,"[""Ivana Bacik""]",[],source_uri_present,0,0,0,,,,,0,0,0,,committee_stage,Committee Stage,40,Committee Stage,33rd Dáil,8,16,2,committee_stage-08,Current|Committee Stage|33rd Dáil|2024-11-08,editorial_summary_required,no_certified_debate,do_not_infer_from_speeches,2026-09-06T18:41:34.147654+00:00,6
https://data.oireachtas.ie/ie/oireachtas/bill/2022/49,https://data.oireachtas.ie/ie/oireachtas/bill/2022/49,49,2022,Safe Deposit Boxes and Related Deposits Bill 2022,Safe Deposit Boxes and Related Deposits Bill 2022,https://data.oireachtas.ie/ie/oireachtas/def/house/dail,Dáil Éireann,Public,Current,2022-04-04,2025-05-28,/legislation,2026-07-20,8540ed736133a797,Committee Stage,2024-11-08,33rd Dáil,Current,3,1,Éamon Ó Cuív,,https://data.oireachtas.ie/ie/oireachtas/member/id/Éamon-Ó-Cuív.S.1989-10-01,"[""Éamon Ó Cuív""]",[],source_uri_present,0,0,0,,,,,0,0,0,,committee_stage,Committee Stage,40,Committee Stage,33rd Dáil,8,16,3,committee_stage-08,Current|Committee Stage|33rd Dáil|2024-11-08,editorial_summary_required,no_certified_debate,do_not_infer_from_speeches,2026-09-06T18:41:34.147654+00:00,6
https://data.oireachtas.ie/ie/oireachtas/bill/2022/28,https://data.oireachtas.ie/ie/oireachtas/bill/2022/28,28,2022,Ban on Sex for Rent Bill 2022,Ban on Sex for Rent Bill 2022,https://data.oireachtas.ie/ie/oireachtas/def/house/dail,Dáil Éireann,Public,Current,2022-03-04,2025-05-02,/legislation,2026-07-20,eb1795e8fa093ba7,Committee Stage,2024-11-08,33rd Dáil,Current,3,1,Cian O'Callaghan,,https://data.oireachtas.ie/ie/oireachtas/member/id/Cian-O'Callaghan.D.2020-02-08,"[""Cian O'Callaghan""]",[],source_uri_present,0,0,0,,,,,0,0,0,,committee_stage,Committee Stage,40,Committee Stage,33rd Dáil,8,16,4,committee_stage-08,Current|Committee Stage|33rd Dáil|2024-11-08,editorial_summary_required,no_certified_debate,do_not_infer_from_speeches,2026-09-06T18:41:34.147654+00:00,6
https://data.oireachtas.ie/ie/oireachtas/bill/2022/21,https://data.oireachtas.ie/ie/oireachtas/bill/2022/21,21,2022,National Minimum Wage (Equal Pay for Young Workers) Bill 2022,National Minimum Wage (Equal Pay for Young Workers) Bill 2022,https://data.oireachtas.ie/ie/oireachtas/def/house/dail,Dáil Éireann,Public,Current,2021-12-01,2025-05-02,/legislation,2026-07-20,065d8147eee0ea8d,Committee Stage,2024-11-08,33rd Dáil,Current,3,1,Paul Murphy,,https://data.oireachtas.ie/ie/oireachtas/member/id/Paul-Murphy.D.2014-10-10,"[""Paul Murphy""]",[],source_uri_present,0,0,0,,,,,0,0,0,,committee_stage,Committee Stage,40,Committee Stage,33rd Dáil,8,16,5,committee_stage-08,Current|Committee Stage|33rd Dáil|2024-11-08,editorial_summary_required,no_certified_debate,do_not_infer_from_speeches,2026-09-06T18:41:34.147654+00:00,6
https://data.oireachtas.ie/ie/oireachtas/bill/2022/9,https://data.oireachtas.ie/ie/oireachtas/bill/2022/9,9,2022,Coercion of a Minor (Misuse of Drugs Amendment) Bill 2022,Coercion of a Minor (Misuse of Drugs Amendment) Bill 2022,https://data.oireachtas.ie/ie/oireachtas/def/house/dail,Dáil Éireann,Public,Current,2022-01-14,2025-05-02,/legislation,2026-07-20,8a0f466ecf6f4d52,Committee Stage,2024-11-08,33rd Dáil,Current,3,3,Mark Ward,,https://data.oireachtas.ie/ie/oireachtas/member/id/Mark-Ward.D.2019-11-29,"[""Denise Mitchell"",""Mark Ward"",""Martin Kenny""]",[],source_uri_present,0,0,0,,,,,0,0,0,,committee_stage,Committee Stage,40,Committee Stage,33rd Dáil,8,16,6,committee_stage-08,Current|Committee Stage|33rd Dáil|2024-11-08,editorial_summary_required,no_certified_debate,do_not_infer_from_speeches,2026-09-06T18:41:34.147654+00:00,6
https://data.oireachtas.ie/ie/oireachtas/bill/2021/158,https://data.oireachtas.ie/ie/oireachtas/bill/2021/158,158,2021,Dublin Bay Bill 2021,Dublin Bay Bill 2021,https://data.oireachtas.ie/ie/oireachtas/def/house/dail,Dáil Éireann,Public,Current,2021-11-25,2025-05-02,/legislation,2026-07-20,b930eefb5b9bdd8f,Committee Stage,2024-11-08,33rd Dáil,Current,3,1,Ivana Bacik,,https://data.oireachtas.ie/ie/oireachtas/member/id/Ivana-Bacik.S.2007-07-23,"[""Ivana Bacik""]",[],source_uri_present,0,0,0,,,,,0,0,0,,committee_stage,Committee Stage,40,Committee Stage,33rd Dáil,9,16,1,committee_stage-09,Current|Committee Stage|33rd Dáil|2024-11-08,editorial_summary_required,no_certified_debate,do_not_infer_from_speeches,2026-09-06T18:41:34.147654+00:00,6
https://data.oireachtas.ie/ie/oireachtas/bill/2021/150,https://data.oireachtas.ie/ie/oireachtas/bill/2021/150,150,2021,Seller’s Legal Pack for Property Buyers Bill 2021,Seller’s Legal Pack for Property Buyers Bill 2021,https://data.oireachtas.ie/ie/oireachtas/def/house/dail,Dáil Éireann,Public,Current,2021-11-11,2026-07-14,/legislation,2026-08-01,f47bae8b7176bcc3,Committee Stage,2024-11-08,33rd Dáil,Current,3,1,Marc MacSharry,,https://data.oireachtas.ie/ie/oireachtas/member/id/Marc-MacSharry.S.2002-09-12,"[""Marc MacSharry""]",[],source_uri_present,1,1,0,,,,,0,0,0,no_recorded_division,committee_stage,Committee Stage,40,Committee Stage,33rd Dáil,9,16,2,committee_stage-09,Current|Committee Stage|33rd Dáil|2024-11-08,editorial_summary_required,certified_debate_available,do_not_infer_from_speeches,2026-09-06T18:41:34.147654+00:00,6
https://data.oireachtas.ie/ie/oireachtas/bill/2021/124,https://data.oireachtas.ie/ie/oireachtas/bill/2021/124,124,2021,Irish Corporate Governance (Gender Balance) Bill 2021,Irish Corporate Governance (Gender Balance) Bill 2021,https://data.oireachtas.ie/ie/oireachtas/def/house/dail,Dáil Éireann,Public,Current,2021-09-23,2025-05-02,/legislation,2026-07-20,cc8e6a577ffb0e54,Committee Stage,2024-11-08,33rd Dáil,Current,3,1,Emer Higgins,,https://data.oireachtas.ie/ie/oireachtas/member/id/Emer-Higgins.D.2020-02-08,"[""Emer Higgins""]",[],source_uri_present,0,0,0,,,,,0,0,0,,committee_stage,Committee Stage,40,Committee Stage,33rd Dáil,9,16,3,committee_stage-09,Current|Committee Stage|33rd Dáil|2024-11-08,editorial_summary_required,no_certified_debate,do_not_infer_from_speeches,2026-09-06T18:41:34.147654+00:00,6
https://data.oireachtas.ie/ie/oireachtas/bill/2021/122,https://data.oireachtas.ie/ie/oireachtas/bill/2021/122,122,2021,Health (Pricing and Supply of Medical Goods) (Amendment) Bill 2021,Health (Pricing and Supply of Medical Goods) (Amendment) Bill 2021,https://data.oireachtas.ie/ie/oireachtas/def/house/dail,Dáil Éireann,Public,Current,2021-09-01,2025-05-28,/legislation,2026-07-20,0fbdbfa64d63953f,Committee Stage,2024-11-08,33rd Dáil,Current,3,1,Pádraig O'Sullivan,,https://data.oireachtas.ie/ie/oireachtas/member/id/Pádraig-O'Sullivan.D.2019-11-29,"[""Pádraig O'Sullivan""]",[],source_uri_present,0,0,0,,,,,0,0,0,,committee_stage,Committee Stage,40,Committee Stage,33rd Dáil,9,16,4,committee_stage-09,Current|Committee Stage|33rd Dáil|2024-11-08,editorial_summary_required,no_certified_debate,do_not_infer_from_speeches,2026-09-06T18:41:34.147654+00:00,6
https://data.oireachtas.ie/ie/oireachtas/bill/2021/117,https://data.oireachtas.ie/ie/oireachtas/bill/2021/117,117,2021,Freedom of Information (Amendment) Bill 2021,Freedom of Information (Amendment) Bill 2021,https://data.oireachtas.ie/ie/oireachtas/def/house/dail,Dáil Éireann,Public,Current,2021-09-01,2025-05-02,/legislation,2026-07-20,c6f566342e5d28a9,Committee Stage,2024-11-08,33rd Dáil,Current,3,2,Mairéad Farrell,,https://data.oireachtas.ie/ie/oireachtas/member/id/Mairéad-Farrell.D.2020-02-08,"[""Mairéad Farrell"",""Sorca Clarke""]",[],source_uri_present,0,0,0,,,,,0,0,0,,committee_stage,Committee Stage,40,Committee Stage,33rd Dáil,9,16,5,committee_stage-09,Current|Committee Stage|33rd Dáil|2024-11-08,editorial_summary_required,no_certified_debate,do_not_infer_from_speeches,2026-09-06T18:41:34.147654+00:00,6
https://data.oireachtas.ie/ie/oireachtas/bill/2021/112,https://data.oireachtas.ie/ie/oireachtas/bill/2021/112,112,2021,Residential Tenancies (Tenants' Rights) Bill 2021,Residential Tenancies (Tenants' Rights) Bill 2021,https://data.oireachtas.ie/ie/oireachtas/def/house/dail,Dáil Éireann,Public,Current,2021-09-03,2025-05-02,/legislation,2026-07-20,a40e7e62f3f636bb,Committee Stage,2024-11-08,33rd Dáil,Current,3,1,Ivana Bacik,,https://data.oireachtas.ie/ie/oireachtas/member/id/Ivana-Bacik.S.2007-07-23,"[""Ivana Bacik""]",[],source_uri_present,0,0,0,,,,,0,0,0,,committee_stage,Committee Stage,40,Committee Stage,33rd Dáil,9,16,6,committee_stage-09,Current|Committee Stage|33rd Dáil|2024-11-08,editorial_summary_required,no_certified_debate,do_not_infer_from_speeches,2026-09-06T18:41:34.147654+00:00,6
https://data.oireachtas.ie/ie/oireachtas/bill/2021/84,https://data.oireachtas.ie/ie/oireachtas/bill/2021/84,84,2021,Acquisition of Development Land (Assessment of Compensation) Bill 2021,Acquisition of Development Land (Assessment of Compensation) Bill 2021,https://data.oireachtas.ie/ie/oireachtas/def/house/dail,Dáil Éireann,Public,Current,2021-05-31,2025-05-02,/legislation,2026-07-20,f1388076116d5be0,Committee Stage,2024-11-08,33rd Dáil,Current,3,1,Alan Kelly,,https://data.oireachtas.ie/ie/oireachtas/member/id/Alan-Kelly.S.2007-07-23,"[""Alan Kelly""]",[],source_uri_present,0,0,0,,,,,0,0,0,,committee_stage,Committee Stage,40,Committee Stage,33rd Dáil,10,16,1,committee_stage-10,Current|Committee Stage|33rd Dáil|2024-11-08,editorial_summary_required,no_certified_debate,do_not_infer_from_speeches,2026-09-06T18:41:34.147654+00:00,6
https://data.oireachtas.ie/ie/oireachtas/bill/2021/74,https://data.oireachtas.ie/ie/oireachtas/bill/2021/74,74,2021,Wildlife (Amendment) Bill 2021,Wildlife (Amendment) Bill 2021,https://data.oireachtas.ie/ie/oireachtas/def/house/dail,Dáil Éireann,Public,Current,2021-04-20,2025-05-02,/legislation,2026-07-20,bfcde730b011caf7,Committee Stage,2024-11-08,33rd Dáil,Current,3,1,Jennifer Whitmore,,https://data.oireachtas.ie/ie/oireachtas/member/id/Jennifer-Whitmore.D.2020-02-08,"[""Jennifer Whitmore""]",[],source_uri_present,0,0,0,,,,,0,0,0,,committee_stage,Committee Stage,40,Committee Stage,33rd Dáil,10,16,2,committee_stage-10,Current|Committee Stage|33rd Dáil|2024-11-08,editorial_summary_required,no_certified_debate,do_not_infer_from_speeches,2026-09-06T18:41:34.147654+00:00,6
https://data.oireachtas.ie/ie/oireachtas/bill/2021/72,https://data.oireachtas.ie/ie/oireachtas/bill/2021/72,72,2021,Pensions (Amendment) (Transparency in Charges) Bill 2021,Pensions (Amendment) (Transparency in Charges) Bill 2021,https://data.oireachtas.ie/ie/oireachtas/def/house/dail,Dáil Éireann,Public,Current,2021-04-29,2025-05-02,/legislation,2026-07-20,552841ac518856e7,Committee Stage,2024-11-08,33rd Dáil,Current,3,1,Ged Nash,,https://data.oireachtas.ie/ie/oireachtas/member/id/Gerald-Nash.D.2011-03-09,"[""Ged Nash""]",[],source_uri_present,0,0,0,,,,,0,0,0,,committee_stage,Committee Stage,40,Committee Stage,33rd Dáil,10,16,3,committee_stage-10,Current|Committee Stage|33rd Dáil|2024-11-08,editorial_summary_required,no_certified_debate,do_not_infer_from_speeches,2026-09-06T18:41:34.147654+00:00,6
https://data.oireachtas.ie/ie/oireachtas/bill/2021/60,https://data.oireachtas.ie/ie/oireachtas/bill/2021/60,60,2021,Planning and Development (Amendment) (Repeal of Part V Leasing) Bill 2021,Planning and Development (Amendment) (Repeal of Part V Leasing) Bill 2021,https://data.oireachtas.ie/ie/oireachtas/def/house/dail,Dáil Éireann,Public,Current,2021-04-20,2025-05-02,/legislation,2026-07-20,cff74278cf92f136,Committee Stage,2024-11-08,33rd Dáil,Current,3,1,Cian O'Callaghan,,https://data.oireachtas.ie/ie/oireachtas/member/id/Cian-O'Callaghan.D.2020-02-08,"[""Cian O'Callaghan""]",[],source_uri_present,0,0,0,,,,,0,0,0,,committee_stage,Committee Stage,40,Committee Stage,33rd Dáil,10,16,4,committee_stage-10,Current|Committee Stage|33rd Dáil|2024-11-08,editorial_summary_required,no_certified_debate,do_not_infer_from_speeches,2026-09-06T18:41:34.147654+00:00,6
https://data.oireachtas.ie/ie/oireachtas/bill/2021/53,https://data.oireachtas.ie/ie/oireachtas/bill/2021/53,53,2021,Companies (Protection of Employees’ Rights in Liquidations) Bill 2021,Companies (Protection of Employees’ Rights in Liquidations) Bill 2021,https://data.oireachtas.ie/ie/oireachtas/def/house/dail,Dáil Éireann,Public,Current,2021-04-01,2025-05-02,/legislation,2026-07-20,ef61bc6725b7507e,Committee Stage,2024-11-08,33rd Dáil,Current,3,1,Mick Barry,,https://data.oireachtas.ie/ie/oireachtas/member/id/Mick-Barry.D.2016-10-03,"[""Mick Barry""]",[],source_uri_present,0,0,0,,,,,0,0,0,,committee_stage,Committee Stage,40,Committee Stage,33rd Dáil,10,16,5,committee_stage-10,Current|Committee Stage|33rd Dáil|2024-11-08,editorial_summary_required,no_certified_debate,do_not_infer_from_speeches,2026-09-06T18:41:34.147654+00:00,6
https://data.oireachtas.ie/ie/oireachtas/bill/2021/51,https://data.oireachtas.ie/ie/oireachtas/bill/2021/51,51,2021,Judicial Council (Amendment) Bill 2021,Judicial Council (Amendment) Bill 2021,https://data.oireachtas.ie/ie/oireachtas/def/house/dail,Dáil Éireann,Public,Current,2021-04-16,2026-02-04,/legislation,2026-07-20,b0cddf009d1538b5,Committee Stage,2024-11-08,33rd Dáil,Current,3,1,Pearse Doherty,,https://data.oireachtas.ie/ie/oireachtas/member/id/Pearse-Doherty.S.2007-07-23,"[""Pearse Doherty""]",[],source_uri_present,1,1,0,,,,,0,0,0,no_recorded_division,committee_stage,Committee Stage,40,Committee Stage,33rd Dáil,10,16,6,committee_stage-10,Current|Committee Stage|33rd Dáil|2024-11-08,editorial_summary_required,certified_debate_available,do_not_infer_from_speeches,2026-09-06T18:41:34.147654+00:00,6
https://data.oireachtas.ie/ie/oireachtas/bill/2021/42,https://data.oireachtas.ie/ie/oireachtas/bill/2021/42,42,2021,National Standards Authority of Ireland (Carbon Footprint Labelling) Bill 2021,National Standards Authority of Ireland (Carbon Footprint Labelling) Bill 2021,https://data.oireachtas.ie/ie/oireachtas/def/house/dail,Dáil Éireann,Public,Current,2021-01-22,2025-05-02,/legislation,2026-07-20,74649a3855571ad0,Committee Stage,2024-11-08,33rd Dáil,Current,3,1,Duncan Smith,,https://data.oireachtas.ie/ie/oireachtas/member/id/Duncan-Smith.D.2020-02-08,"[""Duncan Smith""]",[],source_uri_present,0,0,0,,,,,0,0,0,,committee_stage,Committee Stage,40,Committee Stage,33rd Dáil,11,16,1,committee_stage-11,Current|Committee Stage|33rd Dáil|2024-11-08,editorial_summary_required,no_certified_debate,do_not_infer_from_speeches,2026-09-06T18:41:34.147654+00:00,6
https://data.oireachtas.ie/ie/oireachtas/bill/2020/69,https://data.oireachtas.ie/ie/oireachtas/bill/2020/69,69,2020,Proceeds of Crime (Gross Human Rights Abuses) Bill 2020,Proceeds of Crime (Gross Human Rights Abuses) Bill 2020,https://data.oireachtas.ie/ie/oireachtas/def/house/dail,Dáil Éireann,Public,Current,2020-11-23,2025-05-02,/legislation,2026-07-20,6f4c256e2b09439f,Committee Stage,2024-11-08,33rd Dáil,Current,3,1,Brendan Howlin,,https://data.oireachtas.ie/ie/oireachtas/member/id/Brendan-Howlin.S.1983-02-23,"[""Brendan Howlin""]",[],source_uri_present,0,0,0,,,,,0,0,0,,committee_stage,Committee Stage,40,Committee Stage,33rd Dáil,11,16,2,committee_stage-11,Current|Committee Stage|33rd Dáil|2024-11-08,editorial_summary_required,no_certified_debate,do_not_infer_from_speeches,2026-09-06T18:41:34.147654+00:00,6
https://data.oireachtas.ie/ie/oireachtas/bill/2020/49,https://data.oireachtas.ie/ie/oireachtas/bill/2020/49,49,2020,Regulation of Lobbying (Post-Term Employment as Lobbyist) Bill 2020,Regulation of Lobbying (Post-Term Employment as Lobbyist) Bill 2020,https://data.oireachtas.ie/ie/oireachtas/def/house/dail,Dáil Éireann,Public,Current,2020-10-23,2025-05-02,/legislation,2026-07-20,ae3bcb8723c198cc,Committee Stage,2024-11-08,33rd Dáil,Current,3,1,Ged Nash,,https://data.oireachtas.ie/ie/oireachtas/member/id/Gerald-Nash.D.2011-03-09,"[""Ged Nash""]",[],source_uri_present,0,0,0,,,,,0,0,0,,committee_stage,Committee Stage,40,Committee Stage,33rd Dáil,11,16,3,committee_stage-11,Current|Committee Stage|33rd Dáil|2024-11-08,editorial_summary_required,no_certified_debate,do_not_infer_from_speeches,2026-09-06T18:41:34.147654+00:00,6
https://data.oireachtas.ie/ie/oireachtas/bill/2020/39,https://data.oireachtas.ie/ie/oireachtas/bill/2020/39,39,2020,River Shannon Management Agency Bill 2020,River Shannon Management Agency Bill 2020,https://data.oireachtas.ie/ie/oireachtas/def/house/dail,Dáil Éireann,Public,Current,2020-09-30,2025-05-02,/legislation,2026-07-20,4eef24ee0eb4b565,Committee Stage,2024-11-08,33rd Dáil,Current,3,4,Sorca Clarke,,https://data.oireachtas.ie/ie/oireachtas/member/id/Sorca-Clarke.D.2020-02-08,"[""Claire Kerrane"",""Martin Kenny"",""Sorca Clarke"",""Violet-Anne Wynne""]",[],source_uri_present,0,0,0,,,,,0,0,0,,committee_stage,Committee Stage,40,Committee Stage,33rd Dáil,11,16,4,committee_stage-11,Current|Committee Stage|33rd Dáil|2024-11-08,editorial_summary_required,no_certified_debate,do_not_infer_from_speeches,2026-09-06T18:41:34.147654+00:00,6
https://data.oireachtas.ie/ie/oireachtas/bill/2020/16,https://data.oireachtas.ie/ie/oireachtas/bill/2020/16,16,2020,Health (Amendment) (Professional Home Care) Bill 2020,Health (Amendment) (Professional Home Care) Bill 2020,https://data.oireachtas.ie/ie/oireachtas/def/house/dail,Dáil Éireann,Public,Current,2020-07-14,2025-05-02,/legislation,2026-07-20,4bc587fe985ebc86,Committee Stage,2024-11-08,33rd Dáil,Current,3,2,Colm Burke,,https://data.oireachtas.ie/ie/oireachtas/member/id/Colm-Burke.S.2011-05-25,"[""Colm Burke"",""Emer Higgins""]",[],source_uri_present,0,0,0,,,,,0,0,0,,committee_stage,Committee Stage,40,Committee Stage,33rd Dáil,11,16,5,committee_stage-11,Current|Committee Stage|33rd Dáil|2024-11-08,editorial_summary_required,no_certified_debate,do_not_infer_from_speeches,2026-09-06T18:41:34.147654+00:00,6
https://data.oireachtas.ie/ie/oireachtas/bill/2018/71,https://data.oireachtas.ie/ie/oireachtas/bill/2018/71,71,2018,Traveller Culture and History in Education Bill 2018,Traveller Culture and History in Education Bill 2018,https://data.oireachtas.ie/ie/oireachtas/def/house/seanad,Seanad Éireann,Public,Current,2018-07-03,2025-05-02,/legislation,2026-07-20,7462a5a2fb10176a,Committee Stage,2024-11-08,33rd Dáil,Current,7,1,Colette Kelleher,,https://data.oireachtas.ie/ie/oireachtas/member/id/Colette-Kelleher.S.2016-04-25,"[""Colette Kelleher""]",[],source_uri_present,0,0,0,,,,,0,0,0,,committee_stage,Committee Stage,40,Committee Stage,33rd Dáil,11,16,6,committee_stage-11,Current|Committee Stage|33rd Dáil|2024-11-08,editorial_summary_required,no_certified_debate,do_not_infer_from_speeches,2026-09-06T18:41:34.147654+00:00,6
https://data.oireachtas.ie/ie/oireachtas/bill/2017/89,https://data.oireachtas.ie/ie/oireachtas/bill/2017/89,89,2017,Neighbour Disputes (Vegetation) Bill 2017,Neighbour Disputes (Vegetation) Bill 2017,https://data.oireachtas.ie/ie/oireachtas/def/house/dail,Dáil Éireann,Public,Current,2017-06-29,2025-05-02,/legislation,2026-07-20,82335193b981c7a5,Committee Stage,2024-11-08,33rd Dáil,Current,3,1,Aengus Ó Snodaigh,,https://data.oireachtas.ie/ie/oireachtas/member/id/Aengus-Ó-Snodaigh.D.2002-06-06,"[""Aengus Ó Snodaigh""]",[],source_uri_present,0,0,0,,,,,0,0,0,,committee_stage,Committee Stage,40,Committee Stage,33rd Dáil,12,16,1,committee_stage-12,Current|Committee Stage|33rd Dáil|2024-11-08,editorial_summary_required,no_certified_debate,do_not_infer_from_speeches,2026-09-06T18:41:34.147654+00:00,6
https://data.oireachtas.ie/ie/oireachtas/bill/2024/40,https://data.oireachtas.ie/ie/oireachtas/bill/2024/40,40,2024,Domestic Violence (Amendment) (No. 2) Bill 2024,Domestic Violence (Amendment) (No. 2) Bill 2024,https://data.oireachtas.ie/ie/oireachtas/def/house/seanad,Seanad Éireann,Public,Current,2024-05-20,2025-03-05,/legislation,2026-07-20,eb47148874c6cc6b,Committee Stage,2024-06-26,26th Seanad,Current,3,13,Vincent P. Martin,,https://data.oireachtas.ie/ie/oireachtas/member/id/Vincent-P-Martin.S.2020-06-29,"[""Alice-Mary Higgins"",""Erin McGreehan"",""Fiona O'Loughlin"",""Frances Black"",""Gerard P. Craughwell"",""Lynn Ruane"",""Mark Wall"",""Mary Seery Kearney"",""Pauline O'Reilly"",""Robbie Gallagher"",""Sharon Keogan"",""Tom Clonan"",""Vincent P. Martin""]",[],source_uri_present,0,0,0,,,,,0,0,0,,committee_stage,Committee Stage,40,Committee Stage,26th Seanad,12,16,2,committee_stage-12,Current|Committee Stage|26th Seanad|2024-06-26,editorial_summary_required,no_certified_debate,do_not_infer_from_speeches,2026-09-06T18:41:34.147654+00:00,6
https://data.oireachtas.ie/ie/oireachtas/bill/2023/84,https://data.oireachtas.ie/ie/oireachtas/bill/2023/84,84,2023,Capital Supply Service and Purpose Report Bill 2023,Capital Supply Service and Purpose Report Bill 2023,https://data.oireachtas.ie/ie/oireachtas/def/house/dail,Dáil Éireann,Public,Current,2023-11-13,2025-05-02,/legislation,2026-07-20,ca0534b37d99c352,Committee Stage,2023-11-29,33rd Dáil,Current,3,1,Matt Shanahan,,https://data.oireachtas.ie/ie/oireachtas/member/id/Matt-Shanahan.D.2020-02-08,"[""Matt Shanahan""]",[],source_uri_present,0,0,0,,,,,0,0,0,,committee_stage,Committee Stage,40,Committee Stage,33rd Dáil,12,16,3,committee_stage-12,Current|Committee Stage|33rd Dáil|2023-11-29,editorial_summary_required,no_certified_debate,do_not_infer_from_speeches,2026-09-06T18:41:34.147654+00:00,6
https://data.oireachtas.ie/ie/oireachtas/bill/2023/6,https://data.oireachtas.ie/ie/oireachtas/bill/2023/6,6,2023,Remuneration Information and Pay Transparency Bill 2023,Remuneration Information and Pay Transparency Bill 2023,https://data.oireachtas.ie/ie/oireachtas/def/house/seanad,Seanad Éireann,Public,Current,2022-09-02,2025-06-19,/legislation,2026-07-20,2b3b8f0ebeb4e0c0,Committee Stage,2023-03-07,26th Seanad,Current,3,2,Catherine Ardagh,,https://data.oireachtas.ie/ie/oireachtas/member/id/Catherine-Ardagh.S.2016-04-25,"[""Catherine Ardagh"",""Ollie Crowe""]",[],source_uri_present,0,0,0,,,,,0,0,0,,committee_stage,Committee Stage,40,Committee Stage,26th Seanad,12,16,4,committee_stage-12,Current|Committee Stage|26th Seanad|2023-03-07,editorial_summary_required,no_certified_debate,do_not_infer_from_speeches,2026-09-06T18:41:34.147654+00:00,6
https://data.oireachtas.ie/ie/oireachtas/bill/2021/143,https://data.oireachtas.ie/ie/oireachtas/bill/2021/143,143,2021,Parental Bereavement Leave (Amendment) Bill 2021,Parental Bereavement Leave (Amendment) Bill 2021,https://data.oireachtas.ie/ie/oireachtas/def/house/dail,Dáil Éireann,Public,Current,2021-11-04,2025-11-11,/legislation,2026-07-20,d69f5941e1128eb7,Committee Stage,2023-02-01,33rd Dáil,Current,3,2,Réada Cronin,,https://data.oireachtas.ie/ie/oireachtas/member/id/Réada-Cronin.D.2020-02-08,"[""Louise O'Reilly"",""Réada Cronin""]",[],source_uri_present,1,1,0,,,,,0,0,0,no_recorded_division,committee_stage,Committee Stage,40,Committee Stage,33rd Dáil,12,16,5,committee_stage-12,Current|Committee Stage|33rd Dáil|2023-02-01,editorial_summary_required,certified_debate_available,do_not_infer_from_speeches,2026-09-06T18:41:34.147654+00:00,6
https://data.oireachtas.ie/ie/oireachtas/bill/2022/54,https://data.oireachtas.ie/ie/oireachtas/bill/2022/54,54,2022,Animal Health and Welfare (Dogs) Bill 2022,Animal Health and Welfare (Dogs) Bill 2022,https://data.oireachtas.ie/ie/oireachtas/def/house/seanad,Seanad Éireann,Public,Current,2022-05-03,2025-03-21,/legislation,2026-07-20,48aec00f6c947a63,Committee Stage,2022-12-14,26th Seanad,Current,3,4,Lynn Boylan,,https://data.oireachtas.ie/ie/oireachtas/member/id/Lynn-Boylan.S.2020-03-30,"[""Fintan Warfield"",""Lynn Boylan"",""Niall Ó Donnghaile"",""Paul Gavan""]",[],source_uri_present,0,0,0,,,,,0,0,0,,committee_stage,Committee Stage,40,Committee Stage,26th Seanad,12,16,6,committee_stage-12,Current|Committee Stage|26th Seanad|2022-12-14,editorial_summary_required,no_certified_debate,do_not_infer_from_speeches,2026-09-06T18:41:34.147654+00:00,6
https://data.oireachtas.ie/ie/oireachtas/bill/2021/36,https://data.oireachtas.ie/ie/oireachtas/bill/2021/36,36,2021,Ceathrú Chultúir 1916 Bill 2021,Ceathrú Chultúir 1916 Bill 2021,https://data.oireachtas.ie/ie/oireachtas/def/house/dail,Dáil Éireann,Public,Current,2021-02-25,2025-05-02,/legislation,2026-07-20,26066b4b11f1ef20,Committee Stage,2022-05-23,33rd Dáil,Current,3,6,Aengus Ó Snodaigh,,https://data.oireachtas.ie/ie/oireachtas/member/id/Aengus-Ó-Snodaigh.D.2002-06-06,"[""Aengus Ó Snodaigh"",""Chris Andrews"",""Denise Mitchell"",""Dessie Ellis"",""Mary Lou McDonald"",""Seán Crowe""]",[],source_uri_present,0,0,0,,,,,0,0,0,,committee_stage,Committee Stage,40,Committee Stage,33rd Dáil,13,16,1,committee_stage-13,Current|Committee Stage|33rd Dáil|2022-05-23,editorial_summary_required,no_certified_debate,do_not_infer_from_speeches,2026-09-06T18:41:34.147654+00:00,6
https://data.oireachtas.ie/ie/oireachtas/bill/2021/57,https://data.oireachtas.ie/ie/oireachtas/bill/2021/57,57,2021,National Lottery (Amendment) Bill 2021,National Lottery (Amendment) Bill 2021,https://data.oireachtas.ie/ie/oireachtas/def/house/seanad,Seanad Éireann,Public,Lapsed,2021-04-19,2025-01-30,/legislation,2026-07-20,14d637adff7b3e46,Committee Stage,2021-09-29,26th Seanad,,3,3,Barry Ward,,https://data.oireachtas.ie/ie/oireachtas/member/id/Barry-Ward.S.2020-03-30,"[""Barry Ward"",""Emer Currie"",""Micheál Carrigy""]",[],source_uri_present,0,0,0,,,,,0,0,0,,committee_stage,Committee Stage,40,Committee Stage,26th Seanad,13,16,2,committee_stage-13,Lapsed|Committee Stage|26th Seanad|2021-09-29,editorial_summary_required,no_certified_debate,do_not_infer_from_speeches,2026-09-06T18:41:34.147654+00:00,6
https://data.oireachtas.ie/ie/oireachtas/bill/2019/67,https://data.oireachtas.ie/ie/oireachtas/bill/2019/67,67,2019,Education (Student and Parent Charter) Bill 2019,Education (Student and Parent Charter) Bill 2019,https://data.oireachtas.ie/ie/oireachtas/def/house/seanad,Seanad Éireann,Public,Current,2019-09-06,2025-10-01,/legislation,2026-07-20,5313751fef8f5a89,Committee Stage,2021-07-08,33rd Dáil,Current,7,1,,Minister for Education and Skills,,[],"[""Minister for Education and Skills""]",role_or_office_only,0,0,0,,,,,0,0,0,,committee_stage,Committee Stage,40,Committee Stage,33rd Dáil,13,16,3,committee_stage-13,Current|Committee Stage|33rd Dáil|2021-07-08,editorial_summary_required,no_certified_debate,do_not_infer_from_speeches,2026-09-06T18:41:34.147654+00:00,6
https://data.oireachtas.ie/ie/oireachtas/bill/2021/88,https://data.oireachtas.ie/ie/oireachtas/bill/2021/88,88,2021,"Planning and Development (Solar Panels for Public Buildings, Schools, Homes and Other Premises) (Amendment) Bill 2021","Planning and Development (Solar Panels for Public Buildings, Schools, Homes and Other Premises) (Amendment) Bill 2021",https://data.oireachtas.ie/ie/oireachtas/def/house/seanad,Seanad Éireann,Public,Lapsed,2021-06-16,2025-01-30,/legislation,2026-07-20,c00e890899f8dc27,Committee Stage,2021-06-28,26th Seanad,,3,3,Pauline O'Reilly,,https://data.oireachtas.ie/ie/oireachtas/member/id/Pauline-O'Reilly.S.2020-03-30,"[""Pauline O'Reilly"",""Róisín Garvey"",""Vincent P. Martin""]",[],source_uri_present,0,0,0,,,,,0,0,0,,committee_stage,Committee Stage,40,Committee Stage,26th Seanad,13,16,4,committee_stage-13,Lapsed|Committee Stage|26th Seanad|2021-06-28,editorial_summary_required,no_certified_debate,do_not_infer_from_speeches,2026-09-06T18:41:34.147654+00:00,6
https://data.oireachtas.ie/ie/oireachtas/bill/2019/17,https://data.oireachtas.ie/ie/oireachtas/bill/2019/17,17,2019,Criminal Justice (Public Order) (Amendment) Bill 2019,Criminal Justice (Public Order) (Amendment) Bill 2019,https://data.oireachtas.ie/ie/oireachtas/def/house/seanad,Seanad Éireann,Public,Current,2019-02-27,2025-03-28,/legislation,2026-07-20,4361cb50fa742bfa,Committee Stage,2020-03-27,25th Seanad,Current,3,3,Robbie Gallagher,,https://data.oireachtas.ie/ie/oireachtas/member/id/Robbie-Gallagher.S.2016-04-25,"[""Diarmuid Wilson"",""Lorraine Clifford-Lee"",""Robbie Gallagher""]",[],source_uri_present,0,0,0,,,,,0,0,0,,committee_stage,Committee Stage,40,Committee Stage,25th Seanad,13,16,5,committee_stage-13,Current|Committee Stage|25th Seanad|2020-03-27,editorial_summary_required,no_certified_debate,do_not_infer_from_speeches,2026-09-06T18:41:34.147654+00:00,6
https://data.oireachtas.ie/ie/oireachtas/bill/2018/48,https://data.oireachtas.ie/ie/oireachtas/bill/2018/48,48,2018,First Aid and Mental Health in Schools (Existing Teachers) Bill 2018,First Aid and Mental Health in Schools (Existing Teachers) Bill 2018,https://data.oireachtas.ie/ie/oireachtas/def/house/seanad,Seanad Éireann,Public,Current,2018-05-03,2025-03-28,/legislation,2026-07-20,acdd3ee90ed429f2,Committee Stage,2020-03-27,25th Seanad,Current,3,3,Robbie Gallagher,,https://data.oireachtas.ie/ie/oireachtas/member/id/Robbie-Gallagher.S.2016-04-25,"[""Diarmuid Wilson"",""Keith Swanick"",""Robbie Gallagher""]",[],source_uri_present,0,0,0,,,,,0,0,0,,committee_stage,Committee Stage,40,Committee Stage,25th Seanad,13,16,6,committee_stage-13,Current|Committee Stage|25th Seanad|2020-03-27,editorial_summary_required,no_certified_debate,do_not_infer_from_speeches,2026-09-06T18:41:34.147654+00:00,6
https://data.oireachtas.ie/ie/oireachtas/bill/2018/44,https://data.oireachtas.ie/ie/oireachtas/bill/2018/44,44,2018,First Aid and Mental Health in Schools (Initial Teacher Training) Bill 2018,First Aid and Mental Health in Schools (Initial Teacher Training) Bill 2018,https://data.oireachtas.ie/ie/oireachtas/def/house/seanad,Seanad Éireann,Public,Current,2018-05-02,2025-03-28,/legislation,2026-07-20,40628b7d6ba3795e,Committee Stage,2020-03-27,25th Seanad,Current,3,3,Robbie Gallagher,,https://data.oireachtas.ie/ie/oireachtas/member/id/Robbie-Gallagher.S.2016-04-25,"[""Diarmuid Wilson"",""Keith Swanick"",""Robbie Gallagher""]",[],source_uri_present,0,0,0,,,,,0,0,0,,committee_stage,Committee Stage,40,Committee Stage,25th Seanad,14,16,1,committee_stage-14,Current|Committee Stage|25th Seanad|2020-03-27,editorial_summary_required,no_certified_debate,do_not_infer_from_speeches,2026-09-06T18:41:34.147654+00:00,6
https://data.oireachtas.ie/ie/oireachtas/bill/2018/131,https://data.oireachtas.ie/ie/oireachtas/bill/2018/131,131,2018,Anti-Evictions Bill 2018,Anti-Evictions Bill 2018,https://data.oireachtas.ie/ie/oireachtas/def/house/dail,Dáil Éireann,Public,Current,2018-11-29,2025-05-02,/legislation,2026-07-20,99e1eead99b43546,Committee Stage,2020-01-14,32nd Dáil,Current,3,3,Ruth Coppinger,,https://data.oireachtas.ie/ie/oireachtas/member/id/Ruth-Coppinger.D.2014-05-23,"[""Mick Barry"",""Paul Murphy"",""Ruth Coppinger""]",[],source_uri_present,0,0,0,,,,,0,0,0,,committee_stage,Committee Stage,40,Committee Stage,32nd Dáil,14,16,2,committee_stage-14,Current|Committee Stage|32nd Dáil|2020-01-14,editorial_summary_required,no_certified_debate,do_not_infer_from_speeches,2026-09-06T18:41:34.147654+00:00,6
https://data.oireachtas.ie/ie/oireachtas/bill/2018/74,https://data.oireachtas.ie/ie/oireachtas/bill/2018/74,74,2018,Local Government (Restoration of Town Councils) Bill 2018,Local Government (Restoration of Town Councils) Bill 2018,https://data.oireachtas.ie/ie/oireachtas/def/house/dail,Dáil Éireann,Public,Current,2018-07-05,2025-05-02,/legislation,2026-07-20,3c1e2f1876ffc170,Committee Stage,2020-01-14,32nd Dáil,Current,3,1,Brendan Howlin,,https://data.oireachtas.ie/ie/oireachtas/member/id/Brendan-Howlin.S.1983-02-23,"[""Brendan Howlin""]",[],source_uri_present,0,0,0,,,,,0,0,0,,committee_stage,Committee Stage,40,Committee Stage,32nd Dáil,14,16,3,committee_stage-14,Current|Committee Stage|32nd Dáil|2020-01-14,editorial_summary_required,no_certified_debate,do_not_infer_from_speeches,2026-09-06T18:41:34.147654+00:00,6
https://data.oireachtas.ie/ie/oireachtas/bill/2018/34,https://data.oireachtas.ie/ie/oireachtas/bill/2018/34,34,2018,Provision of Objective Sex Education Bill 2018,Provision of Objective Sex Education Bill 2018,https://data.oireachtas.ie/ie/oireachtas/def/house/dail,Dáil Éireann,Public,Current,2018-03-29,2025-05-02,/legislation,2026-07-20,fdacdc153ffddff0,Committee Stage,2020-01-14,32nd Dáil,Current,3,3,Ruth Coppinger,,https://data.oireachtas.ie/ie/oireachtas/member/id/Ruth-Coppinger.D.2014-05-23,"[""Mick Barry"",""Paul Murphy"",""Ruth Coppinger""]",[],source_uri_present,0,0,0,,,,,0,0,0,,committee_stage,Committee Stage,40,Committee Stage,32nd Dáil,14,16,4,committee_stage-14,Current|Committee Stage|32nd Dáil|2020-01-14,editorial_summary_required,no_certified_debate,do_not_infer_from_speeches,2026-09-06T18:41:34.147654+00:00,6
https://data.oireachtas.ie/ie/oireachtas/bill/2018/6,https://data.oireachtas.ie/ie/oireachtas/bill/2018/6,6,2018,Control of Economic Activity (Occupied Territories) Bill 2018,Control of Economic Activity (Occupied Territories) Bill 2018,https://data.oireachtas.ie/ie/oireachtas/def/house/seanad,Seanad Éireann,Public,Current,2018-01-24,2025-05-02,/legislation,2026-07-20,b0664b6f4775b7b6,Committee Stage,2020-01-14,32nd Dáil,Current,7,7,Frances Black,,https://data.oireachtas.ie/ie/oireachtas/member/id/Frances-Black.S.2016-04-25,"[""Alice-Mary Higgins"",""Colette Kelleher"",""David P.B. Norris"",""Frances Black"",""Grace O'Sullivan"",""John Dolan"",""Lynn Ruane""]",[],source_uri_present,0,0,0,,,,,0,0,0,,committee_stage,Committee Stage,40,Committee Stage,32nd Dáil,14,16,5,committee_stage-14,Current|Committee Stage|32nd Dáil|2020-01-14,editorial_summary_required,no_certified_debate,do_not_infer_from_speeches,2026-09-06T18:41:34.147654+00:00,6
https://data.oireachtas.ie/ie/oireachtas/bill/2017/101,https://data.oireachtas.ie/ie/oireachtas/bill/2017/101,101,2017,International Protection (Family Reunification) (Amendment) Bill 2017,International Protection (Family Reunification) (Amendment) Bill 2017,https://data.oireachtas.ie/ie/oireachtas/def/house/seanad,Seanad Éireann,Public,Current,2017-07-12,2025-05-02,/legislation,2026-07-20,d0f276a21157a010,Committee Stage,2020-01-14,32nd Dáil,Current,7,6,Colette Kelleher,,https://data.oireachtas.ie/ie/oireachtas/member/id/Colette-Kelleher.S.2016-04-25,"[""Alice-Mary Higgins"",""Colette Kelleher"",""Frances Black"",""Grace O'Sullivan"",""John Dolan"",""Lynn Ruane""]",[],source_uri_present,0,0,0,,,,,0,0,0,,committee_stage,Committee Stage,40,Committee Stage,32nd Dáil,14,16,6,committee_stage-14,Current|Committee Stage|32nd Dáil|2020-01-14,editorial_summary_required,no_certified_debate,do_not_infer_from_speeches,2026-09-06T18:41:34.147654+00:00,6
https://data.oireachtas.ie/ie/oireachtas/bill/2017/100,https://data.oireachtas.ie/ie/oireachtas/bill/2017/100,100,2017,Housing (Homeless Families) Bill 2017,Housing (Homeless Families) Bill 2017,https://data.oireachtas.ie/ie/oireachtas/def/house/dail,Dáil Éireann,Public,Current,2017-07-11,2025-05-02,/legislation,2026-07-20,b2aba6846a067620,Committee Stage,2020-01-14,32nd Dáil,Current,3,1,Jan O'Sullivan,,https://data.oireachtas.ie/ie/oireachtas/member/id/Jan-O'Sullivan.S.1993-02-17,"[""Jan O'Sullivan""]",[],source_uri_present,0,0,0,,,,,0,0,0,,committee_stage,Committee Stage,40,Committee Stage,32nd Dáil,15,16,1,committee_stage-15,Current|Committee Stage|32nd Dáil|2020-01-14,editorial_summary_required,no_certified_debate,do_not_infer_from_speeches,2026-09-06T18:41:34.147654+00:00,6
https://data.oireachtas.ie/ie/oireachtas/bill/2016/98,https://data.oireachtas.ie/ie/oireachtas/bill/2016/98,98,2016,Local Government (Mayor and Regional Authority of Dublin) Bill 2016,Local Government (Mayor and Regional Authority of Dublin) Bill 2016,https://data.oireachtas.ie/ie/oireachtas/def/house/dail,Dáil Éireann,Public,Current,2016-11-03,2025-05-02,/legislation,2026-07-20,2cfc4a542727eb6f,Committee Stage,2020-01-14,32nd Dáil,Current,3,2,Eamon Ryan,,https://data.oireachtas.ie/ie/oireachtas/member/id/Eamon-Ryan.D.2002-06-06,"[""Catherine Martin"",""Eamon Ryan""]",[],source_uri_present,0,0,0,,,,,0,0,0,,committee_stage,Committee Stage,40,Committee Stage,32nd Dáil,15,16,2,committee_stage-15,Current|Committee Stage|32nd Dáil|2020-01-14,editorial_summary_required,no_certified_debate,do_not_infer_from_speeches,2026-09-06T18:41:34.147654+00:00,6
https://data.oireachtas.ie/ie/oireachtas/bill/2019/39,https://data.oireachtas.ie/ie/oireachtas/bill/2019/39,39,2019,Community Participation (Disability) (Miscellaneous Provisions) Bill 2019,Community Participation (Disability) (Miscellaneous Provisions) Bill 2019,https://data.oireachtas.ie/ie/oireachtas/def/house/seanad,Seanad Éireann,Public,Current,2019-06-10,2025-03-05,/legislation,2026-07-20,2311edceb1c4d18e,Committee Stage,2019-06-19,25th Seanad,Current,3,8,John Dolan,,https://data.oireachtas.ie/ie/oireachtas/member/id/John-Dolan.S.2016-04-25,"[""Alice-Mary Higgins"",""Colette Kelleher"",""Frances Black"",""Ivana Bacik"",""John Dolan"",""Lynn Ruane"",""Máire Devine"",""Victor Boyhan""]",[],source_uri_present,0,0,0,,,,,0,0,0,,committee_stage,Committee Stage,40,Committee Stage,25th Seanad,15,16,3,committee_stage-15,Current|Committee Stage|25th Seanad|2019-06-19,editorial_summary_required,no_certified_debate,do_not_infer_from_speeches,2026-09-06T18:41:34.147654+00:00,6
https://data.oireachtas.ie/ie/oireachtas/bill/2018/115,https://data.oireachtas.ie/ie/oireachtas/bill/2018/115,115,2018,Farm Safety Agency Bill 2018,Farm Safety Agency Bill 2018,https://data.oireachtas.ie/ie/oireachtas/def/house/seanad,Seanad Éireann,Public,Current,2018-10-24,2025-03-05,/legislation,2026-07-20,12c98d443983b64a,Committee Stage,2019-05-29,25th Seanad,Current,3,3,Paul Daly,,https://data.oireachtas.ie/ie/oireachtas/member/id/Paul-Daly.S.2016-04-25,"[""Diarmuid Wilson"",""Paul Daly"",""Robbie Gallagher""]",[],source_uri_present,0,0,0,,,,,0,0,0,,committee_stage,Committee Stage,40,Committee Stage,25th Seanad,15,16,4,committee_stage-15,Current|Committee Stage|25th Seanad|2019-05-29,editorial_summary_required,no_certified_debate,do_not_infer_from_speeches,2026-09-06T18:41:34.147654+00:00,6
https://data.oireachtas.ie/ie/oireachtas/bill/2016/31,https://data.oireachtas.ie/ie/oireachtas/bill/2016/31,31,2016,Thirty-fifth Amendment of the Constitution (Water in Public Ownership) (No. 2) Bill 2016,Thirty-fifth Amendment of the Constitution (Water in Public Ownership) (No. 2) Bill 2016,https://data.oireachtas.ie/ie/oireachtas/def/house/dail,Dáil Éireann,Public,Current,2016-05-25,2025-05-02,/legislation,2026-07-20,9e0124fd1ced8e1e,Committee Stage,2018-03-22,32nd Dáil,Current,3,58,Joan Collins,,https://data.oireachtas.ie/ie/oireachtas/member/id/Joan-Collins.D.2011-03-09,"[""Aengus Ó Snodaigh"",""Bríd Smith"",""Carol Nolan"",""Catherine Connolly"",""Clare Daly"",""David Cullinane"",""Denise Mitchell"",""Dessie Ellis"",""Donnchadh Ó Laoghaire"",""Eoin Ó Broin"",""Gerry Adams"",""Gino Kenny"",""Imelda Munster"",""Joan Collins"",""John Brady"",""John Halligan"",""Jonathan O'Brien"",""Kathleen Funchion"",""Louise O'Reilly"",""Mary Lou McDonald"",""Mick Barry"",""Mick Wallace"",""Pat Buckley"",""Paul Murphy"",""Peadar Tóibín"",""Richard Boyd Barrett"",""Ruth Coppinger"",""Seán Crowe"",""Thomas Pringle""]",[],source_uri_present,0,0,0,,,,,0,0,0,,committee_stage,Committee Stage,40,Committee Stage,32nd Dáil,15,16,5,committee_stage-15,Current|Committee Stage|32nd Dáil|2018-03-22,editorial_summary_required,no_certified_debate,do_not_infer_from_speeches,2026-09-06T18:41:34.147654+00:00,6
https://data.oireachtas.ie/ie/oireachtas/bill/2017/92,https://data.oireachtas.ie/ie/oireachtas/bill/2017/92,92,2017,Life Saving Equipment Bill 2017,Life Saving Equipment Bill 2017,https://data.oireachtas.ie/ie/oireachtas/def/house/seanad,Seanad Éireann,Public,Current,2017-07-05,2025-03-05,/legislation,2026-07-20,32447c3e8cc91264,Committee Stage,2018-01-23,25th Seanad,Current,3,4,Keith Swanick,,https://data.oireachtas.ie/ie/oireachtas/member/id/Keith-Swanick.S.2016-04-25,"[""Diarmuid Wilson"",""Keith Swanick"",""Paul Daly"",""Robbie Gallagher""]",[],source_uri_present,0,0,0,,,,,0,0,0,,committee_stage,Committee Stage,40,Committee Stage,25th Seanad,15,16,6,committee_stage-15,Current|Committee Stage|25th Seanad|2018-01-23,editorial_summary_required,no_certified_debate,do_not_infer_from_speeches,2026-09-06T18:41:34.147654+00:00,6
https://data.oireachtas.ie/ie/oireachtas/bill/2017/50,https://data.oireachtas.ie/ie/oireachtas/bill/2017/50,50,2017,Local Government (Establishment of Town Councils Commission) Bill 2017,Local Government (Establishment of Town Councils Commission) Bill 2017,https://data.oireachtas.ie/ie/oireachtas/def/house/dail,Dáil Éireann,Public,Current,2017-04-05,2025-05-28,/legislation,2026-07-20,fd7dae156d3a8164,Committee Stage,2017-06-27,32nd Dáil,Current,3,1,Shane Cassells,,https://data.oireachtas.ie/ie/oireachtas/member/id/Shane-Cassells.D.2016-10-03,"[""Shane Cassells""]",[],source_uri_present,0,0,0,,,,,0,0,0,,committee_stage,Committee Stage,40,Committee Stage,32nd Dáil,16,16,1,committee_stage-16,Current|Committee Stage|32nd Dáil|2017-06-27,editorial_summary_required,no_certified_debate,do_not_infer_from_speeches,2026-09-06T18:41:34.147654+00:00,6
https://data.oireachtas.ie/ie/oireachtas/bill/2017/44,https://data.oireachtas.ie/ie/oireachtas/bill/2017/44,44,2017,Adult Safeguarding Bill 2017,Adult Safeguarding Bill 2017,https://data.oireachtas.ie/ie/oireachtas/def/house/seanad,Seanad Éireann,Public,Current,2017-03-30,2025-03-05,/legislation,2026-07-20,22b81970aebd6256,Committee Stage,2017-04-05,25th Seanad,Current,3,10,Colette Kelleher,,https://data.oireachtas.ie/ie/oireachtas/member/id/Colette-Kelleher.S.2016-04-25,"[""Alice-Mary Higgins"",""Colette Kelleher"",""Frances Black"",""Ivana Bacik"",""Jerry Buttimer"",""John Dolan"",""Lorraine Clifford-Lee"",""Lynn Ruane"",""Marie-Louise O'Donnell"",""Victor Boyhan""]",[],source_uri_present,0,0,0,,,,,0,0,0,,committee_stage,Committee Stage,40,Committee Stage,25th Seanad,16,16,2,committee_stage-16,Current|Committee Stage|25th Seanad|2017-04-05,editorial_summary_required,no_certified_debate,do_not_infer_from_speeches,2026-09-06T18:41:34.147654+00:00,6
https://data.oireachtas.ie/ie/oireachtas/bill/2015/105,https://data.oireachtas.ie/ie/oireachtas/bill/2015/105,105,2015,Seanad Electoral (Amendment) Bill 2015,Seanad Electoral (Amendment) Bill 2015,https://data.oireachtas.ie/ie/oireachtas/def/house/seanad,Seanad Éireann,Public,Current,2015-11-19,2025-03-28,/legislation,2026-07-20,ecb2151110bdc380,Committee Stage,2016-04-28,25th Seanad,Current,2,1,Diarmuid Wilson,,https://data.oireachtas.ie/ie/oireachtas/member/id/Diarmuid-Wilson.S.2002-09-12,"[""Diarmuid Wilson""]",[],source_uri_present,0,0,0,,,,,0,0,0,,committee_stage,Committee Stage,40,Committee Stage,25th Seanad,16,16,3,committee_stage-16,Current|Committee Stage|25th Seanad|2016-04-28,editorial_summary_required,no_certified_debate,do_not_infer_from_speeches,2026-09-06T18:41:34.147654+00:00,6
https://data.oireachtas.ie/ie/oireachtas/bill/2022/14,https://data.oireachtas.ie/ie/oireachtas/bill/2022/14,14,2022,Child Trafficking and Child Sexual Exploitation Material (Amendment) Bill 2022,Child Trafficking and Child Sexual Exploitation Material (Amendment) Bill 2022,https://data.oireachtas.ie/ie/oireachtas/def/house/seanad,Seanad Éireann,Public,Current,2022-01-26,2025-11-05,/legislation,2026-07-20,8aa69dcb5faac7c3,Report Stage,2025-06-11,27th Seanad,Current,4,4,Eileen Flynn,,https://data.oireachtas.ie/ie/oireachtas/member/id/Eileen-Flynn.S.2020-06-29,"[""Alice-Mary Higgins"",""Eileen Flynn"",""Frances Black"",""Lynn Ruane""]",[],source_uri_present,0,0,0,,,,,0,0,0,,report_stage,Report Stage,50,Report Stage,27th Seanad,1,1,1,report_stage-01,Current|Report Stage|27th Seanad|2025-06-11,editorial_summary_required,no_certified_debate,do_not_infer_from_speeches,2026-09-06T18:41:34.147654+00:00,6
https://data.oireachtas.ie/ie/oireachtas/bill/2024/92,https://data.oireachtas.ie/ie/oireachtas/bill/2024/92,92,2024,Non-Fatal Offences Against the Person (Amendment) Bill 2024,Non-Fatal Offences Against the Person (Amendment) Bill 2024,https://data.oireachtas.ie/ie/oireachtas/def/house/seanad,Seanad Éireann,Public,Current,2024-10-07,2025-05-22,/legislation,2026-07-20,001f47f40579ebdc,Report Stage,2025-05-20,27th Seanad,Current,4,4,Lisa Chambers,,https://data.oireachtas.ie/ie/oireachtas/member/id/Lisa-Chambers.D.2016-10-03,"[""Catherine Ardagh"",""Fiona O'Loughlin"",""Lisa Chambers"",""Timmy Dooley""]",[],source_uri_present,0,0,0,,,,,0,0,0,,report_stage,Report Stage,50,Report Stage,27th Seanad,1,1,2,report_stage-01,Current|Report Stage|27th Seanad|2025-05-20,editorial_summary_required,no_certified_debate,do_not_infer_from_speeches,2026-09-06T18:41:34.147654+00:00,6
https://data.oireachtas.ie/ie/oireachtas/bill/2023/24,https://data.oireachtas.ie/ie/oireachtas/bill/2023/24,24,2023,Construction Safety Licensing Bill 2023,Construction Safety Licensing Bill 2023,https://data.oireachtas.ie/ie/oireachtas/def/house/dail,Dáil Éireann,Public,Current,2023-03-24,2025-02-05,/legislation,2026-07-20,7d9309b99e4f2dcc,Report Stage,2024-11-08,33rd Dáil,Current,4,1,,"Minister for Further and Higher Education, Research, Innovation and Science",,[],"[""Minister for Further and Higher Education, Research, Innovation and Science""]",role_or_office_only,0,0,0,,,,,0,0,0,,report_stage,Report Stage,50,Report Stage,33rd Dáil,1,1,3,report_stage-01,Current|Report Stage|33rd Dáil|2024-11-08,editorial_summary_required,no_certified_debate,do_not_infer_from_speeches,2026-09-06T18:41:34.147654+00:00,6
https://data.oireachtas.ie/ie/oireachtas/bill/2020/35,https://data.oireachtas.ie/ie/oireachtas/bill/2020/35,35,2020,Education (Admission to Schools) Bill 2020,Education (Admission to Schools) Bill 2020,https://data.oireachtas.ie/ie/oireachtas/def/house/dail,Dáil Éireann,Public,Current,2020-09-02,2025-05-02,/legislation,2026-07-20,d066a4c60fc4c841,Report Stage,2024-11-08,33rd Dáil,Current,4,1,Aodhán Ó Ríordáin,,https://data.oireachtas.ie/ie/oireachtas/member/id/Aodhán-Ó-Ríordáin.D.2011-03-09,"[""Aodhán Ó Ríordáin""]",[],source_uri_present,0,0,0,,,,,0,0,0,,report_stage,Report Stage,50,Report Stage,33rd Dáil,1,1,4,report_stage-01,Current|Report Stage|33rd Dáil|2024-11-08,editorial_summary_required,no_certified_debate,do_not_infer_from_speeches,2026-09-06T18:41:34.147654+00:00,6
https://data.oireachtas.ie/ie/oireachtas/bill/2022/104,https://data.oireachtas.ie/ie/oireachtas/bill/2022/104,104,2022,Ban on Dumping New Products Bill 2022,Ban on Dumping New Products Bill 2022,https://data.oireachtas.ie/ie/oireachtas/def/house/seanad,Seanad Éireann,Public,Current,2022-10-20,2025-03-21,/legislation,2026-07-20,938355081825632b,Report Stage,2023-11-08,26th Seanad,Current,4,4,Lynn Boylan,,https://data.oireachtas.ie/ie/oireachtas/member/id/Lynn-Boylan.S.2020-03-30,"[""Fintan Warfield"",""Lynn Boylan"",""Niall Ó Donnghaile"",""Paul Gavan""]",[],source_uri_present,0,0,0,,,,,0,0,0,,report_stage,Report Stage,50,Report Stage,26th Seanad,1,1,5,report_stage-01,Current|Report Stage|26th Seanad|2023-11-08,editorial_summary_required,no_certified_debate,do_not_infer_from_speeches,2026-09-06T18:41:34.147654+00:00,6
https://data.oireachtas.ie/ie/oireachtas/bill/2025/5,https://data.oireachtas.ie/ie/oireachtas/bill/2025/5,5,2025,Insurance (Disregard of Certain Medical History and Miscellaneous Provisions) Bill 2025,Insurance (Disregard of Certain Medical History and Miscellaneous Provisions) Bill 2025,https://data.oireachtas.ie/ie/oireachtas/def/house/dail,Dáil Éireann,Public,Current,2025-02-12,2026-07-09,/legislation,2026-08-01,f6f72c92f34e6b91,Fifth Stage,2026-07-08,27th Seanad,,9,1,Catherine Ardagh,,https://data.oireachtas.ie/ie/oireachtas/member/id/Catherine-Ardagh.S.2016-04-25,"[""Catherine Ardagh""]",[],source_uri_present,4,22,0,,,,,0,0,0,no_recorded_division,fifth_stage,Fifth Stage,60,Fifth Stage,27th Seanad,1,1,1,fifth_stage-01,Current|Fifth Stage|27th Seanad|2026-07-08,editorial_summary_required,certified_debate_available,do_not_infer_from_speeches,2026-09-06T18:41:34.147654+00:00,6
https://data.oireachtas.ie/ie/oireachtas/bill/2026/3,https://data.oireachtas.ie/ie/oireachtas/bill/2026/3,3,2026,Garda Síochána (Powers) Bill 2026,Garda Síochána (Powers) Bill 2026,https://data.oireachtas.ie/ie/oireachtas/def/house/seanad,Seanad Éireann,Public,Current,2026-01-14,2026-06-18,/legislation,2026-07-20,adab7247c0bacbf7,Fifth Stage,2026-06-17,27th Seanad,,5,1,,"Minister for Justice, Home Affairs and Migration",,[],"[""Minister for Justice, Home Affairs and Migration""]",role_or_office_only,0,0,0,,,,,0,0,0,,fifth_stage,Fifth Stage,60,Fifth Stage,27th Seanad,1,1,2,fifth_stage-01,Current|Fifth Stage|27th Seanad|2026-06-17,editorial_summary_required,no_certified_debate,do_not_infer_from_speeches,2026-09-06T18:41:34.147654+00:00,6
https://data.oireachtas.ie/ie/oireachtas/bill/2026/2,https://data.oireachtas.ie/ie/oireachtas/bill/2026/2,2,2026,Gas Safety and Miscellaneous Amendments Bill 2026,Gas Safety and Miscellaneous Amendments Bill 2026,https://data.oireachtas.ie/ie/oireachtas/def/house/dail,Dáil Éireann,Public,Current,2026-01-09,2026-05-28,/legislation,2026-07-20,a5b5b6fdc191e472,Fifth Stage,2026-05-27,34th Dáil,,5,1,,"Minister for Climate, Energy and the Environment",,[],"[""Minister for Climate, Energy and the Environment""]",role_or_office_only,3,71,0,,,,,0,0,0,no_recorded_division,fifth_stage,Fifth Stage,60,Fifth Stage,34th Dáil,1,1,3,fifth_stage-01,Current|Fifth Stage|34th Dáil|2026-05-27,editorial_summary_required,certified_debate_available,do_not_infer_from_speeches,2026-09-06T18:41:34.147654+00:00,6
https://data.oireachtas.ie/ie/oireachtas/bill/2023/57,https://data.oireachtas.ie/ie/oireachtas/bill/2023/57,57,2023,Disability (Miscellaneous Provisions) Bill 2023,Disability (Miscellaneous Provisions) Bill 2023,https://data.oireachtas.ie/ie/oireachtas/def/house/seanad,Seanad Éireann,Public,Current,2023-06-27,2025-12-01,/legislation,2026-07-20,baea25d71a02c96e,Fifth Stage,2025-11-26,27th Seanad,,5,19,Tom Clonan,,https://data.oireachtas.ie/ie/oireachtas/member/id/Tom-Clonan.S.2022-04-04,"[""Alice-Mary Higgins"",""Annie Hoey"",""David P.B. Norris"",""Eileen Flynn"",""Fintan Warfield"",""Frances Black"",""Gerard P. Craughwell"",""Lynn Boylan"",""Lynn Ruane"",""Marie Sherlock"",""Mark Wall"",""Michael McDowell"",""Niall Ó Donnghaile"",""Paul Gavan"",""Rónán Mullen"",""Sharon Keogan"",""Tom Clonan"",""Victor Boyhan"",""Vincent P. Martin""]",[],source_uri_present,0,0,0,,,,,0,0,0,,fifth_stage,Fifth Stage,60,Fifth Stage,27th Seanad,1,1,4,fifth_stage-01,Current|Fifth Stage|27th Seanad|2025-11-26,editorial_summary_required,no_certified_debate,do_not_infer_from_speeches,2026-09-06T18:41:34.147654+00:00,6
https://data.oireachtas.ie/ie/oireachtas/bill/2026/65,https://data.oireachtas.ie/ie/oireachtas/bill/2026/65,65,2026,Planning for Constitutional Change Bill 2026,Planning for Constitutional Change Bill 2026,https://data.oireachtas.ie/ie/oireachtas/def/house/dail,Dáil Éireann,Public,Defeated,2026-06-03,2026-07-09,/legislation,2026-08-01,78c685c4f73d8f5e,First Stage,2026-06-03,34th Dáil,,1,1,Mary Lou McDonald,,https://data.oireachtas.ie/ie/oireachtas/member/id/Mary-Lou-McDonald.D.2011-03-09,"[""Mary Lou McDonald""]",[],source_uri_present,3,60,1,https://data.oireachtas.ie/ie/oireachtas/division/house/dail/34/2026-07-08/vote_184,2026-07-08,Question put:,Lost,69,79,0,recorded_division_available,defeated,Defeated,90,Defeated,34th Dáil,1,4,1,defeated-01,Defeated|First Stage|34th Dáil|2026-06-03,editorial_summary_required,certified_debate_available,recorded_vote_evidence_available,2026-09-06T18:41:34.147654+00:00,6
https://data.oireachtas.ie/ie/oireachtas/bill/2026/55,https://data.oireachtas.ie/ie/oireachtas/bill/2026/55,55,2026,Air Navigation and Transport (Amendment) Bill 2026,Air Navigation and Transport (Amendment) Bill 2026,https://data.oireachtas.ie/ie/oireachtas/def/house/seanad,Seanad Éireann,Public,Defeated,2026-05-27,2026-06-19,/legislation,2026-07-20,eacef3f347bcdddd,Second Stage,2026-05-27,27th Seanad,,2,7,Patricia Stephenson,,https://data.oireachtas.ie/ie/oireachtas/member/id/Patricia-Stephenson.S.2025-01-29,"[""Alice-Mary Higgins"",""Frances Black"",""Laura Harmon"",""Lynn Ruane"",""Malcolm Noonan"",""Nessa Cosgrove"",""Patricia Stephenson""]",[],source_uri_present,0,0,0,,,,,0,0,0,,defeated,Defeated,90,Defeated,27th Seanad,1,4,2,defeated-01,Defeated|Second Stage|27th Seanad|2026-05-27,editorial_summary_required,no_certified_debate,do_not_infer_from_speeches,2026-09-06T18:41:34.147654+00:00,6
https://data.oireachtas.ie/ie/oireachtas/bill/2026/40,https://data.oireachtas.ie/ie/oireachtas/bill/2026/40,40,2026,Reproductive Rights (Amendment) Bill 2026,Reproductive Rights (Amendment) Bill 2026,https://data.oireachtas.ie/ie/oireachtas/def/house/dail,Dáil Éireann,Public,Defeated,2026-04-15,2026-05-14,/legislation,2026-07-20,628f0501478eadfe,First Stage,2026-04-15,34th Dáil,,1,1,Holly Cairns,,https://data.oireachtas.ie/ie/oireachtas/member/id/Holly-Cairns.D.2020-02-08,"[""Holly Cairns""]",[],source_uri_present,3,60,1,https://data.oireachtas.ie/ie/oireachtas/division/house/dail/34/2026-05-13/vote_110,2026-05-13,"Question put: ""That the Bill be now read a Second Time.""",Lost,30,85,36,recorded_division_available,defeated,Defeated,90,Defeated,34th Dáil,1,4,3,defeated-01,Defeated|First Stage|34th Dáil|2026-04-15,editorial_summary_required,certified_debate_available,recorded_vote_evidence_available,2026-09-06T18:41:34.147654+00:00,6
https://data.oireachtas.ie/ie/oireachtas/bill/2026/26,https://data.oireachtas.ie/ie/oireachtas/bill/2026/26,26,2026,Electricity Regulation (Amendment) Bill 2026,Electricity Regulation (Amendment) Bill 2026,https://data.oireachtas.ie/ie/oireachtas/def/house/dail,Dáil Éireann,Public,Defeated,2026-03-04,2026-06-17,/legislation,2026-07-20,2fb42f9a7d066f71,First Stage,2026-03-04,34th Dáil,,1,4,Pa Daly,,https://data.oireachtas.ie/ie/oireachtas/member/id/Pa-Daly.D.2020-02-08,"[""Darren O'Rourke"",""Louis O'Hara"",""Pa Daly"",""Réada Cronin""]",[],source_uri_present,3,48,1,https://data.oireachtas.ie/ie/oireachtas/division/house/dail/34/2026-05-13/vote_109,2026-05-13,"Question put: ""That the Bill be now read a Second Time.""",Lost,66,83,0,recorded_division_available,defeated,Defeated,90,Defeated,34th Dáil,1,4,4,defeated-01,Defeated|First Stage|34th Dáil|2026-03-04,editorial_summary_required,certified_debate_available,recorded_vote_evidence_available,2026-09-06T18:41:34.147654+00:00,6
https://data.oireachtas.ie/ie/oireachtas/bill/2021/32,https://data.oireachtas.ie/ie/oireachtas/bill/2021/32,32,2021,Quality in Public Procurement (Contract Preparation and Award Criteria) Bill 2021,Quality in Public Procurement (Contract Preparation and Award Criteria) Bill 2021,https://data.oireachtas.ie/ie/oireachtas/def/house/seanad,Seanad Éireann,Public,Defeated,2021-03-02,2026-03-16,/legislation,2026-07-20,0f18ea9ec3ae14c3,Second Stage,2026-02-12,34th Dáil,,6,4,Alice-Mary Higgins,,https://data.oireachtas.ie/ie/oireachtas/member/id/Alice-Mary-Higgins.S.2016-04-25,"[""Alice-Mary Higgins"",""Eileen Flynn"",""Frances Black"",""Lynn Ruane""]",[],source_uri_present,2,22,1,https://data.oireachtas.ie/ie/oireachtas/division/house/dail/34/2026-02-18/vote_43,2026-02-18,"Question put: ""That the Bill be now read a Second Time.""",Lost,62,78,0,recorded_division_available,defeated,Defeated,90,Defeated,34th Dáil,1,4,5,defeated-01,Defeated|Second Stage|34th Dáil|2026-02-12,editorial_summary_required,certified_debate_available,recorded_vote_evidence_available,2026-09-06T18:41:34.147654+00:00,6
https://data.oireachtas.ie/ie/oireachtas/bill/2025/54,https://data.oireachtas.ie/ie/oireachtas/bill/2025/54,54,2025,Education (Affordable School Uniforms) Bill 2025,Education (Affordable School Uniforms) Bill 2025,https://data.oireachtas.ie/ie/oireachtas/def/house/dail,Dáil Éireann,Public,Defeated,2025-09-16,2025-12-17,/legislation,2026-07-20,d33bcaa4352b46ad,First Stage,2025-09-16,34th Dáil,,1,3,Darren O'Rourke,,https://data.oireachtas.ie/ie/oireachtas/member/id/Darren-O'Rourke.D.2020-02-08,"[""Darren O'Rourke"",""Donnchadh Ó Laoghaire"",""Sorca Clarke""]",[],source_uri_present,2,30,0,,,,,0,0,0,no_recorded_division,defeated,Defeated,90,Defeated,34th Dáil,1,4,6,defeated-01,Defeated|First Stage|34th Dáil|2025-09-16,editorial_summary_required,certified_debate_available,do_not_infer_from_speeches,2026-09-06T18:41:34.147654+00:00,6
https://data.oireachtas.ie/ie/oireachtas/bill/2025/73,https://data.oireachtas.ie/ie/oireachtas/bill/2025/73,73,2025,Sanctions against the State of Israel Bill 2025,Sanctions against the State of Israel Bill 2025,https://data.oireachtas.ie/ie/oireachtas/def/house/dail,Dáil Éireann,Public,Defeated,2025-08-25,2026-05-21,/legislation,2026-07-20,f139408632adae6d,First Stage,2025-08-25,34th Dáil,,1,3,Paul Murphy,,https://data.oireachtas.ie/ie/oireachtas/member/id/Paul-Murphy.D.2014-10-10,"[""Paul Murphy"",""Richard Boyd Barrett"",""Ruth Coppinger""]",[],source_uri_present,3,29,1,https://data.oireachtas.ie/ie/oireachtas/division/house/dail/34/2026-05-20/vote_115,2026-05-20,Question put:,Lost,62,77,0,recorded_division_available,defeated,Defeated,90,Defeated,34th Dáil,2,4,1,defeated-02,Defeated|First Stage|34th Dáil|2025-08-25,editorial_summary_required,certified_debate_available,recorded_vote_evidence_available,2026-09-06T18:41:34.147654+00:00,6
https://data.oireachtas.ie/ie/oireachtas/bill/2025/56,https://data.oireachtas.ie/ie/oireachtas/bill/2025/56,56,2025,Public Health (Alcohol) (Amendment) Bill 2025,Public Health (Alcohol) (Amendment) Bill 2025,https://data.oireachtas.ie/ie/oireachtas/def/house/dail,Dáil Éireann,Public,Defeated,2025-06-23,2026-06-11,/legislation,2026-07-20,6736f6c166451c5e,First Stage,2025-06-23,34th Dáil,,1,1,Pádraig Rice,,https://data.oireachtas.ie/ie/oireachtas/member/id/Pádraig-Rice.D.2024-11-29,"[""Pádraig Rice""]",[],source_uri_present,3,14,1,https://data.oireachtas.ie/ie/oireachtas/division/house/dail/34/2026-06-10/vote_133,2026-06-10,"Question put: ""That the Bill be now read a Second Time.""",Lost,68,81,0,recorded_division_available,defeated,Defeated,90,Defeated,34th Dáil,2,4,2,defeated-02,Defeated|First Stage|34th Dáil|2025-06-23,editorial_summary_required,certified_debate_available,recorded_vote_evidence_available,2026-09-06T18:41:34.147654+00:00,6
https://data.oireachtas.ie/ie/oireachtas/bill/2024/47,https://data.oireachtas.ie/ie/oireachtas/bill/2024/47,47,2024,Aircraft Noise (Dublin Airport) Regulation (Transfer of Functions) Bill 2024,Aircraft Noise (Dublin Airport) Regulation (Transfer of Functions) Bill 2024,https://data.oireachtas.ie/ie/oireachtas/def/house/dail,Dáil Éireann,Public,Defeated,2024-05-13,2025-07-17,/legislation,2026-07-20,7bdcb63587f823f8,Second Stage,2025-06-13,34th Dáil,,2,1,Duncan Smith,,https://data.oireachtas.ie/ie/oireachtas/member/id/Duncan-Smith.D.2020-02-08,"[""Duncan Smith""]",[],source_uri_present,2,11,1,https://data.oireachtas.ie/ie/oireachtas/division/house/dail/34/2025-07-16/vote_129,2025-07-16,"Question put: ""That the Bill be now read a Second Time.""",Lost,69,88,0,recorded_division_available,defeated,Defeated,90,Defeated,34th Dáil,2,4,3,defeated-02,Defeated|Second Stage|34th Dáil|2025-06-13,editorial_summary_required,certified_debate_available,recorded_vote_evidence_available,2026-09-06T18:41:34.147654+00:00,6
https://data.oireachtas.ie/ie/oireachtas/bill/2025/27,https://data.oireachtas.ie/ie/oireachtas/bill/2025/27,27,2025,Restrictive Financial Measures (State of Israel) Bill 2025,Restrictive Financial Measures (State of Israel) Bill 2025,https://data.oireachtas.ie/ie/oireachtas/def/house/dail,Dáil Éireann,Public,Defeated,2025-05-19,2025-05-29,/legislation,2026-07-20,1648cbed24d15a96,Second Stage,2025-05-21,34th Dáil,,2,2,Pearse Doherty,,https://data.oireachtas.ie/ie/oireachtas/member/id/Pearse-Doherty.S.2007-07-23,"[""Mary Lou McDonald"",""Pearse Doherty""]",[],source_uri_present,3,139,1,https://data.oireachtas.ie/ie/oireachtas/division/house/dail/34/2025-05-28/vote_70,2025-05-28,"Question put: ""That the Bill be now read a Second Time.""",Lost,75,87,0,recorded_division_available,defeated,Defeated,90,Defeated,34th Dáil,2,4,4,defeated-02,Defeated|Second Stage|34th Dáil|2025-05-21,editorial_summary_required,certified_debate_available,recorded_vote_evidence_available,2026-09-06T18:41:34.147654+00:00,6
https://data.oireachtas.ie/ie/oireachtas/bill/2025/9,https://data.oireachtas.ie/ie/oireachtas/bill/2025/9,9,2025,Water Services (Repeal of Water Charges) Bill 2025,Water Services (Repeal of Water Charges) Bill 2025,https://data.oireachtas.ie/ie/oireachtas/def/house/dail,Dáil Éireann,Public,Defeated,2025-03-21,2025-06-05,/legislation,2026-07-20,3d2a65e7d6f2c6ec,Second Stage,2025-03-27,34th Dáil,,2,2,Mary Lou McDonald,,https://data.oireachtas.ie/ie/oireachtas/member/id/Mary-Lou-McDonald.D.2011-03-09,"[""Eoin Ó Broin"",""Mary Lou McDonald""]",[],source_uri_present,3,56,1,https://data.oireachtas.ie/ie/oireachtas/division/house/dail/34/2025-04-09/vote_44,2025-04-09,Question put:,Lost,64,83,1,recorded_division_available,defeated,Defeated,90,Defeated,34th Dáil,2,4,5,defeated-02,Defeated|Second Stage|34th Dáil|2025-03-27,editorial_summary_required,certified_debate_available,recorded_vote_evidence_available,2026-09-06T18:41:34.147654+00:00,6
https://data.oireachtas.ie/ie/oireachtas/bill/2024/9,https://data.oireachtas.ie/ie/oireachtas/bill/2024/9,9,2024,Broadcasting (Oversight of RTÉ Accounts) (Amendment) Bill 2024,Broadcasting (Oversight of RTÉ Accounts) (Amendment) Bill 2024,https://data.oireachtas.ie/ie/oireachtas/def/house/dail,Dáil Éireann,Public,Defeated,2024-02-22,2025-06-03,/legislation,2026-07-20,9e3a24f2277d378a,Second Stage,2025-02-27,34th Dáil,,2,6,Aengus Ó Snodaigh,,https://data.oireachtas.ie/ie/oireachtas/member/id/Aengus-Ó-Snodaigh.D.2002-06-06,"[""Aengus Ó Snodaigh"",""Brian Stanley"",""Imelda Munster"",""John Brady"",""Rose Conway-Walsh"",""Thomas Gould""]",[],source_uri_present,2,12,1,https://data.oireachtas.ie/ie/oireachtas/division/house/dail/34/2025-05-28/vote_68,2025-05-28,Amendment put:,Carried,89,73,0,recorded_division_available,defeated,Defeated,90,Defeated,34th Dáil,2,4,6,defeated-02,Defeated|Second Stage|34th Dáil|2025-02-27,editorial_summary_required,certified_debate_available,recorded_vote_evidence_available,2026-09-06T18:41:34.147654+00:00,6
https://data.oireachtas.ie/ie/oireachtas/bill/2024/10,https://data.oireachtas.ie/ie/oireachtas/bill/2024/10,10,2024,Air Navigation and Transport (Arms Embargo) Bill 2024,Air Navigation and Transport (Arms Embargo) Bill 2024,https://data.oireachtas.ie/ie/oireachtas/def/house/seanad,Seanad Éireann,Public,Defeated,2024-02-23,2026-04-29,/legislation,2026-07-20,10ed2a1583e17d89,Committee Stage,2025-01-29,27th Seanad,,3,4,Alice-Mary Higgins,,https://data.oireachtas.ie/ie/oireachtas/member/id/Alice-Mary-Higgins.S.2016-04-25,"[""Alice-Mary Higgins"",""Eileen Flynn"",""Frances Black"",""Lynn Ruane""]",[],source_uri_present,0,0,0,,,,,0,0,0,,defeated,Defeated,90,Defeated,27th Seanad,3,4,1,defeated-03,Defeated|Committee Stage|27th Seanad|2025-01-29,editorial_summary_required,no_certified_debate,do_not_infer_from_speeches,2026-09-06T18:41:34.147654+00:00,6
https://data.oireachtas.ie/ie/oireachtas/bill/2024/93,https://data.oireachtas.ie/ie/oireachtas/bill/2024/93,93,2024,Information on Repairability of Certain Products Bill 2024,Information on Repairability of Certain Products Bill 2024,https://data.oireachtas.ie/ie/oireachtas/def/house/dail,Dáil Éireann,Public,Defeated,2024-10-14,2025-05-22,/legislation,2026-07-20,e4e8edc49196e37f,First Stage,2024-10-14,33rd Dáil,,1,2,Pa Daly,,https://data.oireachtas.ie/ie/oireachtas/member/id/Pa-Daly.D.2020-02-08,"[""Maurice Quinlivan"",""Pa Daly""]",[],source_uri_present,2,8,1,https://data.oireachtas.ie/ie/oireachtas/division/house/dail/34/2025-05-21/vote_64,2025-05-21,Question put:,Lost,64,77,0,recorded_division_available,defeated,Defeated,90,Defeated,33rd Dáil,3,4,2,defeated-03,Defeated|First Stage|33rd Dáil|2024-10-14,editorial_summary_required,certified_debate_available,recorded_vote_evidence_available,2026-09-06T18:41:34.147654+00:00,6
https://data.oireachtas.ie/ie/oireachtas/bill/2023/75,https://data.oireachtas.ie/ie/oireachtas/bill/2023/75,75,2023,Developer Profits Transparency Bill 2023,Developer Profits Transparency Bill 2023,https://data.oireachtas.ie/ie/oireachtas/def/house/dail,Dáil Éireann,Public,Defeated,2023-10-17,2025-10-10,/legislation,2026-07-20,73df65ede4d403c0,First Stage,2023-10-17,33rd Dáil,,1,1,Cian O'Callaghan,,https://data.oireachtas.ie/ie/oireachtas/member/id/Cian-O'Callaghan.D.2020-02-08,"[""Cian O'Callaghan""]",[],source_uri_present,2,11,1,https://data.oireachtas.ie/ie/oireachtas/division/house/dail/34/2025-10-07/vote_145,2025-10-07,"Question put: ""That the Bill be now read a Second Time.""",Lost,69,88,0,recorded_division_available,defeated,Defeated,90,Defeated,33rd Dáil,3,4,3,defeated-03,Defeated|First Stage|33rd Dáil|2023-10-17,editorial_summary_required,certified_debate_available,recorded_vote_evidence_available,2026-09-06T18:41:34.147654+00:00,6
https://data.oireachtas.ie/ie/oireachtas/bill/2024/25,https://data.oireachtas.ie/ie/oireachtas/bill/2024/25,25,2024,Commission on the Future of the Family Farm Bill 2024,Commission on the Future of the Family Farm Bill 2024,https://data.oireachtas.ie/ie/oireachtas/def/house/dail,Dáil Éireann,Public,Defeated,2023-05-18,2026-02-26,/legislation,2026-07-20,f72ab97f27725ccf,First Stage,2023-05-18,33rd Dáil,,1,2,Matt Carthy,,https://data.oireachtas.ie/ie/oireachtas/member/id/Matt-Carthy.D.2020-02-08,"[""Claire Kerrane"",""Matt Carthy""]",[],source_uri_present,2,8,2,https://data.oireachtas.ie/ie/oireachtas/division/house/dail/34/2026-02-25/vote_55,2026-02-25,"Question put: ""That the motion, as amended, be agreed to.""",Carried,75,65,0,recorded_division_available,defeated,Defeated,90,Defeated,33rd Dáil,3,4,4,defeated-03,Defeated|First Stage|33rd Dáil|2023-05-18,editorial_summary_required,certified_debate_available,recorded_vote_evidence_available,2026-09-06T18:41:34.147654+00:00,6
https://data.oireachtas.ie/ie/oireachtas/bill/2023/35,https://data.oireachtas.ie/ie/oireachtas/bill/2023/35,35,2023,Ministers and Secretaries (Attorney General) Bill 2023,Ministers and Secretaries (Attorney General) Bill 2023,https://data.oireachtas.ie/ie/oireachtas/def/house/dail,Dáil Éireann,Public,Defeated,2023-04-18,2025-07-11,/legislation,2026-07-20,ec49be8ef133e33b,Second Stage,2023-04-25,33rd Dáil,,2,2,Ivana Bacik,,https://data.oireachtas.ie/ie/oireachtas/member/id/Ivana-Bacik.S.2007-07-23,"[""Ged Nash"",""Ivana Bacik""]",[],source_uri_present,2,19,1,https://data.oireachtas.ie/ie/oireachtas/division/house/dail/34/2025-07-09/vote_120,2025-07-09,"Question put: ""That the Bill be now read a Second Time.""",Lost,69,87,0,recorded_division_available,defeated,Defeated,90,Defeated,33rd Dáil,3,4,5,defeated-03,Defeated|Second Stage|33rd Dáil|2023-04-25,editorial_summary_required,certified_debate_available,recorded_vote_evidence_available,2026-09-06T18:41:34.147654+00:00,6
https://data.oireachtas.ie/ie/oireachtas/bill/2022/89,https://data.oireachtas.ie/ie/oireachtas/bill/2022/89,89,2022,Institutional Burials (Amendment) Bill 2022,Institutional Burials (Amendment) Bill 2022,https://data.oireachtas.ie/ie/oireachtas/def/house/seanad,Seanad Éireann,Public,Defeated,2022-09-26,2026-02-26,/legislation,2026-07-20,b6a7c0161f761028,First Stage,2022-09-26,26th Seanad,,1,4,Lynn Ruane,,https://data.oireachtas.ie/ie/oireachtas/member/id/Lynn-Ruane.S.2016-04-25,"[""Alice-Mary Higgins"",""Eileen Flynn"",""Frances Black"",""Lynn Ruane""]",[],source_uri_present,0,0,0,,,,,0,0,0,,defeated,Defeated,90,Defeated,26th Seanad,3,4,6,defeated-03,Defeated|First Stage|26th Seanad|2022-09-26,editorial_summary_required,no_certified_debate,do_not_infer_from_speeches,2026-09-06T18:41:34.147654+00:00,6
https://data.oireachtas.ie/ie/oireachtas/bill/2021/110,https://data.oireachtas.ie/ie/oireachtas/bill/2021/110,110,2021,Just Transition (Worker and Community Environmental Rights) Bill 2021,Just Transition (Worker and Community Environmental Rights) Bill 2021,https://data.oireachtas.ie/ie/oireachtas/def/house/dail,Dáil Éireann,Public,Defeated,2021-09-03,2025-12-11,/legislation,2026-07-20,4d9c5a58176c30e0,Second Stage,2021-09-15,33rd Dáil,,2,1,Jennifer Whitmore,,https://data.oireachtas.ie/ie/oireachtas/member/id/Jennifer-Whitmore.D.2020-02-08,"[""Jennifer Whitmore""]",[],source_uri_present,2,11,1,https://data.oireachtas.ie/ie/oireachtas/division/house/dail/34/2025-12-10/vote_201,2025-12-10,"Question put: ""That the Bill be now read a Second Time.""",Lost,64,72,0,recorded_division_available,defeated,Defeated,90,Defeated,33rd Dáil,4,4,1,defeated-04,Defeated|Second Stage|33rd Dáil|2021-09-15,editorial_summary_required,certified_debate_available,recorded_vote_evidence_available,2026-09-06T18:41:34.147654+00:00,6
https://data.oireachtas.ie/ie/oireachtas/bill/2021/65,https://data.oireachtas.ie/ie/oireachtas/bill/2021/65,65,2021,Trade Union Recognition Bill 2021,Trade Union Recognition Bill 2021,https://data.oireachtas.ie/ie/oireachtas/def/house/dail,Dáil Éireann,Public,Defeated,2021-02-04,2025-05-19,/legislation,2026-07-20,b7cd6c7839e175ff,Second Stage,2021-05-05,33rd Dáil,Defeated,2,1,Richard Boyd Barrett,,https://data.oireachtas.ie/ie/oireachtas/member/id/Richard-Boyd-Barrett.D.2011-03-09,"[""Richard Boyd Barrett""]",[],source_uri_present,2,33,1,https://data.oireachtas.ie/ie/oireachtas/division/house/dail/34/2025-05-14/vote_62,2025-05-14,"Question put: ""That the Bill be now read a Second Time.""",Lost,66,82,0,recorded_division_available,defeated,Defeated,90,Defeated,33rd Dáil,4,4,2,defeated-04,Defeated|Second Stage|33rd Dáil|2021-05-05,editorial_summary_required,certified_debate_available,recorded_vote_evidence_available,2026-09-06T18:41:34.147654+00:00,6
https://data.oireachtas.ie/ie/oireachtas/bill/2020/26,https://data.oireachtas.ie/ie/oireachtas/bill/2020/26,26,2020,Animal Health and Welfare (Ban on Hare Coursing) Bill 2020,Animal Health and Welfare (Ban on Hare Coursing) Bill 2020,https://data.oireachtas.ie/ie/oireachtas/def/house/dail,Dáil Éireann,Public,Defeated,2020-09-02,2026-07-09,/legislation,2026-08-01,c919ecf2d25e6c89,First Stage,2020-09-02,33rd Dáil,,1,7,Paul Murphy,,https://data.oireachtas.ie/ie/oireachtas/member/id/Paul-Murphy.D.2014-10-10,"[""Bríd Smith"",""Catherine Connolly"",""Gino Kenny"",""Joan Collins"",""Mick Barry"",""Paul Murphy"",""Richard Boyd Barrett""]",[],source_uri_present,2,40,1,https://data.oireachtas.ie/ie/oireachtas/division/house/dail/34/2026-07-08/vote_183,2026-07-08,Question put:,Lost,24,125,0,recorded_division_available,defeated,Defeated,90,Defeated,33rd Dáil,4,4,3,defeated-04,Defeated|First Stage|33rd Dáil|2020-09-02,editorial_summary_required,certified_debate_available,recorded_vote_evidence_available,2026-09-06T18:41:34.147654+00:00,6
