review_id,debate_section_id,question_date,to_minister_or_department,answer_status,grouped_answer,referred_or_direct_reply,embedded_table_count,section_heading,answer_text,source_xml_url,human_topic_tags_json,human_answer_characteristics_json,human_missing_topic_notes,reviewer_notes
WPQG001,https://data.oireachtas.ie/akn/ie/debateRecord/dail/2025-01-22/writtens/dbsect_10,2025-01-22,Taoiseach,ministerial_reply_present,False,False,2,Departmental Projects,"The Taoiseach Since the launch of the Shared Island Initiative in 2020, over €500m has been allocated by Government to a range of major cross-border projects and programmes, delivered in cooperation with the Northern Ireland Executive, the UK Government and with Local Authority, Education and Civil Society partners across the island. A full list of Shared Island Fund allocations made by Government to date is provided in tabular form. The Shared Island Unit in the Department of the Taoiseach is coordinating a wide-ranging policy research programme. The most recent Shared Island research by the Economic and Social Research Institute was published on 16 January on Child Poverty on the island of Ireland. A list of research projects commissioned by the Shared Island Unit and published to date is provided in tabular form and all reports are published and available at: www.gov.ie/sharedisland/research. Table 1: Shared Island Fund allocations as of January 2025 Development of two new all-island bioeconomy demonstrator facilities - €7m Taken forward by the Minister for Agriculture, Food and Marine in cooperation with Executive counterpart Pilot cooperation programme on educational attainment - €24m Taken forward by the Minister for Education in cooperation with Executive counterpart Shared Island Enterprise scheme - €30m Taken forward by the Minister for Enterprise, Trade and Employment in cooperation with Executive counterpart Shared Island dimension to Community Climate Action Programme - €3m Taken forward by the Minister for Environment, Climate and Communications Shared Island Civic Society Fund - €2m (total €3m fund including D/FA contribution) Taken forward by the Tánaiste and Minister for Foreign Affairs North South Research Programme contribution (rounds 1 and 2, 2022-2027) - €50m Taken forward by the Minister for Further and Higher Education, Research, Innovation and Science [Information on research funded to date through the Higher Education Authority North South Research Programme is at hea.ie/policy/research-policy/north-south-research-programme ]. Ulster University - new teaching and student services building in Derry - €44.5m Taken forward by the Minister for Further and Higher Education, Research Innovation and Science in cooperation with Executive counterpart and Ulster University All-Island Co-Centres for Research and Innovation contribution - €20m Taken forward by the Minister for Further and Higher Education, Research, Innovation and Science in cooperation with Executive and UK Government counterparts Construction of respite and therapeutic centre for children diagnosed with cancer from across the island - €2.5m Taken forward by the Minister for Health Construction of the Narrow Water Bridge - €107m plus VAT. Taken forward by the Minister for Housing, Local Government and Heritage in cooperation with Executive counterpart Phases 2 and 3 Ulster Canal restoration contribution - €47m Taken forward by the Minister for Housing, Local Government and Heritage in cooperation with Executive counterpart Cross-border innovation hub - €12m - Taken forward by the Minister for Housing, Local Government and Heritage in cooperation with Local Authority partners All-island peatlands and biosecurity projects - €11m Taken forward by Minister for Housing, Local Government and Heritage in cooperation with Executive and Scottish Government counterparts Shared Island Local Authority development funding scheme - €5m Taken forward by the Minister for Housing, Local Government and Heritage Renewed visitor experience at the Battle of the Boyne site - €10m Taken forward by the Minister of State with responsibility for the Office of Public Works Casement Park redevelopment contribution - €50m Taken forward by Minister for Tourism, Culture, Arts, Gaeltacht, Sport and Media in cooperation with Executive counterpart Shared Island dimension to Creative Ireland and cultural heritage projects - €8m Taken forward by the Minister for Tourism, Culture, Arts, Gaeltacht, Sport and Media Tourism brand collaboration project - €7.6m Taken forward by Minister for Tourism, Culture, Arts, Gaeltacht, Sport and Media in cooperation with Executive counterpart All-Island arts capital investment projects - €7.4m Taken forward by the Minister for Tourism, Culture, Arts, Gaeltacht, Sport and Media in cooperation with Executive counterpart Electric Vehicle charging point scheme for Sports Clubs across the island - €15m Taken forward by the Minister for Transport Introduction of an hourly rail service between Dublin and Belfast - €12.5m Taken forward by the Minister for Transport Completion of the cross-border Carlingford Lough Greenway - €1.5m Taken forward by the Minister for Transport in cooperation with Executive counterpart Table 2: Research commissioned by Shared Island Unit, Department of the Taoiseach Economic and Social Research Institute joint research programme on Shared Island: · Synthesis report on learnings from ESRI joint research programme (in progress). · Economic overview of Ireland and Northern Ireland (in progress). · Child Poverty on the island of Ireland (January 2025). · Drivers of Income Inequality in Ireland and Northern Ireland (October 2024). · Gender and Labour Market Inclusion on the Island of Ireland (April 2024). · Contrasting Housing Supply in Ireland, Northern Ireland and the rest of the United Kingdom (January 2024). · Changing Social and Political Attitudes in Ireland and Northern Ireland (November 2023). · Student Mobility in Ireland and Northern Ireland (September 2023). · Migrant Integration in Ireland, North and South (March 2023). · Children’s Care and Early Education in Ireland, North and South (January 2023). · Calculating the Benefit of All-Island Coordination of Energy Infrastructure and Renewable Energy Supports (December 2022). · Modelling Productivity Levels in Ireland and Northern Ireland (November 2022). · A North-South Comparison of Education and Training Systems: lessons for policy (April 2022). · An Analysis of the Primary Care Systems of Ireland and Northern Ireland (March 2022). · Enhancing the Attractiveness of the island of Ireland to High-value Foreign Direct Investment (December 2021). · Cross-border Trade in Services (December 2021). National Economic and Social Council: · Comprehensive Report: Shared Island; Shared Opportunity (April 2022). · Shared Island Collaboration on Climate and Biodiversity (October 2021). Standing Conference on Teacher Education North and South (SCoTENS): · EDUCATE: Educating about Difference Uniting Classrooms and Teacher Education (November 2024). · CRiTERiA: Cultural Responsivity in Teacher Education: Research in Action (October 2024). · SRASI: Shared Responsibility Across a Shared Island (October 2023). · SHARED: Student Hopes: Achievement, Research, Equity and Diversity (October 2022). · BUDDIES: BUilding BriDges, Diminishing Educational DiSadvantage (October 2022). Irish Research Council New Foundations programme (Shared Island strand): 2022 funding call: · Public Policy Agendas on a Shared Island. · Strengthening the regional impact of higher education: a comparative scoping study of regional higher education strategies, policies and provision in the NorthWest of the island of Ireland, Scotland and Wales. · Doing Feminist Legal Work. · An All-Island consortium to foster Educational Neuroscience research and practice. · Towards an Intersectoral All-Island Network for Circular Bioeconomy Entrepreneurship (AINCBE). · Addressing Biodiversity Loss with Sustainable Finance: An All-Island Research Initiative. · Audience Data for Cultural Policy: A Shared Island Approach to the Creative Industries. · All Ireland Rare Disease Inter-Disciplinary Research Network (RAiN). 2021 funding call: · Towards A Fair and Prosperous Island: An All-Island Network to Combat Hate. · Assisting the Irish churches and religious communities to develop values-based common positions on current European issues and to engage with European counterparts. · Appraise Curriculum Content for Entrepreneurship in Secondary Schools. · Negotiating difference on a shared island: agonism, commonality, or critical constitutionalism. · Brexit at the Border: Intergroup Relations on the Shared Island. · Providing a multidisciplinary expert network to promote and support implementation of a circular economy on the island of Ireland, AICEG (All-Island Circular Economy Group). · North South Legal Mapping Project. · Reading Rooms: Fostering Constructive & Inclusive Dialogue Between Communities. · Éire strategy for QUantum Information and TechnologY. · Building Capacity for the Cultural Industries: Towards a Shared-Island Approach. · Exploring the Economic, Political, Societal and Health Benefits of an All-Island Cancer Research Institute (AICRI): Strengthening Collaboration in Cancer Research Throughout the Island of Ireland. Other commissioned research: · A study into the current conditions of the island of Ireland labour market, and challenges and opportunities for effective operation for workers and businesses across the island – commissioned by the Labour Employment Economic Forum Shared Island Working Group (November 2024). · Collaborating on Healthcare on an All-Island Basis – Professor Deirdre Heenan, commissioned as discussion paper contribution for the Shared Island Dialogue on Health (July 2021). Research co-funded by the Shared Island Unit with the Office of Emergency Planning: · Advancing a Focused Cross-Border Approach to Public Service Messaging in Emergency Management (June 2024). · Communicating for Impact: Public Safety Messaging for Border Communities (in progress). · Advancing a Focused All-Island and Cross-Border Approach to Planning for Recovery in Strategic Emergency Management (in progress).",https://data.oireachtas.ie/akn/ie/debateRecord/dail/2025-01-22/writtens/mul@/dbsect_10.xml,,,,
WPQG002,https://data.oireachtas.ie/akn/ie/debateRecord/dail/2025-01-22/writtens/dbsect_100,2025-01-22,Environment,ministerial_reply_present,False,False,0,Renewable Energy Generation,"Minister for the Environment, Climate and Communications The Government has set a target of 80% renewable electricity by 2030, including a specific target of 8 GW of solar capacity. My Department has established two key support schemes to meet these targets, addressing large-scale and smaller-scale generators. The first element, the Renewable Electricity Support Scheme (RESS), is characterised by a series of competitive auctions, with four to date held in 2020, 2022, 2023, and 2024. The RESS support price is set in a competitive auction where successful applicants are offered a two-way support arrangement for a period of up to 16.5 years. This arrangement guarantees developers and consumers a stable electricity price for that period. The scheme is funded via the Public Service Obligation (PSO). The Small-Scale Renewable Electricity Support Scheme (SRESS) also provides financial incentives to develop smaller scale solar and wind energy, and was designed with two support mechanisms to suit two distinct cohorts of applicants. Under SRESS Phase 1, grants are available for renewables self-consumers above 50 kW and up to 1 MW. Renewables self-consumers are electricity customers who produce renewable electricity for their own use. They may then sell or store any excess electricity that they produce, if electricity generation is not their primary business. SRESS Phase 2 targets community, SME and farm export projects above 50kW to 6MW, offering a simpler route to market, with fixed tariffs for solar and wind. As with RESS, this is supported by the PSO. All export projects up to 1MW can also apply to SRESS, and need not be communities, SMEs or farmers. The scheme is due to open for applications on 27 January.",https://data.oireachtas.ie/akn/ie/debateRecord/dail/2025-01-22/writtens/mul@/dbsect_100.xml,,,,
WPQG003,https://data.oireachtas.ie/akn/ie/debateRecord/dail/2025-01-22/writtens/dbsect_1000,2025-01-22,Agriculture,ministerial_reply_present,False,False,4,Departmental Staff,"Minister for Agriculture, Food and the Marine (Deputy Charlie McConalogue) I am satisfied that my Department properly implements the provisions of Circular 4/2013 in respect of staff returning from career breaks. Staff returning from career breaks are included in workforce planning considerations with a view to filling any appropriate existing or forthcoming vacancies in my Department. The Department has reassigned any staff returning from career breaks during this period without any undue delays. Any extensions to career breaks granted were requested by staff members. The information requested in respect of staff on career breaks in 2023 and 2024 is set out in tabular form below. Staff who commenced Career break prior to 2023 but who were still on career break in 2023/2024: Grade Career Break Length (yrs) Clerical Officer 5 Agricultural Inspector 5 Agricultural Inspector 5 ASSISTANT AGRICULTURAL INSPECTOR 2 ASSISTANT AGRICULTURAL INSPECTOR 3 ASSISTANT AGRICULTURAL INSPECTOR 3 Assistant Harbour Master 2 ASSISTANT PRINCIPAL 1 Clerical Officer 4 Clerical Officer 5 Clerical Officer 5 Clerical Officer 3 Clerical Officer 1 EXECUTIVE OFFICER 5 EXECUTIVE OFFICER 2 EXECUTIVE OFFICER 2 EXECUTIVE OFFICER 3 EXECUTIVE OFFICER 2 EXECUTIVE OFFICER 3 EXECUTIVE OFFICER 3.6 EXECUTIVE OFFICER 2 Forestry Inspector Grade 3 3 General Operative 5 HIGHER EXECUTIVE OFFICER 5 Laboratory Analyst 3 Laboratory Analyst 5 Research Officer 8 SUPERINTENDING VETERINARY INSPECTOR 10 Veterinary Inspector 5 Veterinary Inspector 5 Staff who commenced Career break in 2023/2024 by month, grade and career break length: Year of Career Break Career Break Start Month Grade Career Break Length (yrs) 2023 Jan Clerical Officer 3 ADMINISTRATIVE OFFICER 2 ASSISTANT AGRICULTURAL INSPECTOR 3 HIGHER EXECUTIVE OFFICER 5 Feb Veterinary Inspector 2 Mar EXECUTIVE OFFICER 1 Apr General Operative 1 EXECUTIVE OFFICER 1.6 May Clerical Officer 1.6 Clerical Officer 2 Jun Clerical Officer 2 Veterinary Inspector 3.5 Jul ASSISTANT PRINCIPAL 1 ASSISTANT PRINCIPAL 2 ASSISTANT AGRICULTURAL INSPECTOR 1.6 EXECUTIVE OFFICER 1.6 EXECUTIVE OFFICER 2 Aug TECHNICAL AGRICULTURAL OFFICER 3 ASSISTANT PRINCIPAL 2 Laboratory Analyst 2 Assistant Secretary 1 Sep Senior Laboratory Analyst 2 Senior Research Officer 1 Senior Laboratory Analyst 3 Veterinary Inspector 8 months Oct Clerical Officer 6 months Nov ASSISTANT AGRICULTURAL INSPECTOR 1 Veterinary Inspector 1 Clerical Officer 1 Dec ADMINISTRATIVE OFFICER 1.5 Clerical Officer 1 2024 Jan Clerical Officer 3.9 Feb Principal Officer 3 TECHNICAL AGRICULTURAL OFFICER 1 General Operative 1 EXECUTIVE OFFICER 1 Apr Clerical Officer 2 May SUPERINTENDING VETERINARY INSPECTOR 5 Laboratory Analyst 2 Clerical Officer 1 Jun ASSISTANT AGRICULTURAL INSPECTOR 1 SEROLOGICAL ASSISTANT 1 Jul Clerical Officer 1 EXECUTIVE OFFICER 2 Aug Clerical Officer 1 Clerical Officer 2 Sep HIGHER EXECUTIVE OFFICER 1 TECHNICAL AGRICULTURAL OFFICER 0.8 Oct ADMINISTRATIVE OFFICER 1.8 Laboratory Analyst 2 ASSISTANT AGRICULTURAL INSPECTOR 1 Clerical Officer 1 TECHNICAL AGRICULTURAL OFFICER 1 Nov Laboratory Analyst 1 Dec Laboratory Analyst 0.6 HIGHER EXECUTIVE OFFICER 2 TECHNICAL AGRICULTURAL OFFICER 1 There are no officers in my Department who fall within the parameters of being on a career break for longer than five and six years in 2023 and 2024. I am satisfied that my Department properly implements the provisions of Circular 4/2013 in respect of staff returning from career breaks. Staff returning from career breaks are included in workforce planning considerations with a view to filling any appropriate existing or forthcoming vacancies in my Department. The Department has reassigned any staff returning from career breaks during this period without any undue delays. Any extensions to career breaks granted were requested by staff members. The information requested in respect of staff on career breaks in 2023 and 2024 is set out in tabular form below. Staff who commenced Career break prior to 2023 but who were still on career break in 2023/2024: Grade Career Break Length (yrs) Clerical Officer 5 Agricultural Inspector 5 Agricultural Inspector 5 ASSISTANT AGRICULTURAL INSPECTOR 2 ASSISTANT AGRICULTURAL INSPECTOR 3 ASSISTANT AGRICULTURAL INSPECTOR 3 Assistant Harbour Master 2 ASSISTANT PRINCIPAL 1 Clerical Officer 4 Clerical Officer 5 Clerical Officer 5 Clerical Officer 3 Clerical Officer 1 EXECUTIVE OFFICER 5 EXECUTIVE OFFICER 2 EXECUTIVE OFFICER 2 EXECUTIVE OFFICER 3 EXECUTIVE OFFICER 2 EXECUTIVE OFFICER 3 EXECUTIVE OFFICER 3.6 EXECUTIVE OFFICER 2 Forestry Inspector Grade 3 3 General Operative 5 HIGHER EXECUTIVE OFFICER 5 Laboratory Analyst 3 Laboratory Analyst 5 Research Officer 8 SUPERINTENDING VETERINARY INSPECTOR 10 Veterinary Inspector 5 Veterinary Inspector 5 Staff who commenced Career break in 2023/2024 by month, grade and career break length: Year of Career Break Career Break Start Month Grade Career Break Length (yrs) 2023 Jan Clerical Officer 3 ADMINISTRATIVE OFFICER 2 ASSISTANT AGRICULTURAL INSPECTOR 3 HIGHER EXECUTIVE OFFICER 5 Feb Veterinary Inspector 2 Mar EXECUTIVE OFFICER 1 Apr General Operative 1 EXECUTIVE OFFICER 1.6 May Clerical Officer 1.6 Clerical Officer 2 Jun Clerical Officer 2 Veterinary Inspector 3.5 Jul ASSISTANT PRINCIPAL 1 ASSISTANT PRINCIPAL 2 ASSISTANT AGRICULTURAL INSPECTOR 1.6 EXECUTIVE OFFICER 1.6 EXECUTIVE OFFICER 2 Aug TECHNICAL AGRICULTURAL OFFICER 3 ASSISTANT PRINCIPAL 2 Laboratory Analyst 2 Assistant Secretary 1 Sep Senior Laboratory Analyst 2 Senior Research Officer 1 Senior Laboratory Analyst 3 Veterinary Inspector 8 months Oct Clerical Officer 6 months Nov ASSISTANT AGRICULTURAL INSPECTOR 1 Veterinary Inspector 1 Clerical Officer 1 Dec ADMINISTRATIVE OFFICER 1.5 Clerical Officer 1 2024 Feb Principal Officer 3 TECHNICAL AGRICULTURAL OFFICER 1 General Operative 1 EXECUTIVE OFFICER 1 Apr Clerical Officer 2 May SUPERINTENDING VETERINARY INSPECTOR 5 Laboratory Analyst 2 Clerical Officer 1 Jun ASSISTANT AGRICULTURAL INSPECTOR 1 SEROLOGICAL ASSISTANT 1 Jul Clerical Officer 1 EXECUTIVE OFFICER 2 Aug Clerical Officer 1 Clerical Officer 2 Sep HIGHER EXECUTIVE OFFICER 1 TECHNICAL AGRICULTURAL OFFICER 0.8 Oct ADMINISTRATIVE OFFICER 1.8 Laboratory Analyst 2 ASSISTANT AGRICULTURAL INSPECTOR 1 Clerical Officer 1 TECHNICAL AGRICULTURAL OFFICER 1 Nov Laboratory Analyst 1 Dec Laboratory Analyst 0.6 HIGHER EXECUTIVE OFFICER 2 TECHNICAL AGRICULTURAL OFFICER 1 There are no officers in my Department who fall within the parameters of being on a career break for longer than five and six years in 2023 and 2024.",https://data.oireachtas.ie/akn/ie/debateRecord/dail/2025-01-22/writtens/mul@/dbsect_1000.xml,,,,
WPQG004,https://data.oireachtas.ie/akn/ie/debateRecord/dail/2025-01-22/writtens/dbsect_1058,2025-01-22,Children,ministerial_reply_present,False,False,0,Housing Schemes,"Minister for Children, Equality, Disability, Integration and Youth As part of the State’s humanitarian response to the Ukrainian crisis, the Government has developed a Rapid Build Housing Programme to provide accommodation for families fleeing the war in Ukraine who request it. The programme aims to provide short-term accommodation for up to 2,800 Ukrainians at several sites across Ireland. The Office of Public Works (OPW) is leading the development of this accommodation in conjunction with my Department. The first phase of ten sites is completed with 2,312 residents having moved into their new homes. The cost of each unit is approximately €145,000 (45m² / 484sqft), inclusive of supply, delivery and provision of loose electrical and household items. This is separate to the site development and utility connection costs, etc. relating to the overall development at Clonmel. 82 units are currently envisaged as viable for the site by the Office of Public Works. As the project in Clonmel is still ongoing, it is not possible at this point to specify a final cost figure for the site.",https://data.oireachtas.ie/akn/ie/debateRecord/dail/2025-01-22/writtens/mul@/dbsect_1058.xml,,,,
WPQG005,https://data.oireachtas.ie/akn/ie/debateRecord/dail/2025-01-22/writtens/dbsect_110,2025-01-22,Defence,ministerial_reply_present,False,False,0,Departmental Staff,Tánaiste and Minister for Defence The table below provides a breakdown by month and grade of civil servants in my Department who were on a career break in 2023 or 2024. There have been no instances in my Department where career breaks have been extended longer than five years in 2023 or 2024. Career Break details,https://data.oireachtas.ie/akn/ie/debateRecord/dail/2025-01-22/writtens/mul@/dbsect_110.xml,,,,
WPQG006,https://data.oireachtas.ie/akn/ie/debateRecord/dail/2025-01-22/writtens/dbsect_1214,2025-01-22,Health,ministerial_reply_present,False,False,0,Health Services Waiting Lists,"Minister for Health (Stephen Donnelly) As this question refers to service matters, I have asked the Health Service Executive (HSE) to respond to the Deputy directly, as soon as possible.",https://data.oireachtas.ie/akn/ie/debateRecord/dail/2025-01-22/writtens/mul@/dbsect_1214.xml,,,,
WPQG007,https://data.oireachtas.ie/akn/ie/debateRecord/dail/2025-01-22/writtens/dbsect_134,2025-01-22,Transport,ministerial_reply_present,False,False,0,Road Network,"Minister of State at the Department of Transport In 2024, Transport Infrastructure Ireland was nominated to lead the development of a comprehensive national strategy for the future roll-out and expanded use of safety cameras. A draft of this strategy is expected to be completed in the coming months. The Strategy will cover the use of safety cameras across all aspects of the road network, with the objective of saving lives by reducing unsafe driver behaviours that can be detected using existing and proven camera-based technologies. The Strategy will focus on speed, red light and bus lane cameras in the initial phase. However, it is being designed to allow for the enforcement of other violations in the future, such as mobile phone use and not wearing seat belts. It is expected that legislative amendment will be required to allow for future camera enforcement in these areas. In the short-term and as announced last year, pending the finalisation of the strategy and overarching camera framework that will inform the wider deployment of average speed zones where appropriate, Transport Infrastructure Ireland is collaborating with An Garda Síochána and relevant Local Authorities on the deployment of three new average speed camera zones. The first two of these zones came into operation on the N3 in Cavan and N5 in Mayo last October and the third location, on the N2 in Meath, is expected to enter operation this quarter. Notwithstanding the work ongoing noted above to develop a comprehensive strategy, the deployment of further average speed zones under the existing legislation is a matter for An Garda Síochána to determine and to enforce.",https://data.oireachtas.ie/akn/ie/debateRecord/dail/2025-01-22/writtens/mul@/dbsect_134.xml,,,,
WPQG008,https://data.oireachtas.ie/akn/ie/debateRecord/dail/2025-01-22/writtens/dbsect_1598,2025-01-22,Further and Higher Education,ministerial_reply_present,False,False,3,Departmental Staff,"Minister for Further and Higher Education, Research, Innovation and Science The number of staff from my Department who were on a career break in 2023 and 2024, is set out in the below tables. The information in respect of state bodies, within the scope of the Deputy’s question, is not held by my Department. Contact details for these bodies are set out in the third table below, should the Deputy wish to contact the aegis bodies directly with his query. 2023 Grade Full-time equivalent Start date(s) Ongoing Principal Officer 1 25/11/2022 Yes Administrative Officer 2 06/09/2021 16/10/2023 No Yes Executive Officer 0.5 05/12/2022 Yes 2024 Grade Full-time equivalent Start date(s) Ongoing Principal Officer 1 25/11/2022 Yes Higher Executive Officer 1 08/01/2024 No Administrative Officer 2 16/10/2023 30/08/2024 Yes Yes Executive Officer 0.5 05/12/2022 Yes Note: Some staff who were on a career break in 2023 were still on career break in 2024 and are therefore included under both years. Please note that the data is representative of staff FTE (full time equivalent hours). As my Department was established in August 2020, there are no staff members on a career break for longer than five years or longer than six years, in 2023 or 2024. Contact E-Mail Addresses for State Bodies under the Remit of the Department of Further and Higher Education, Research, Innovation and Science Name of Body Dedicated Email address for the Members of the Oireachtas Designated Official Responsible for assisting Oireachtas Members Higher Education Authority Oireachtas@hea.ie Padraic Mellett* Irish Research Council( Note 1) Oireachtas@research.ie Padraic Mellett* Grangegorman Development Agency Communications@ggda.ie nora.rahill@ggda.ie SOLAS oireachtasinfo@solas.ie Maria Walsh maria.walshe@solas.ie Skillnets Ireland oireachtasmembers@skillnetireland.ie tracey.donnery@skillnetireland.ie Quality and Qualifications Ireland ceo@qqi.ie ceo@qqi.ie Léargas – The Exchange Bureau oireachtas@leargas.ie fbroughan@leargas.ie Science Foundation Ireland ciara.cotter@sfi.ie Ciara Cotter Note 1 – In regard to the Higher Education Authority (HEA) and the Irish Research Council (IRC) as the IRC operates under the auspices of the HEA. Mr Mellett will address Oireachtas queries for both the HEA and IRC. Please use Oireachtas@hea.ie and Oireachtas@research.ie respectively to contact Mr Mellett.",https://data.oireachtas.ie/akn/ie/debateRecord/dail/2025-01-22/writtens/mul@/dbsect_1598.xml,,,,
WPQG009,https://data.oireachtas.ie/akn/ie/debateRecord/dail/2025-01-22/writtens/dbsect_16,2025-01-22,Foreign,ministerial_reply_present,True,False,0,Departmental Staff,"Tánaiste and Minister for Foreign Affairs I propose to take Questions Nos. 15 and 17 together. I am fully satisfied that the provisions of Circular 4/2013 (Career Break Scheme in the Civil Service) are being properly implemented by my Department. Civil servants on career break are required to comply with the provisions of the circular and once a notification of a return from career break is received by my Department, the officer’s assignment is then confirmed. I am not aware of any recent case where an officer has had a career break extended unnecessarily. When civil servants notify the Department of their intention to return from career break, an offer of a position at their respective grade is made by the Department within the guidelines set out in Circular 4/2013. In exceptional circumstances an officer may be granted an additional career break without the required period of service between career breaks, in line with the procedures outlined in the circular. The tables below indicate the number of officers of career break across 2023 and 2024, and the duration of these career breaks. Officers on Career Break",https://data.oireachtas.ie/akn/ie/debateRecord/dail/2025-01-22/writtens/mul@/dbsect_16.xml,,,,
WPQG010,https://data.oireachtas.ie/akn/ie/debateRecord/dail/2025-01-22/writtens/dbsect_1645,2025-01-22,Rural,ministerial_reply_present,False,False,1,Departmental Staff,"Minister for Rural and Community Development My Department has seven staff members who took a career break which included all or part of 2023 or 2024. The table below shows the grades, and the dates and duration of these career breaks. Grade Career Break From Career Break To Length of Career Break Administrative Officer 09.03.2022 11.03.2024 2 Years Administrative Officer 02.09.2022 01.03.2025 Due to be 2 years 6 months Assistant Principal 01.09.2021 03.03.2025 Due to be 3 years 6 months Assistant Principal 12.10.2024 13.04.2025 Due to be 6 months Clerical Officer 12.09.2023 08.09.2025 Due to be 2 years Clerical Officer 22.03.2024 20.03.2026 Due to be 2 years Executive Officer 15.06.2022 15.06.2025 Due to be 3 years No staff in my department have been on a career break lasting longer than five years. While the granting of career breaks is an operational matter for agencies under our aegis, I can confirm that they do not have any staff on career break as outlined.",https://data.oireachtas.ie/akn/ie/debateRecord/dail/2025-01-22/writtens/mul@/dbsect_1645.xml,,,,
WPQG011,https://data.oireachtas.ie/akn/ie/debateRecord/dail/2025-01-22/writtens/dbsect_312,2025-01-22,Finance,ministerial_reply_present,False,False,0,An Garda Síochána,"Minister for Finance As the Deputy will appreciate, the introduction of any new tax expenditure measure takes place in the context of the annual Budget and Finance Bill process. Proposals for tax expenditure measures are assessed in accordance with my Department's Tax Expenditure Guidelines. These make clear that any policy proposal which involves tax expenditures should only occur in limited circumstances where there are demonstrable market failures and where a tax-based incentive is more efficient than a direct expenditure intervention. Furthermore, I must always be mindful of the public finances and the many demands on the Exchequer. Tax reliefs, no matter how worthwhile in themselves, lead to a narrowing of the tax base and a strong and convincing case for the benefits and outcomes needs to be articulated in order for due consideration to be given for the commitment of scarce taxpayer resources for such reliefs. Finally, in relation to proposals which would benefit certain classes of taxpayers over others, I must also be mindful for the need for tax equity. I have no plans at present for a tax measure along the lines suggested by the Deputy.",https://data.oireachtas.ie/akn/ie/debateRecord/dail/2025-01-22/writtens/mul@/dbsect_312.xml,,,,
WPQG012,https://data.oireachtas.ie/akn/ie/debateRecord/dail/2025-01-22/writtens/dbsect_350,2025-01-22,Public Expenditure,ministerial_reply_present,False,False,0,Coast Guard Service,"Minister of State at the Department of Public Expenditure, National Development Plan Delivery and Reform The Irish Coast Guard (IRCG), a Division of the Department of Transport, has 44 Units based in 58 Coast Guard Stations. The Coast Guard building programme, which includes the provision of new or upgraded facilities at a number of locations across the country, is managed by the Office of Public Works (OPW) on behalf of the Department of Transport, who fund the programme. The Cleggan Unit is a priority within the IRCG Building Programme. The OPW identified a potentially suitable site in Cleggan for the IRCG and discussions with the landowner regarding the acquisition of this site are ongoing in light of of the land owners future plans for the development of the overall site. Following any agreement on the transfer of land, the next steps require authorisation of funding by the Department of Transport, completion of the due diligence and acquisition of the preferred site. Once a suitable site is acquired, the OPW will assign a project team to commence the planning and detailed design stages of the project, subject to resources being available. The Cleggan building project is part of a larger project pipeline that involves ongoing high-level collaboration between the OPW and the Department of Transport. This collaboration aims to continue building on the significant progress achieved to date and to ensure a strategic approach to the advancement of the Building Programme.",https://data.oireachtas.ie/akn/ie/debateRecord/dail/2025-01-22/writtens/mul@/dbsect_350.xml,,,,
WPQG013,https://data.oireachtas.ie/akn/ie/debateRecord/dail/2025-01-22/writtens/dbsect_406,2025-01-22,Enterprise,ministerial_reply_present,False,False,0,Artificial Intelligence,"Minister for Enterprise, Trade and Employment The information requested is currently being compiled and will be provided to the Deputy once compiled.",https://data.oireachtas.ie/akn/ie/debateRecord/dail/2025-01-22/writtens/mul@/dbsect_406.xml,,,,
WPQG014,https://data.oireachtas.ie/akn/ie/debateRecord/dail/2025-01-22/writtens/dbsect_447,2025-01-22,Education,ministerial_reply_present,False,False,0,Irish Language,"Minister for Education Work is currently underway in my Department to develop a new policy on Irish-medium education outside of the Gaeltacht. One of the key objectives of this policy, among other things, is examining how the supply of teachers and other staff with a high standard of Irish can be increased to meet demand in Irish-medium education settings. In order to inform the development of the policy, a comprehensive public consultation process was conducted to gather the views of stakeholders, including young people, parents and guardians, education professionals, education stakeholders and Irish-language organisations. Sealbhú, a research centre in DCU, carried out an analysis of the information gathered throughout the consultation and a review of national and international literature. The policy, together with an action plan, is currently being developed by officials of my Department. In developing the policy, my Department is drawing on the various reports prepared by Sealbhú, and on information shared by stakeholders in bilateral meetings and at a consultation event held in September 2024. This information is being considered in light of the existing provision for Irish-medium education and the estimated demand in the education system, questions in relation to teacher supply, as well as the department’s budgetary and legislative context. In terms of the possible reintroduction of any allowance, additional amendments to Teacher Terms and Conditions, can only be achieved through engagement and collective bargaining agreements between the government and the public service unions. The current pay agreement, Public Service Agreement 2024-2026 provides for a local bargaining process to deal with outstanding adjudications, commitments, recommendations, awards and claims which may include allowances. Any further amendments to alter the allowances paid to teachers, whether “new entrant” or not, give rise to significant cost issues and should be part of engagement and collective agreements between unions and government. Matters relating to tax incentives would be better answered by the Minister for Finance.",https://data.oireachtas.ie/akn/ie/debateRecord/dail/2025-01-22/writtens/mul@/dbsect_447.xml,,,,
WPQG015,https://data.oireachtas.ie/akn/ie/debateRecord/dail/2025-01-22/writtens/dbsect_638,2025-01-22,Education,ministerial_reply_present,False,False,1,School Transport,"Minister for Education The School Transport Scheme is a significant operation managed by Bus Éireann on behalf of the Department of Education. In the current school year over 172,500 children, are transported daily in approximately 7,900 vehicles across 10,300 routes daily to primary and post-primary schools throughout the country. These daily trips cover over 100 million kilometres. This figure includes over 143,800 pupils travelling on primary and post primary services, 21,700 pupils with special educational needs, and 6,800 pupils who have arrived to Ireland from Ukraine. The scheme is made up of three separate schemes, the school transport scheme for primary, post primary and for children with special educational needs. Transport is also provided for children who have arrived in Ireland from Ukraine and those residing in IPAS/EROC centres. The total expenditure on the scheme in 2024 was €512m. The purpose of my Department's School Transport Scheme is, having regard to available resources, to support the transport to and from school of children who reside remote from their nearest school. Under the terms of the School Transport Schemes, children are eligible for transport at primary level where they reside not less than 3.2 kms from and are attending their nearest national school. At post primary level, they are eligible where they reside not less than 4.8 kms from and are attending their nearest post primary school/education centre. Distance is determined by the Department/Bus Éireann and rules have regard to ethos and language. Children who are eligible for school transport and who complete the application process on time (apply on time and pay on time) are accommodated on school transport services where such services are in operation and where there is capacity to do so. Children who are not eligible but who apply for school transport are considered for spare seats that may exist after eligible children have been facilitated; such seats are referred to as concessionary seats. Because of the nature of concessionary transport for non-eligible children and the priority of providing places for eligible children, there may be an excess of demand over supply for concessionary places. In these cases Bus Éireann will allocate tickets for spare seats using an agreed selection process. Temporary Alleviation Measures (TAMS) at post primary level are continued for the current school year. Under these measures, transport will be provided where there is a route in operation and where capacity exists for concessionary post primary pupils who are eligible for transport to their nearest school, are attending their second nearest school and who applied and paid on time. In relation to the Deputy's request, Bus Éireann has provided the data in the attached table regarding the number of mainstream school transport tickets issued in the school years 2019/2020 to 2024/25 in County Kerry. The data is accurate as of 31st December of each of the school years from 2019 to 2024. The number of tickets issued includes all mainstream pupils including pupils who have arrived to Ireland from Ukraine and those residing in IPAS/EROC centres. County SCYR1920 SCYR2021 SCYR2122 SCYR2223 SCYR2324 SCYR2425 Kerry 4968 4698 4961 6916 7329 7672",https://data.oireachtas.ie/akn/ie/debateRecord/dail/2025-01-22/writtens/mul@/dbsect_638.xml,,,,
WPQG016,https://data.oireachtas.ie/akn/ie/debateRecord/dail/2025-01-22/writtens/dbsect_651,2025-01-22,Tourism,ministerial_reply_present,False,False,1,Tourist Accommodation,"Minister for Tourism, Culture, Arts, Gaeltacht, Sport and Media (Catherine Martin) The growth of the short term letting sector in recent years is a key aspect of the tourism ecosystem but it has brought with it certain challenges, in particular a lack of data on the short term letting market which impedes authorities’ ability to determine which properties are best placed for tourism and which are more appropriate to the longer term housing market. The proposed Short Term Letting and Tourism (STLT) Bill will provide the statutory basis for the establishment of a register for short term lets in Ireland which will facilitate the production of quality data on short term letting accommodation in each region in the country. However, until that point, it is not possible to provide accurate data on the quantum of such accommodation. Fáilte Ireland has estimated that there are circa 32,000 short term letting properties currently advertised online as outlined below. This estimate is based on online data-scraping from the four largest online booking platforms operating in Ireland. It is important to note that the data cannot be regarded as definitive and that the short term letting register to be established under the proposed STLT Bill will ultimately help to address this information deficit. County November 2024 Carlow 210 Cavan 320 Clare 1,850 Cork 3,010 Donegal 2,980 Dublin 6,680 Galway 3,320 Kerry 3,640 Kildare 480 Kilkenny 480 Laois 240 Leitrim 410 Limerick 510 Longford 120 Louth 430 Mayo 1,800 Meath 610 Monaghan 160 Offaly 200 Roscommon 310 Sligo 660 Tipperary 600 Waterford 710 Westmeath 300 Wexford 1,150 Wicklow 770 Total 31,950",https://data.oireachtas.ie/akn/ie/debateRecord/dail/2025-01-22/writtens/mul@/dbsect_651.xml,,,,
WPQG017,https://data.oireachtas.ie/akn/ie/debateRecord/dail/2025-01-22/writtens/dbsect_679,2025-01-22,Housing,ministerial_reply_present,True,False,2,Departmental Staff,"Minister for Housing, Local Government and Heritage I propose to take Questions Nos. 706 and 708 together. I am satisfied that my Department properly implements the provisions of Circular 4/2013 in respect of staff returning from career breaks. Staff returning from career breaks are included in workforce planning considerations with a view to filling any appropriate existing or forthcoming vacancies in my Department. The Department has reassigned any staff returning from career breaks during this period without any undue delays. Any extensions to career breaks granted were requested by staff members. The information requested in respect of staff on career breaks in 2023 and 2024 is set out in tabular form below. One staff member was on a career break for longer than 5 years in 2023 but subsequently resigned in 2024. Grade End 2023 Length of Career Break End 2024 Length of Career Break HEO 2 7 yrs 5 mths 2 yrs 3 mths 0 Both staff members resigned during 2024 AO 3 2 yrs 2 mths 1 yr 4 mths 6 mths 3 3 yrs 2 mths 2 yrs 4 mths 1 yr 6 mths EO 3 9 mths 6 mths 1 mth 7 1 yr 9 mths 1 yr 6 mths 1 yr 1 mth 8 mths 4 mths 4 mths 2 wks CO 3 2 yrs 9 mths 2 yrs 11 mths 5 3 yrs 9 mths 2 yrs 10 mths (Ended October 2024) 1 yr 11 mths 10 mths 3 weeks Meteorological Officer 1 2 mths 2 10 mths (Ended August 2024) 1 yr (Started 2nd January 2024) Meteorologist 0 1 6 mths (Ended October 2024) Conservation Ranger 0 1 1 mth Total 12 21 The details requested in relation to bodies under the aegis of my Department are a matter for the individual bodies concerned. Arrangements have been put in place by each Agency to facilitate the provision of information by State Bodies directly to members of the Oireachtas. The contact email addresses for each agency are set out in the table below: Bodies under the Aegis of DHLGH Oireachtas email An Bord Pleanála oireachtasqueries@pleanala.ie An Fóram Uisce oireachtas@nationalwaterforum.ie Approved Housing Bodies Regulatory Authority oireachtasqueries@ahbregulator.ie Docklands Oversight and Consultative Forum infodocklands@dublincity.ie Electoral Commission oireachtas@electoralcommission.ie Gas Networks Ireland oireachtas@gasnetworks.ie Heritage Council oireachtas@heritagecouncil.ie Housing and Sustainable Communities Agency Oireachtas@housingagency.ie Housing Finance Agency oireachtas.enquiries@hfa.ie Land Development Agency oireachtas@lda.ie Local Government Management Agency oireachtasmemberqueries@lgma.ie National Oversight and Audit Commission oireachtas@noac.ie National Traveller Accommodation Consultative Committee ntacc@housing.gov.ie Office of the Planning Regulator oireachtas@opr.ie Pyrite Resolution Board oireachtasinfo@pyriteboard.ie Residential Tenancies Board OireachtasMembersQueries@rtb.ie Tailte Éireann Oireachtas@tailte.ie Uisce Éireann oireachtasmembers@water.ie Valuation Tribunal oireachtas@valuationtribunal.ie Waterways Ireland oireachtas@waterwaysireland.org",https://data.oireachtas.ie/akn/ie/debateRecord/dail/2025-01-22/writtens/mul@/dbsect_679.xml,,,,
WPQG018,https://data.oireachtas.ie/akn/ie/debateRecord/dail/2025-01-22/writtens/dbsect_785,2025-01-22,Social,ministerial_reply_present,False,False,0,Social Welfare Appeals,"Minister for Social Protection The Department is committed to providing a quality service to all its customers. This includes ensuring that applications are processed and that decisions on entitlement are made as quickly as possible. Processing times vary across schemes, depending on the differing eligibility criteria. Schemes that require a high level of documentary evidence from the customer, particularly in the case of illness-related schemes, can take longer to process. Similarly, means-tested schemes can also require more detailed investigations and interaction with the customer, thereby lengthening the decision-making process. Disability Allowance (DA) is a weekly allowance paid to people with a specified disability who are aged 16 or over and under the age of 66. This disability must be expected to last for at least one year and the allowance is subject to a medical assessment, means test and Habitual Residency conditions. I am pleased to inform the Deputy that the average number of weeks to award a Disability Allowance claim is consistently 6 weeks which is well inside the average target processing time target for the scheme of 10 week. The Department continues to work hard to ensure we maintain this good outcome . Carer's allowance (CA) is a means-tested social assistance payment made to a person who is habitually resident in the State and who is providing full-time care and attention to a child or an adult who has such a disability that as a result they require that level of care. Again the average number of weeks to award a Carer's Allowance claim is consistently 7 weeks which is well inside its processing 10 week target. To enable the Department to make timely and fair decisions on applications, applicants should ensure that they complete the application form fully and attach all the supporting documentation required as per the checklist provided on the application form. It is particularly important that an applicant provides, at the outset, all the details they have in relation to their medical conditions to best support their claim. This will eliminate the requirement for a Deciding Officer to have to revert to an applicant for clarifications or missing information and reduce the overall processing time. The Social Welfare Appeals Office is an Office of the Department of Social Protection which is responsible for determining appeals against decisions in relation to social welfare entitlements. From January 2024 to November 2024 the average processing time for a Disability Allowance Appeal was 21.1 weeks and 23.9 weeks for a Carers Allowance appeal. Significant efforts and resources have been devoted to improvements in the appeal process in recently. The desire to process appeals quickly has to be balanced with the competing demand to ensure that decisions are consistent and of high quality and made in accordance with the legislative provisions and the general principles of fair procedures and natural justice. Improvements in appeals processing times are a priority for the Chief Appeals Officer. I trust this clarifies the matter for the Deputy.",https://data.oireachtas.ie/akn/ie/debateRecord/dail/2025-01-22/writtens/mul@/dbsect_785.xml,,,,
WPQG019,https://data.oireachtas.ie/akn/ie/debateRecord/dail/2025-01-22/writtens/dbsect_853,2025-01-22,Justice,ministerial_reply_present,False,False,0,Immigration Support Services,"Minister for Justice I can inform the Deputy that, since 13 January 2025, all nationwide first-time registrations of Irish immigration residence permissions are the responsibility of the Registration Office of the Immigration Service Delivery (ISD) of my Department. Furthermore, since October 2024, all renewals of immigration permissions transferred to ISD of my Department, meaning that applicants from across the country no longer have to attend in person at their local Garda Station. Prior to this, over 100 Gardaí were assigned to immigration duties. The civilianisation process has released valuable Garda hours to focus more on operational matters such as investigations and deportations. To book an appointment to register a first time immigration permission, the applicant can create an account, or log into an existing account, on the ISD Digital Contact Centre (DCC). Over 10,000 appointments have been booked on the new system since it went live. There is also a Helpdesk function available to assist applicants with any queries. I have my officials to contact the Deputy with regard to any specific cases she is aware of.",https://data.oireachtas.ie/akn/ie/debateRecord/dail/2025-01-22/writtens/mul@/dbsect_853.xml,,,,
WPQG020,https://data.oireachtas.ie/akn/ie/debateRecord/dail/2025-02-05/writtens/dbsect_1008,2025-02-05,Health,ministerial_reply_present,False,True,0,Health Services,"Minister for Health As this is a service matter, I have asked the Health Service Executive to respond to the Deputy directly, as soon as possible.",https://data.oireachtas.ie/akn/ie/debateRecord/dail/2025-02-05/writtens/mul@/dbsect_1008.xml,,,,
WPQG021,https://data.oireachtas.ie/akn/ie/debateRecord/dail/2025-02-05/writtens/dbsect_1238,2025-02-05,Health,ministerial_reply_present,False,True,0,Health Service Executive,"Minister for Health As this is a service matter, I have asked the Health Service Executive to respond to the Deputy directly, as soon as possible.",https://data.oireachtas.ie/akn/ie/debateRecord/dail/2025-02-05/writtens/mul@/dbsect_1238.xml,,,,
WPQG022,https://data.oireachtas.ie/akn/ie/debateRecord/dail/2025-02-25/writtens/dbsect_666,2025-02-25,Children,ministerial_reply_present,True,False,0,International Protection,"Minister for Children, Equality, Disability, Integration and Youth Thank you for your question, Deputy. A response will be provided directly to you in the coming days.",https://data.oireachtas.ie/akn/ie/debateRecord/dail/2025-02-25/writtens/mul@/dbsect_666.xml,,,,
WPQG023,https://data.oireachtas.ie/akn/ie/debateRecord/dail/2025-03-04/writtens/dbsect_450,2025-03-04,Justice,ministerial_reply_present,False,False,2,Departmental Bodies,"Minister for Justice My Department has responsibility for public policy in respect of the security of the State and public safety, including the prevention and detection of crime, the criminal justice system, the administration of justice, the management of inward migration and international protection processes, the provision of important regulatory services and ongoing reform of civil and criminal law. My Department directly employs over 3,500 staff. This includes over 2,400 staff in the core Department and 1,150 in agencies staffed by the Department. The Secretary General is the Administrative Head of the Department. The Department is organised on functional lines under two policy pillars, Civil Justice and Criminal Justice each headed by a Deputy Secretary, and a central support pillar. A breakdown of the current organisation of the business units within these three pillars which are in turn headed by Assistant Secretaries and/or Directors has been set out in tabular form below: Criminal Justice Pillar Central Pillar Civil Justice Pillar Criminal Governance Change, Technology & Innovation (CTI) Civil Governance Criminal Legislation Corporate Civil Legislation Criminal Policy Transparency Civil Policy Service Delivery European Affairs Immigration Service Delivery Security & Northern Ireland The contact details for my Department are as follows. General queries can be sent to info@justice.ie or minister@justice.ie. Queries in relation to the status of individual immigration cases may be made directly to my Department by email using the Oireachtas Mail facility at IMoireachtasmail@justice.ie which has been specifically established for this purpose. The contact information of the bodies under the aegis of my Department are listed below, in tabular form: - Contact Information Civil Justice Agencies/Bodies Courts Service Website: https://www.courts.ie/ Email: oireachtasenquiries@courts.ie Data Protection Commission Website: https://www.dataprotection.ie/en Email: oireachtasqueries@dataprotection.ie Irish Film Classification Office Website: https://www.ifco.ie/ Email: info@ifco.gov.ie Insolvency Service of Ireland Website: https://www.gov.ie/en/organisation/32f6d-insolvency-service-of-ireland/ Email: Oireachtasmembers@isi.gov.ie Judicial Council Website: https://judicialcouncil.ie/ Email: oireachtasenquiries@courts.ie Legal Aid Board Website: https://www.legalaidboard.ie/en/ Email: oireachtas_enq@legalaidboard.ie Legal Services Regulatory Authority Website: https://www.lsra.ie/ Email: lsra-oir@lsra.ie Property Services Regulatory Authority Website: https://www.psr.ie/ Email: info@psr.ie Dublin Coroner's Website: https://www.dublincoronerscourt.ie/ Email: dublincoroner@justice.ie International Protection Appeals Tribunal Website: https://www.protectionappeals.ie/ Email: ipatoireachtasmail@protectionappeals.ie Criminal Injuries Compensation Tribunal Website: https://www.gov.ie/criminalinjuries/ Email: criminalinjuries@justice.ie Criminal Justice Agencies/Bodies Cuan Website: https://www.gov.ie/en/campaigns/09288-cuan/ Email: oireachtas@cuanagency.ie An Garda Síochána Website: https://www.garda.ie/en/ Email: JusticeLiason@garda.ie Criminal Assets Bureau Website: https://www.cab.ie/ Email: info@cab.ie Forensic Science Ireland Website: https://forensicscience.ie/ Email: info@fsi.gov.ie Garda Síochána Inspectorate Website: https://www.gsinsp.ie/ Email: info@gsinsp.ie Garda Síochána Ombudsman Commission Website: https://www.gardaombudsman.ie/ Email: oireachtas@gsoc.ie Policing Authority Website: https://www.policingauthority.ie/en Email: oireachtas@policingauthority.ie Irish Prison Service Website: https://www.irishprisons.ie/ Email: info@irishprisons.ie Office of the Inspector of Prisons Website: https://www.oip.ie/ Email: oireachtas@oip.ie Office of the State Pathologist Website:https://www.gov.ie/en/publication/20e64-office-of-the-state-pathologist Email: osp@statepathology.gov.ie Parole Board Website: https://www.gov.ie/en/organisation/parole-board/ Email: oireachtasqueries@paroleboard.gov.ie Private Security Authority Website: https://www.psa-gov.ie/ Email: oireachtas@psa-gov.ie Probation Service Website: https://www.probation.ie/ Email: oireachtas@probation.ie",https://data.oireachtas.ie/akn/ie/debateRecord/dail/2025-03-04/writtens/mul@/dbsect_450.xml,,,,
WPQG024,https://data.oireachtas.ie/akn/ie/debateRecord/dail/2025-03-05/writtens/dbsect_215,2025-03-05,Health,unresolved_structure,False,False,0,Assisted Human Reproduction,,https://data.oireachtas.ie/akn/ie/debateRecord/dail/2025-03-05/writtens/mul@/dbsect_215.xml,,,,
WPQG025,https://data.oireachtas.ie/akn/ie/debateRecord/dail/2025-03-19/writtens/dbsect_1528,2025-03-19,Health,ministerial_reply_present,False,True,0,Mental Health Services,"Minister of State at the Department of Health As this is a service matter , I have asked the Health Service Executive to respond directly to the Deputy as soon as possible.",https://data.oireachtas.ie/akn/ie/debateRecord/dail/2025-03-19/writtens/mul@/dbsect_1528.xml,,,,
WPQG026,https://data.oireachtas.ie/akn/ie/debateRecord/dail/2025-03-19/writtens/dbsect_891,2025-03-19,Justice,ministerial_reply_present,False,False,1,Departmental Expenditure,"Minister for Justice Under the Garda Síochána Act 2005 (as amended), the Garda Commissioner is responsible for the administration and management of An Garda Síochána, including the enforcement of road traffic legislation. The Commissioner is also responsible for procurement and related contract management. I have made enquiries in relation to the fixed speed camera referenced by the Deputy. I am informed that the new Safety Camera being installed on the R772 north of Gorey is part of a Pilot Scheme being undertaken by An Garda Síochána (AGS). Nine locations were identified on the national and regional road network around the country where new Fixed-Point and Average Speed cameras are to be installed. Wexford County Council are assisting AGS with the installation of this new Safety Camera and Pole on the R772. The civil works for the new camera are due to be completed shortly ahead of the safety camera being commissioned and going operational at this location. The Department of Transport has informed me that the cost of the installation of this camera was borne by Wexford County Council (WCC) and their appointed contractors. The table below outlines these costs. Works Cost Civil Works, including ducting, installation of foundation anchor piece, provision of concrete base for Micro Pillar €14,500 ESB connection and associated works €5,500 Electrical contractor services €5,500 Purchase and Installation of advance warning signage €2,000 Associated Traffic Management costs €6,000 Total €33,500 I am informed by the Garda authorities that additional installation and commissioning costs are required from GoSafe in order to make the camera operational. The cost of this service is commercially sensitive. An Garda Síochána is currently in the process of procuring additional cameras for deployment nationally.",https://data.oireachtas.ie/akn/ie/debateRecord/dail/2025-03-19/writtens/mul@/dbsect_891.xml,,,,
WPQG027,https://data.oireachtas.ie/akn/ie/debateRecord/dail/2025-03-25/writtens/dbsect_431,2025-03-25,Children,ministerial_reply_present,True,False,0,Childcare Services,"Minister for Children, Equality, Disability, Integration and Youth I propose to take Questions Nos. 644 and 645 together. The regulation of early years services is dealt with in Part VIIA of the Child Care Act 1991. The Act defines a 'school-age service' as one which: • caters for children under the age of 15 years enrolled in a school providing primary or post-primary education, • provides a range of activities that are developmental, educational and recreational in manner, which take place outside of school hours, the primary purpose of which is to care for children where their parents are unavailable, and • the basis for access to which is made publicly known to the parents and guardians of the children referred to in paragraph (a) of this definition. The definition of a school age service also excludes a number of services including those solely providing activities relating to the arts, youth work, competitive or recreational sport, tuition or religious teaching. There has been no change to this definition since amendments were introduced through the Childcare Support Act 2018. As a result of this definition in primary legislation, in order to attend a school-age childcare service a child must be under the age of 15 and enrolled in a school providing primary or post-primary education. Pre-school services operate under different regulations from those that apply to school-age services. Section 58A of the Child Care Act 1991 defines a 'pre-school child' as a child who has not attained the age of six years and who is not attending a recognised school. The different regulations that govern services for pre-school children safeguard appropriate care ratios and ensure that staffing levels meet the developmental needs of children in the particular service type. School-age childcare services are required to operate within regulatory minimum adult-to-child ratios as set out in the Child Care Act 1991 (Early Years Services) (Registration of School Age Services) Regulations 2018. The prescribed ratio is the minimum number of adults required to supervise, care for and work directly with the children in the service. The introduction of School-Age Childcare Regulations in 2018 was an important step in ensuring oversight and quality assurance of school-age childcare services, which is in the best interests of the children and families who use these services. In setting regulatory requirements, the primary consideration must be children’s health, safety and well-being, and these were the primary factors considered when setting a minimum 1:12 adult-to-child ratio in the Regulations for school-age childcare. The 1:12 ratio was agreed following consultation with an expert group on school-age childcare standards, which included a range of sector representatives among its members. My Department has recently commenced the process of drafting comprehensive regulations for school-age childcare services, building on the initial 2018 registration regulations. As part of this process, my Department is also reviewing the legislation underpinning the regulation of school-age childcare. The drafting process will include further public consultation, building on the public consultation previously undertaken in 2019. I am looking forward to engaging with the sector and relevant stakeholders in the coming months on this matter. Tusla, the independent statutory regulator for early years services, including pre-school, childminding and school-age services, is responsible for maintaining the register of services, inspection and where necessary, enforcement under the Child Care Act 1991. The recent Regulatory Notice issued by Tusla re-states the existing legislation.",https://data.oireachtas.ie/akn/ie/debateRecord/dail/2025-03-25/writtens/mul@/dbsect_431.xml,,,,
WPQG028,https://data.oireachtas.ie/akn/ie/debateRecord/dail/2025-04-01/writtens/dbsect_536,2025-04-01,Children,ministerial_reply_present,False,True,0,Care Services,"Minister for Children, Equality, Disability, Integration and Youth As this relates to information held by Tusla, the Child and Family Agency, the question has been forwarded to the Agency for direct reply to the Deputy.",https://data.oireachtas.ie/akn/ie/debateRecord/dail/2025-04-01/writtens/mul@/dbsect_536.xml,,,,
WPQG029,https://data.oireachtas.ie/akn/ie/debateRecord/dail/2025-04-01/writtens/dbsect_689,2025-04-01,Health,ministerial_reply_present,False,True,0,Mortality Rates,"Minister for Health As this is a service matter, I have asked the Health Service Executive to respond to the Deputy directly, as soon as possible.",https://data.oireachtas.ie/akn/ie/debateRecord/dail/2025-04-01/writtens/mul@/dbsect_689.xml,,,,
WPQG030,https://data.oireachtas.ie/akn/ie/debateRecord/dail/2025-04-08/writtens/dbsect_893,2025-04-08,Health,ministerial_reply_present,False,True,0,Hospital Waiting Lists,"Minister for Health As this is a service matter, I have asked the Health Service Executive to respond directly to the Deputy as soon as possible.",https://data.oireachtas.ie/akn/ie/debateRecord/dail/2025-04-08/writtens/mul@/dbsect_893.xml,,,,
WPQG031,https://data.oireachtas.ie/akn/ie/debateRecord/dail/2025-04-29/writtens/dbsect_1391,2025-04-29,Justice,ministerial_reply_present,False,False,1,An Garda Síochána,"Minister for Justice The Community Safety Innovation Fund was launched in 2021 to reinvest proceeds of crime returned to the exchequer by the Criminal Assets Bureau (CAB) back into communities, in order to fund innovative local projects aimed at building stronger, safer communities. The Fund has since been renamed the Community Safety Fund (CSF). The CSF plays a vital role in directing the proceeds of crime into community projects designed to enhance safety and security. Additionally, it reflects and highlights the successes of An Garda Síochána and the Criminal Assets Bureau in seizing the proceeds from criminal activity. The annual fund allows for the proceeds of crime to be directed into local projects, to support and enhance community safety. Investing this money back into the community is a tangible way of showing that there can be a direct link between the activities of law enforcement and building stronger, safer communities. The CSF encourages and supports the development of ways in which to improve community safety from those people who best understand the needs in their locality. The 2025 Fund, which is currently open for applications, has an increased budget of €4 million, in line with commitments in the Programme for Government to increase the Fund. I am pleased to provide for the Deputy the below information, in tabular form, containing the names of projects within Limerick Garda Division that received funding under the Community Safety Fund in 2024 and the amount received per project. 2024 Applicant and Project Name Amount received Limerick City and Council - The Limerick Community Safety Warden Scheme €150,000 HUNT MUSEUM - “Safe Haven, Cultivation” €112,000 The Irish Society For The Prevention Of Cruelty To Children – Nationwide Non-violent Resistance Supportive Programme €68,915 West Limerick Resources, Rathkeale Together Project - The Hideout Drop In Centre €44,500",https://data.oireachtas.ie/akn/ie/debateRecord/dail/2025-04-29/writtens/mul@/dbsect_1391.xml,,,,
WPQG032,https://data.oireachtas.ie/akn/ie/debateRecord/dail/2025-04-29/writtens/dbsect_1547,2025-04-29,Children,ministerial_reply_present,True,False,1,Disability Services,"Minister of State at the Department of Children, Disability and Equality I propose to take Questions Nos. 1788, 1789 and 1790 together. I thank the Deputy for their questions regarding the Decision Support Service (DSS). The DSS has statutory responsibility for the operation of many of the provisions of the Assisted Decision-Making (Capacity) Act 2015, which commenced in April 2023. Ensuring that the services provided by the DSS are accessible and available to all persons wishing to plan for the future or to put in place a decision support arrangement is a priority. In July 2024 the DSS introduced an Accessibility Policy, the purpose of which is to meet the needs of service users, and includes the establishment of a dedicated helpdesk to assist those who require additional support in making an application for an Enduring Power of Attorney (EPA) via the online portal. It is important to note that there remains a facility for manual EPA applications to be submitted by those who cannot, for a variety of reasons, utilise the online application system. The accessibility policy sets out that the DSS will ensure that individuals who are unable to utilize the online portal are facilitated in making an EPA application manually. The DSS will support a person at all times so that they can progress their application. The enhanced helpdesk service, alongside helpful instructional videos and other guidance material provided on the DSS website, have seen an increased volume of EPAs being registered, with over 1,800 being registered from July 2024 to the end of March 2025. Details of processing times of decision support arrangements and EPAs, by year, are provided below in tabular form. The DSS keeps all of its timelines and processes under continuous review. Arrangement Type 2023 2024 2025 Registering of EPAs Average of 3 months processing including a five-week statutory notice period Average of 5 months processing including a five-week statutory notice period Average of 3 months processing including a five-week statutory notice period Acceptance of Notification of EPAs (i.e. bringing an EPA into force once a person has subsequently lost capacity) Average of 6 weeks including a five-week statutory notice period Average of 6 weeks including a five-week statutory notice period Average of 6 weeks Including a five-week statutory notice period Registration of Co-Decision Making Arrangements Average of 2 months processing including a five-week statutory notice period Average of 4.5 months processing including a five-week statutory notice period Average of 5 months processing including a five-week statutory notice period Acceptance of Notification of Decision-Making Assistant Agreements Average of 2 months processing times (no 5-week objection period) Average of 3 months processing times (no 5-week objection period) Average of 1 month processing times (no 5-week objection period) Registration of Decision-Making Representative Orders Average of 1 month processing times. Average of 1 month processing times. Average of 1 month processing times. Average across all arrangements Overall cases registered or accepted notification of in 2023 were taking an average of 2 months processing. Overall cases registered or accepted notification of in 2024 were taking an average of 3 months processing. Overall cases registered or accepted notification of in 2025 were taking an average of 2 months processing. It should be noted that following applications for registration of both enduring powers of attorney and co-decision-making agreements, a statutory 5-week notice period for objections applies. Before registering a co-decision-making agreement and an enduring power of attorney, the DSS is required to undertake a review of any objections received from notice parties and to ensure compliance with other formal requirements set by the legislation. This is an important safeguarding measure in the Assisted Decision-Making (Capacity) Act. The mechanism by which a person can seek to avail of mechanisms of the DSS in emergency circumstances is slightly different depending on the decision support arrangement. In respect of decision-making representation orders, the DSS does not have a function in relation to the management of applications as responsibility falls to the Circuit Court for the appointment of a decision-making representative. These are managed by the Courts Service. The court may make interim orders in appropriate circumstances. The DSS does register the orders under s.38(2)(b) for Part 5 when it has been made by the Court. In relation to enduring powers of attorney, firstly, the person making the enduring power (the donor) must have capacity to do so. The two-step process - registration and subsequent notification to activate the EPA if required- is set by the 2015 Act. Any donor seeking to make an EPA urgently in circumstances where there is a perceived risk that the donor’s capacity may soon be negatively impacted should contact the DSS directly for guidance and support. The DSS has received only a very small number of such enquiries and assisted the donors in all cases to quickly put in place the necessary measures. The procedure for making and registering a co-decision-making agreement is set by the 2015 Act. A co-decision-making agreement must be registered with the DSS to be valid. A person makes specified decisions jointly with their co-decision-maker. A five week notice period must elapse before a submitted co-decision-making agreement may be reviewed by the DSS for registration. Properly understood, it is difficult to envisage an emergency requirement for a co-decision-making agreement. However, applicants who believe that they urgently require a co- decision-making agreement should contact the DSS for guidance and support. The procedure for making the lowest tier decision-making assistance agreement and notifying it to the DSS is set by regulation (S.I. 205/2023). A decision-making assistant has limited functions and does not make decisions but rather provides information and assistance to the person being supported. Under the Regulations, a correctly made decision-making assistance agreement takes effect from the date of its execution and does not require a DSS process to be a valid document. It is difficult to envisage an emergency in which the functions of decision-making assistant could not be supplied in another way. I encourage all adults to think about advance planning. Any person looking to make an application through the DSS’s online services is encouraged to contact the DSS helpdesk by phone at (01) 211 9750 or by email at queries@decisionsupportservice.ie regarding any concerns or difficulties they may have regarding accessing and interacting with the online portal.",https://data.oireachtas.ie/akn/ie/debateRecord/dail/2025-04-29/writtens/mul@/dbsect_1547.xml,,,,
WPQG033,https://data.oireachtas.ie/akn/ie/debateRecord/dail/2025-04-29/writtens/dbsect_544,2025-04-29,Public Expenditure,ministerial_reply_present,False,False,0,Departmental Data,"Minister of State at the Department of Public Expenditure, National Development Plan Delivery and Reform The Office of Public Works (OPW) has responsibility on behalf of the State for managing and maintaining a substantial and complex estate of approximately 2,500 properties. This extensive and diverse portfolio of State properties includes office accommodation for all Government Departments, the property estate for An Garda Síochána and numerous properties for many State Agencies. The portfolio also encompasses specialised spaces such as public offices, laboratories and cultural institutions, in addition to warehouses, heritage properties, visitor centres and sites. In any major portfolio, there will always be a certain level of surplus vacant or non-operational properties. It is normal to have an amount of space vacant, or vacant properties, at any given time as the portfolio could not function without the flexibility that it provides. There are a limited number of properties, that are intrinsic to the estates of parks / gardens that form part of the national historic properties managed by the OPW in Co. Kildare, that require refurbishment works to bring them back into use. Donaghcumper House and ancillary outbuildings, recently acquired by the OPW, will be subject to a master planning exercise and long term refurbishment / restoration. There are two gate lodges at Barretstown Castle that are integral to the historic domain of the Castle and the future use of these is under consideration by the OPW in consultation with the Barretstown Trust. In addition, the future use of a Gate Lodge at the Department of Agriculture, Food and the Marine veterinary research farm at Longtown, Clane is under consideration by the OPW and the Department.",https://data.oireachtas.ie/akn/ie/debateRecord/dail/2025-04-29/writtens/mul@/dbsect_544.xml,,,,
WPQG034,https://data.oireachtas.ie/akn/ie/debateRecord/dail/2025-05-07/writtens/dbsect_432,2025-05-07,Health,ministerial_reply_present,False,False,0,Nursing Homes,Minister for Health As this relates to a local service matter I have asked the HSE to reply to the Deputy directly.,https://data.oireachtas.ie/akn/ie/debateRecord/dail/2025-05-07/writtens/mul@/dbsect_432.xml,,,,
WPQG035,https://data.oireachtas.ie/akn/ie/debateRecord/dail/2025-05-20/writtens/dbsect_599,2025-05-20,Agriculture,ministerial_reply_present,False,False,0,Animal Welfare,"Minister for Agriculture, Food and the Marine My Department takes the matter of animal welfare most seriously and responds to any reports of alleged animal cruelty or legislative non-compliance. Neglect of or causing unnecessary suffering to animals is not acceptable in our society. I am committed to the policy that animal welfare standards are vigorously applied in a fair and even-handed manner. The welfare of equines is protected by legislation and appropriate enforcement action is taken where breaches or shortcomings are identified. My Department is aware of this incident but cannot comment on individual cases which may be the subject of investigation. Primary responsibility for protecting the welfare of equines rests with the owner or keeper. My Department operates a confidential animal welfare helpline through which members of the public can report incidents of animal cruelty or neglect for investigation to Phone No 01 607 2379 and email address animalwelfare@agriculture.gov.ie.",https://data.oireachtas.ie/akn/ie/debateRecord/dail/2025-05-20/writtens/mul@/dbsect_599.xml,,,,
WPQG036,https://data.oireachtas.ie/akn/ie/debateRecord/dail/2025-05-28/writtens/dbsect_339,2025-05-28,Health,ministerial_reply_present,False,True,0,Cancer Services,"Minister for Health As this is a service matter in relation to an individual patient, I have asked the Health Service Executive to respond to the Deputy directly, as soon as possible.",https://data.oireachtas.ie/akn/ie/debateRecord/dail/2025-05-28/writtens/mul@/dbsect_339.xml,,,,
WPQG037,https://data.oireachtas.ie/akn/ie/debateRecord/dail/2025-06-10/writtens/dbsect_100,2025-06-10,Climate,ministerial_reply_present,False,False,0,Renewable Energy Generation,"Minister for Climate, Energy and the Environment I last updated the Dáil, via parliamentary question, on 22nd and 27th May, to state that it is my intention to bring a policy statement on private wires to Cabinet in the coming months, and the position has not changed since then. Developing a private wires policy is a priority for this Government and an action was included in the Programme for Government to expedite the delivery of this policy. This is a technically complicated area with a range of potential options. Work on the policy is ongoing within my Department. It is my intention to bring a Private Wires Policy to Cabinet in the near term. As set out in the guiding principles which my Department published last year, Private Wires refers to private individuals or undertakings running their own electricity cables in order to transfer electricity from one site to another. Private Wires are separate to the national electricity grid. There are however plans to increase the capacity of the national electricity grid and the CRU will by year-end approve the capital investment in the gird over the period 2026-2030, through the PR6 process. The Deputy may be interested to know that ESB Networks have published their PR6 Business Plan setting out their envisaged investment and which can be accessed via the ESB Networks website (www.esbnetworks.ie) .",https://data.oireachtas.ie/akn/ie/debateRecord/dail/2025-06-10/writtens/mul@/dbsect_100.xml,,,,
WPQG038,https://data.oireachtas.ie/akn/ie/debateRecord/dail/2025-06-10/writtens/dbsect_115,2025-06-10,Foreign,ministerial_reply_present,True,False,0,Trade Agreements,"Tánaiste and Minister for Foreign Affairs and Trade I propose to take Questions Nos. 175 and 177 together. The Government remains committed to free, fair and open trade while protecting Ireland’s interests in international trade deals. Our EU membership makes us part of the growing network of EU Free Trade Agreements, supporting more opportunity for exports and investment, helping support jobs and growth at home, maintaining strict EU standards on food safety, animal and plant health, and supporting better environmental and human rights standards around the world. At the moment, there are no active Free Trade Agreement negotiations with either Qatar or Saudi Arabia. However, more broadly, Ireland continues to engage with the European Commission and other EU Member States on the possibility of Strategic Partnership Agreements (SPAs) with Gulf Cooperation Council (GCC) countries, which include Qatar and Saudi Arabia. SPAs would facilitate stronger ties with GCC countries but at the level of non-preferential trade provisions. I wish to assure the Deputy that my officials and I will continue to monitor any developments in relation to potential agreements with Qatar or Saudi Arabia.",https://data.oireachtas.ie/akn/ie/debateRecord/dail/2025-06-10/writtens/mul@/dbsect_115.xml,,,,
WPQG039,https://data.oireachtas.ie/akn/ie/debateRecord/dail/2025-06-10/writtens/dbsect_1198,2025-06-10,Health,ministerial_reply_present,False,True,0,Hospital Staff,"Minister for Health As this is a service matter, I have asked the Health Service Executive to respond to the Deputy directly, as soon as possible.",https://data.oireachtas.ie/akn/ie/debateRecord/dail/2025-06-10/writtens/mul@/dbsect_1198.xml,,,,
WPQG040,https://data.oireachtas.ie/akn/ie/debateRecord/dail/2025-06-10/writtens/dbsect_595,2025-06-10,Culture,ministerial_reply_present,True,False,0,Post Office Network,"Minister for Culture, Communications and Sport I propose to take Questions Nos. 696, 697, 720 and 725 together. The Government is committed to a sustainable An Post and post office network as a key component of the economic and social infrastructure throughout Ireland. The Programme for Government states that the Government will continue to provide the nationwide network of post offices with funding to ensure their sustainability and enhance the value they bring to local communities. My Department is working to deliver on this and is engaging with relevant stakeholders in relation to the funding. Additionally, my Department is working with Government colleagues to secure future funding in line with the Programme for Government. An amount of €10 million/annum is currently being provided over a three-year fixed term (2023-2025) to An Post. An Post then disperses this funding across the post office network, with all contractor post offices benefitting from the Government funding with the objective of securing the stability of the Network. The funding is being paid monthly for each 12-month period. There has been over €23 million claimed by An Post for the period 2023 to end April 2025 for the network. It should be noted that An Post is a commercial State body with a mandate to act commercially. An Post has statutory responsibility for the State's postal service and the post office network. Decisions relating to the network, including decisions relating to specific post offices are operational matters for the Board and management of the company and not one in which I, as Minister, have any function. The terms under which Postmasters contract with An Post is a matter between the Postmasters and An Post and any negotiations are a matter for both parties directly.",https://data.oireachtas.ie/akn/ie/debateRecord/dail/2025-06-10/writtens/mul@/dbsect_595.xml,,,,
WPQG041,https://data.oireachtas.ie/akn/ie/debateRecord/dail/2025-07-01/writtens/dbsect_378,2025-07-01,Education,ministerial_reply_present,True,False,0,Special Educational Needs,"Minister of State at the Department of Education and Youth I propose to take Questions Nos. 403, 411, 412 and 413 together. The government is committed to the provision of additional special school places for children with more complex educational needs. Over 300 new special school places are being provided for the coming 2025/2026 school year. Five new special schools are being established in addition to the eleven new special schools opened over the last few years. Special school capacity is also being expanded across a number of special schools. It’s important to note that it is not the intention to exclude children who require a special school place from accessing certain special school settings, but rather allow children with complex educational needs apply to their local special school. Currently, there are instances whereby children with complex needs cannot apply for admission to their local special school simply because they don’t meet the narrow designation of that special school. In that regard, along with providing additional special school capacity, my department and the National Council for Special Education (NCSE) consider that it is necessary to look at the profile of our existing special schools. This is not a new departure. The NCSE report that over half of mild general learning disability (MGLD) special schools have diversified to allow children with more complex needs in their communities who require a special school setting enrol in their local special school. I wish to thank schools who have worked with us to broaden their designation and my department will continue to support schools in this endeavour so that more special schools can better support children with complex needs in their local community. There are approximately 30 of our 129 special schools that were originally designated as schools for children with a MGLD. The establishment of these special schools predated the significant expansion in the range of supports offered in mainstream schools through additional special education teaching and special needs assistant resources and through the rapid expansion in special class provision. It’s also important to state that there is no strict timeline on re-designation being pursued. As indicated in the circular, the department and the NCSE intend to commence work in this area in the forthcoming school year. It is my department’s policy, in accordance with the principles of inclusive education, that students with additional learning needs are supported in mainstream classes along with their peers, with additional supports provided as necessary. The department provides for a range of placement options and supports for schools and students with special educational needs in order to ensure that wherever a child is enrolled, they will have access to an appropriate education. It is noted that many of the children enrolling in MGLD special school do so around the transition point from primary to post-primary. The new senior cycle level 1 and level 2 programmes offers a new curriculum pathway for students with special educational needs at post-primary level now also. My department and the NCSE are committed to delivering an education system that is of the highest quality and where every child and young person feels valued and is actively supported and nurtured to reach their full potential.",https://data.oireachtas.ie/akn/ie/debateRecord/dail/2025-07-01/writtens/mul@/dbsect_378.xml,,,,
WPQG042,https://data.oireachtas.ie/akn/ie/debateRecord/dail/2025-07-08/writtens/dbsect_141,2025-07-08,Climate,ministerial_reply_present,False,False,2,Departmental Advertising,"Minister for Climate, Energy and the Environment My Department uses advertising to promote a range of services, supports and initiatives for people and communities across Ireland.As the media landscape has evolved over the past number of years, advertising expenditure has grown to address the diverse needs of different audiences, including costs associated with achieving national reach for important public messages. For example, my Department has run a significant national campaign on reducing energy use in 2022, 2023 and 2024. This “reduce your use” campaign was designed to assist every household in Ireland in dealing with rising energy costs and supporting positive behaviour change. In recent years, advertising expenditure has also grown to ensure that we are meeting our Irish language advertising requirements under the Official Languages (Amendment) Act 2021.The majority of Department advertising is procured via a media buying agency, and the weighting assigned to different media platforms is determined by target audience, best practice and securing value for money. The table below sets out overall expenditure in my Department since 2019. As my Department has been reconfigured on several occasions since 2012, the information sought by the Deputy is not readily available. My Department has gathered the information requested covering the period since the formation of the previous and current Government and this is set out below by year. Year Spend 2019 €279,805.00 2020 €107,898.17 2021 €516,668.44 2022 €3,828,081.00 2023 €3,807,000.50 2024 €2,631,914.01 2025 €314,193.00* * Up to 03.07.2025 The table below comprises major campaigns over that period: Ad Campaign Objective Start End Media Platforms Advertising Agency Spend Ex. VAT 2021 Climate Climate Action Plan / Climate Jargon Buster Campaign to publicise the new Climate Action Plan. May-22 Aug-22 Display, Partnership Mediavest T/A Spark Foundry € 307,000.15 2022 Energy Reduce Your Use - Burst 1 Reduce Your Use was designed to assist every household in Ireland in dealing with rising energy costs and supporting positive behaviour change. May-22 Aug-22 Radio, Press, Display, Social Mediavest T/A Spark Foundry € 307,000.15 Reduce Your Use - Burst 2 Reduce Your Use was designed to assist every household in Ireland in dealing with rising energy costs and supporting positive behaviour change. Jul-22 Aug-22 Radio, Press, Display, Social PHD Media Ireland € 274,839.00 Reduce Your Use - Burst 3 Reduce Your Use was designed to assist every household in Ireland in dealing with rising energy costs and supporting positive behaviour change. Oct-22 Dec-22 TV, Outdoor, Radio, Press, Cinema, Display, VOD, Social, Digital Audio, Search PHD Media Ireland € 2,418,821.00 Climate Climate Conversations Campaign inviting people across the country to have their say on the Climate Action Plan and how we can all play our part in securing our sustainable future. Jul-22 Sep-22 Radio, Social Media PHD Media Ireland € 43,043.00 Clean Air Solid Fuel Regulations Campaign to publicise solid fuels regulations. Aug-22 Nov-22 OOH, Display, Radio, Display, Digital Audio PHD Media Ireland € 90,705.00 Let's clear the air – Burst 1 Campaign to raise awareness of impacts of air pollution and the health of our communities. Nov-22 Dec-22 TV, Radio, Press, VOD, Display, Digital Audio, Social, Search PHD Media Ireland € 382,644.00 Circular Economy It’s Time to Get Circular – Burst 1 Campaign to raise awareness of the circular economy and sustainable practices. Oct-22 Nov-22 Radio, Press, Social, Digital Audio PHD Media Ireland € 108,569.00 Cyber Security Phishing Awareness Campaign to raise awareness on fraudulent phishing emails used by attackers to lure people into disclosing personal details or clicking on malicious links. Oct-22 Oct-22 Radio, Press PHD Media Ireland € 45,350.00 2023 Clean Air Let's clear the air - Burst 2 Campaign to raise awareness of impacts of air pollution and the health of our communities. Jan-23 Feb-23 TV, Radio, Press, VOD, Display, Digital Audio, Social PHD Media Ireland € 254,963.00 Let's clear the air - Burst 3 Campaign to raise awareness of impacts of air pollution and the health of our communities. Oct-23 Dec-23 TV, Radio, VOD, Digital Audio, Display, Social, Search PHD Media Ireland € 394,013.00 Energy Reduce Your Use - Burst 4 Reduce Your Use was designed to assist every household in Ireland in dealing with rising energy costs and supporting positive behaviour change. Jan-23 Apr-23 Cinema, TV, Radio, Press, VOD, Digital Audio, Display, Partnership, Social, Search PHD Media Ireland € 1,789,697.00 Reduce Your Use - Burst 5 Reduce Your Use was designed to assist every household in Ireland in dealing with rising energy costs and supporting positive behaviour change. May-23 Sep-23 Radio, Partnership, Display, Social, Search PHD Media Ireland € 379,244.00 Reduce Your Use - Burst 6 Reduce Your Use was designed to assist every household in Ireland in dealing with rising energy costs and supporting positive behaviour change. Dec-23 Dec-23 Radio, Outdoor, Press, Partnership, display, Digital Audio, Social PHD Media Ireland € 360,247.00 Circular Economy It’s Time to Get Circular – Burst 2 Campaign to raise awareness of the circular economy and sustainable practices. Oct-23 Dec-23 Radio, Partnership, VOD, Digital Audio, Social, Display, Search PHD Media Ireland € 237,285.00 Climate Climate Conversations 2023 Campaign inviting people across the country to have their say on the Climate Action Plan and how we can all play our part in securing our sustainable future. Jul-23 Sep-23 Radio, Display, Social PHD Media Ireland € 38,928.00 Cyber Security Cyber Security Awareness 2023 Campaign on steps that can be taken to prevent and mitigate cyber security risks. Sep-23 Nov-23 Radio, Social PHD Media Ireland € 42,473.00 The Second Offshore Renewable Energy Development Plan (OREDP II): Public consultation campaign Campaign inviting people to give their views on the second Offshore Renewable Energy Development Plan (OREDP II) – Ireland’s new national spatial strategy for our offshore renewable energy future. 44958 45017 Radio, Press, Partnership, Social, Display PHD Media Ireland € 76,980.00 2024 Clean Air Let's clear the air - Burst 4 Campaign to raise awareness of impacts of air pollution and the health of our communities. Jan-24 Mar-24 TV, Radio, VOD, Partnerships, Digital Audio, Display, Social Media, Search PHD Media Ireland € 179,889.00 Let's clear the air - Burst 5 Campaign to raise awareness of impacts of air pollution and the health of our communities. Dec-24 Dec-24 TV, Radio, Partnerships, Digital Audio, Display, VOD, Social Media, Search PHD Media Ireland € 355,389.00 Energy Reduce Your Use - Burst 7 Reduce Your Use was designed to assist every household in Ireland in dealing with rising energy costs and supporting positive behaviour change. Jan-24 Mar-24 Outdoor, Radio, Press, Partnerships, Display, Digital Audio, Social, Search PHD Media Ireland € 918,976.00 Reduce Your Use - Burst 8 Reduce Your Use was designed to assist every household in Ireland in dealing with rising energy costs and supporting positive behaviour change. Aug-24 Oct-24 Partnership, Display, Social, Search PHD Media Ireland € 33,841.00 Climate Climate Conversations 2024 Campaign inviting people across the country to have their say on the Climate Action Plan and how we can all play our part in securing our sustainable future. May-24 Sep-24 Radio, Partnership, Display, Social PHD Media Ireland € 41,092.00 Climate Action Works 2024 Climate Actions Work was a national campaign and programme of engagement on climate action, inviting people and communities across Ireland to be part of the conversation about climate change. Sep-24 Nov-24 Radio, Press, Partnerships, Display, VOD, Digital Audio, Social Media, Search PHD Media Ireland € 379,037.00 Circular Economy Reverse the trend Campaign aims to raise awareness of alternatives to frequent purchasing of clothing and some of the environmental impacts of over-consumption of textiles. Sep-24 Dec-24 Radio, Partnership, Digital Audio, Display, Social PHD Media Ireland € 321,227.01 It’s Time to Get Circular – Burst 3 Campaign to raise awareness of the circular economy and sustainable practices. Sep-24 Oct-24 Radio, VOD, Partnerships, Display, Digital Audio, Social Media, Search PHD Media Ireland € 128,024.00 Cyber Security NIS2 Awareness campaign on NIS2 Directive, EU-wide legislation on cybersecurity. It was introduced to strengthen and harmonise cyber security across the European Union, and to keep-up with increased digitisation and an evolving cybersecurity threat landscape Oct-24 Oct-24 Radio, Press, Display, Social, Search PHD Media Ireland € 112,528.00 2025 Let's clear the air - Burst 6 Campaign to raise awareness of impacts of air pollution and the health of our communities. Jan-25 Mar-25 TV, Radio, Partnerships, Digital Audio, VOD, Display, Social, Search PHD Media Ireland € 293,348.00",https://data.oireachtas.ie/akn/ie/debateRecord/dail/2025-07-08/writtens/mul@/dbsect_141.xml,,,,
WPQG043,https://data.oireachtas.ie/akn/ie/debateRecord/dail/2025-07-08/writtens/dbsect_625,2025-07-08,Health,ministerial_reply_present,False,True,0,Emergency Departments,"Minister for Health As this is a service matter, I have asked the Health Service Executive to respond to the deputy directly, as soon as possible.",https://data.oireachtas.ie/akn/ie/debateRecord/dail/2025-07-08/writtens/mul@/dbsect_625.xml,,,,
WPQG044,https://data.oireachtas.ie/akn/ie/debateRecord/dail/2025-07-29/writtens/dbsect_1556,2025-07-29,Social,ministerial_reply_present,True,False,1,School Meals Programme,"Minister for Social Protection The objective of the School Meals Programme is to provide regular, nutritious food to children to support them in taking full advantage of the education provided to them. The programme is an important component of policies to encourage school attendance and extra educational achievement. In Budget 2025, it was announced that the Hot School Meals Scheme will be extended to all remaining primary schools in 2025 meaning that approximately 3,200 schools and 550,000 children will be eligible for hot school meals in 2025 with a budget of €300 million. Number of children eligible to receive Hot School Meals by county: County No. of Pupils Carlow 7,626 Cavan 9,976 Clare 13,379 Cork 62,101 Donegal 19,276 Dublin 137,801 Galway 30,256 Kerry 16,212 Kildare 29,642 Kilkenny 10,932 Laois 11,053 Leitrim 3,940 Limerick 22,783 Longford 5,320 Louth 17,209 Mayo 14,953 Meath 26,062 Monaghan 7,990 Offaly 9,516 Roscommon 8,104 Sligo 7,674 Tipperary 18,569 Waterford 14,045 Westmeath 11,460 Wexford 18,340 Wicklow 17,484 Total Pupils 551,703",https://data.oireachtas.ie/akn/ie/debateRecord/dail/2025-07-29/writtens/mul@/dbsect_1556.xml,,,,
WPQG045,https://data.oireachtas.ie/akn/ie/debateRecord/dail/2025-07-29/writtens/dbsect_2257,2025-07-29,Health,ministerial_reply_present,False,True,0,Cancer Services,"Minister for Health The Hereditary Cancer Steering Group oversees the implementation of the NCCP Hereditary Cancer Model of Care. The NCCP are due to publish an implementation report on The Hereditary Cancer Model of Care by the end of this year. As such, I have referred the Deputy's individual questions to colleagues in the HSE for direct reply.",https://data.oireachtas.ie/akn/ie/debateRecord/dail/2025-07-29/writtens/mul@/dbsect_2257.xml,,,,
WPQG046,https://data.oireachtas.ie/akn/ie/debateRecord/dail/2025-07-29/writtens/dbsect_2756,2025-07-29,Health,ministerial_reply_present,False,False,0,National Development Plan,"Minister for Health The overarching focus of the National Development Plan (NDP) Review 2025 is the provision of a National Plan which creates the building blocks needed to deliver critical and transformational investment in infrastructure across the country and regions for the years ahead. The Plan is the largest ever capital investment plan in the history of the State. As committed to in the Programme for Government and the National Development (NDP) Review, the Government is prioritising critical economic growth enabling and international competitiveness boosting sectors – water, energy, transport, housing and health digitalisation. In addition to these critical areas, Government is also providing significant increased funding to other areas including Health. The enhanced NDP provision for the health sector for 2026 – 2030 is €9.25 billion. Building on a strong track record of infrastructure delivery and significant increases in capital expenditure in recent years, this will further support the delivery of equitable, accessible and high-quality healthcare across Ireland. The 2026 allocation of €1,560m is a €100m (7%) increase over the 2025 allocation of €1.460m. Overall, there is an average 8% year on year increase in allocation straight-line across the period 2026-2030. This increased investment for 2026 to 2030 will help manage medium term demographic challenges, be an enabler to provision of a modern and productive health service and will underpin the progression of key strategic reform priorities set out in Sláintecare and sectoral policies and strategies. The new NDP funding envelope will support the progression of key health sector priorities including: • Health digitalisation as a foundational pillar for reform and transformation of the health service. Programmes that will be progressed include the introduction of a National Shared Care Record and continuing to work towards digitalisation of Irish healthcare records and information systems. • Progressing the construction of the new National Maternity Hospital at Elm Park. • The surgical hub programme. • Progressing detailed design and statutory planning for the new elective hospitals programme. • Construction of acute projects across the country including progressing and delivery of acute bed capacity projects, trauma services and diagnostic facility projects. • The radiation oncology programme. • Continued investment in the HIQA community nursing units programme to refurbish existing units for older persons long term residential care to meet HIQA requirements at locations across the country. • Commencing the programme for additional public capacity for older persons long-term residential care nationally in line with identified capacity requirements. • Continued investment in community care programmes through the country including the Primary Care Programme and Enhanced Community Care Programme. • Progressing the programme of multi annual mental health services capital investments including the key priority mental health sites, perinatal care and other community infrastructure. • Continued investment in the ambulances, ambulance bases, equipment replacement and projects addressing infrastructural risk across the country. • Investment in Climate and sustainability projects. Taken together, the increased NDP investment for health priorities will support the shared vision of a modern, integrated and patient centred health service across the country with a renewed focus on health outcomes. As set out in the NDP Review, I, together with officials in my Department, will be working with the HSE and other stakeholders in the coming period to develop a detailed capital plan for this allocated capital funding.",https://data.oireachtas.ie/akn/ie/debateRecord/dail/2025-07-29/writtens/mul@/dbsect_2756.xml,,,,
WPQG047,https://data.oireachtas.ie/akn/ie/debateRecord/dail/2025-07-29/writtens/dbsect_2932,2025-07-29,Further and Higher Education,ministerial_reply_present,False,False,1,Departmental Legal Cases,"Minister for Further and Higher Education, Research, Innovation and Science All legal costs for my Department are included within the published Appropriation Accounts, under 6.1 within Vote 45. Please find link below. The 2024 Accounts are currently under audit and will be published once the audit is complete: www.audit.gov.ie/en/publications/appropriation%20accounts/. Legal costs incurred by agencies under the aegis of the Department are a matter for the Agencies themselves. Contact details are attached. Contact E-Mail Addresses for State Bodies under the Remit of the Department of Further and Higher Education, Research, Innovation and Science Name of Body Dedicated Email address for the Members of the Oireachtas Designated Official Responsible for assisting Oireachtas Members Higher Education Authority Oireachtas@hea.ie Trevor Purtill Grangegorman Development Agency oireachtas@ggda.ie nigel.thompson@ggda.ie SOLAS oireachtasinfo@solas.ie Maria Walshe maria.walshe@solas.ie Skillnet Ireland oireachtasmembers@skillnetireland.ie tracey.donnery@skillnetireland.ie Quality and Qualifications Ireland ceo@qqi.ie ceo@qqi.ie Léargas - The Exchange Bureau oireachtas@leargas.ie Lorraine Gilligan - lgilligan@leargas.ie Taighde Éireann – Research Ireland oireachtasqueries@researchireland.ie Donna McCabe",https://data.oireachtas.ie/akn/ie/debateRecord/dail/2025-07-29/writtens/mul@/dbsect_2932.xml,,,,
WPQG048,https://data.oireachtas.ie/akn/ie/debateRecord/dail/2025-07-29/writtens/dbsect_2978,2025-07-29,Further and Higher Education,ministerial_reply_present,True,False,0,Departmental Projects,"Minister for Further and Higher Education, Research, Innovation and Science I propose to take Questions Nos. 3379 and 3380 together. It has been a longstanding objective of my Department, based on the findings of the Indecon Review of Career Guidance (2019), to strengthen the provision of information and guidance around career decision making. An Oversight Group examining a Single Portal for Careers and Skills Information was established in November 2022. The work of the group has concluded with a comprehensive report outlining the recommended approach to the development of a Career Guidance and Information Portal. The need to strengthen the provision of information and guidance was re-enforced by the 2023 OECD Review of Ireland’s National Skills Strategy, which recommended that Ireland develops a skills system to better secure a balance between skills demand and supply. To achieve this balance, the Review recommended that Ireland improves information and guidance for individuals on learning and career pathways. The Skills Policy and Enterprise Engagement Unit of my Department has been working closely with Skillnet Ireland to scope options to progress a Career Guidance and Information Portal. As the potential scope of the portal implies a multi-year development project, it has been decided to take a focus on an identified gap in this space, i.e. the provision of guidance aimed at those already in the workplace. A two-pronged approach will be taken, consisting of a range of pathfinders on human centric career coaching for those in jobs at risk of change, and the development of a framework for sector-specific portals, underpinned by shared standards for skills taxonomies and technological interoperability. It is currently envisaged that a framework for sector specific portals will be developed, with a federated approach allowing immediate needs for those sectors to be met.",https://data.oireachtas.ie/akn/ie/debateRecord/dail/2025-07-29/writtens/mul@/dbsect_2978.xml,,,,
WPQG049,https://data.oireachtas.ie/akn/ie/debateRecord/dail/2025-07-29/writtens/dbsect_3068,2025-07-29,Rural,ministerial_reply_present,True,False,0,Departmental Data,"Minister for Rural and Community Development and the Gaeltacht I propose to take Questions Nos. 3479, 3480 and 3481 together. Our Rural Future contains more than 170 commitments and implementation is monitored through a series of Progress Reports, published twice-yearly, which provide detailed updates on actions outlined in annual Work Programmes for delivery across Government. Progress Reports are published on my department’s website: www.gov.ie/en/department-of-rural-and-community-development-and-the-gaeltacht/collections/our-rural-future-annual-work-programmes-and-progress-reports/. The consistent high level of completion rates across the first four years of the policy shows the continued commitment by government to support rural communities. Where an action was not completed or has been delayed, detailed reasons are outlined in the published reports. The final progress report, detailing progress on the actions in the 2025 Work Programme, is scheduled to be published by the end of 2025. In addition to this ongoing monitoring of progress under the Policy, last year my Department, in partnership with the ESRI, published three reports focused on scoping potential high level indicators for rural development in the long term. My Department is also working with the Department of the Taoiseach on an approach to assess place-based and local well-being, in line with the National Well-being Framework and Programme for Government commitments. My Department also regularly engages with the Central Statistics Office (CSO), in terms of how their statistics can inform our work. The Deputy will also be aware that my Department has commissioned that organisation to undertake an independent review of rural policy in Ireland, which I anticipate will be published later this year and is informing the development of the new Our Rural Future policy. An element of that review is expected to focus on identifying ways in which we can improve in the area of evaluating the outcomes of the new policy. My Department has recently taken over responsibility for supporting communities in Gaeltacht areas across the country and there are a number of measures in Our Rural Future explicitly focused on supporting job creation in Gaeltacht areas, developing Gaeltacht tourism initiatives and promote sustainability across all aspects of Gaeltacht life. This is a core part of Údarás na Gaeltachta's function and its mandate to support the economic, social, cultural and linguistic development of the Gaeltacht. Funding of €38 million has been allocated to Údarás na Gaeltachta for 2025. This includes over €16 million in current funding for staffing and recruitment costs, €7 million to support ongoing programmes such Irish-medium pre-schools (Naíonraí agus Naíolainne), youth clubs and projects such as An Ghaeltacht Ghlas, which is an initiative of Údarás na Gaeltachta which places an emphasis on the viability and sustainability of Gaeltacht communities. An tÚdarás has a capital allocation of over €15 million for 2025. In addition, Údarás na Gaeltachta receives funding from sources such as the Rural Regeneration and Redevelopment Fund, and also receives funding to oversee the Language Planning Process in Gaeltacht Language Planning Areas. Measures 104 and 105 of Our Rural Future are specific to the protection and promotion of the Irish language, with Irish language plans in place across all Gaeltacht areas. A budget allocation of €6.7m is provided to support the language planning process in 2025. Under this process, Gaeltacht communities, in addition to communities in Gaeltacht Service Towns and in Irish language Networks as prescribed in the Gaeltacht Act, 2012, are being afforded the opportunity to prepare and implement language plans at a community level with ongoing State support. In order to further support the strengthening of the Gaeltacht's language and community infrastructure, annual capital assistance of €2.7m is provided to Gaeltacht committees and organisations to provide or upgrade community facilities. Specific current funding with an annual budget of €10.5m is also provided for various schemes, including the Language Assistants Scheme, Irish Language Learners Scheme and the Summer Camps Scheme. In addition, in order to foster language acquisition opportunities in the Gaeltacht outside of the education system for learners of the language, my Department funds the Irish Language Learners Scheme (Scéim na bhFoghlaimeoirí Gaeilge) under which a daily subsidy and capital support via a starter grant are payable directly to recognised households providing accommodation for those attending one of the c.40 colleges under the scheme. Last year, over 27,000 learners attended recognised Gaeltacht courses. This represents a direct State investment of over c.€6 million annually, which indirectly benefits Gaeltacht communities. Given the roll-out of the measures mentioned above, I am confident that my Department and Údarás na Gaeltachta will continue to have a positive impact on the development of sustainable Gaeltacht communities in the years ahead.",https://data.oireachtas.ie/akn/ie/debateRecord/dail/2025-07-29/writtens/mul@/dbsect_3068.xml,,,,
WPQG050,https://data.oireachtas.ie/akn/ie/debateRecord/dail/2025-09-08/writtens/dbsect_1299,2025-09-08,Justice,ministerial_reply_present,False,False,1,An Garda Síochána,"Minister for Justice, Home Affairs and Migration An Garda Síochána has provided me with the table below which shows the intakes since the Garda College reopened in 2022 and the number of Gardaí who attested from January 2023 to the latest ceremony on 22 August last. A number of factors influence the number of people who attest in each ceremony including trainees reverting from one intake to another due to academic or health/injury reasons, as well as resignations or training suspensions. The training is, of necessity, quite rigorous and some level of attrition is normal given the high standards of performance required of Gardaí. Original Number of Intake Number Attested (Attestation date) 24 25 (January 2023) 92 86 (July 2023) 135 126 (October 2023) 154 151 (December 2023) 174 165 (March 2024) 174 157 (June 2024) 109 108 (September 2024) 186 169 (December 2024) 157 149 (March 2025) 125 120 (June 2025) 162 154 (August 2025)",https://data.oireachtas.ie/akn/ie/debateRecord/dail/2025-09-08/writtens/mul@/dbsect_1299.xml,,,,
WPQG051,https://data.oireachtas.ie/akn/ie/debateRecord/dail/2025-09-17/writtens/dbsect_350,2025-09-17,Education,ministerial_reply_present,True,False,0,School Staff,"Minister for Education and Youth I propose to take Questions Nos. 436, 459, 460 and 475 together. Recognising the vitally important role of secretaries and caretakers within school communities, I and my officials have been working intensively with stakeholders, with the Workplace Relations Commission (WRC) and with the Department of Public Expenditure and Reform, to establish a platform for meaningful discussion and resolution. On Friday 5th September, following constructive engagement under the auspices of the WRC, an agreement was reached that would see the parties engage in a process facilitated by the WRC. I very much welcome Fórsa’s agreement to withdraw strike action and enter discussions in the WRC. Parties commenced engagement on Wednesday 10th September, and are now working towards finding a resolution with the assistance of the WRC. I believe that all parties have a responsibility to make sure that these talks succeed and that both sides must come together with an open mind without preconditions or pre-conceived ideas of a final outcome.",https://data.oireachtas.ie/akn/ie/debateRecord/dail/2025-09-17/writtens/mul@/dbsect_350.xml,,,,
WPQG052,https://data.oireachtas.ie/akn/ie/debateRecord/dail/2025-09-23/writtens/dbsect_342,2025-09-23,Culture,ministerial_reply_present,True,False,0,Sports Funding,"Minister of State at the Department of Culture, Communications and Sport (Deputy Charlie McConalogue) I propose to take Question Nos 349, 356, 357, and 359 together. Sport Ireland distributed €5.6 million in 2024 in respect of the Government's support for intercounty Gaelic Games in addition to the annual investment in Games Development. This funding is payable to the GAA which, in collaboration with the LGFA, the Camogie Association and the Gaelic Players Association (GPA), is responsible for its distribution to teams and players along with its reporting and oversight. I wish to advise the Deputy that the GPA has sent copies of its pre-Budget Submission for 2026 to me and to my officials. In line with other pre-budget submissions, it will be given due consideration in the context of Budget discussions.",https://data.oireachtas.ie/akn/ie/debateRecord/dail/2025-09-23/writtens/mul@/dbsect_342.xml,,,,
WPQG053,https://data.oireachtas.ie/akn/ie/debateRecord/dail/2025-10-08/writtens/dbsect_274,2025-10-08,Health,ministerial_reply_present,False,False,0,Medical Records,"Minister for Health Digital for Care: A Digital Health Framework for Ireland 2024-2030 reflects the changing landscape of health and social care in Ireland and sets out a roadmap to digitally transform health services and improve access for patients. This framework, combined with the corresponding HSE implementation roadmap, sets out a very clear path for the full digitisation of healthcare records and information systems in Ireland, as stated in the Programme for Government. This transformation represents a fundamental shift away from traditional paper-based patient records towards modern, integrated electronic health documentation. By replacing fragmented paper systems with secure, interoperable digital records, the framework aims to deliver better continuity of care, enhance patient safety, and enable clinicians to access accurate information in real time. Implementation of Ireland’s Digital for Care strategy is progressing at pace following its publication in May 2024. It sets out vision to enable better health outcomes through seamless, safe, secure, and connected digital health services that support both patients and providers. This vision is grounded in the principles of Sláintecare. On foot of the publication of Digital for Care and the commitment under the Programme for Government to ‘continue to work towards the full digitisation of Irish healthcare records and information systems’. Ireland is pursuing a three-step approach to the delivery of electronic health records in Ireland, comprising a National Patient App, the National Shared Care Record and an enterprise level Electronic Health Record that will be centrally procured and configured, but regionally deployed and owned by each of the six health regions. Launched in February 2025, the HSE Health app has now been downloaded by 140,000+ people, with 91,524 users accessing their personal health information. The v3.0 (in August 2025) release significantly expands coverage—over 1.3 million appointments for more than 870,000 patients will be visible in-app—alongside feature upgrades that deepen patient engagement and reduce missed appointments. The app has also been recognised with three national awards in 2025, underscoring its role in empowering patients and improving access. The app has been co-designed with a wide range of people who use our services, staff, and advocacy organisations, who have been active partners throughout the process. Future app features will be guided by ongoing research and engagement with patients, staff, advocacy organisations, and the public. The Health Service Executive (HSE) completed the procurement for the National Shared Care Record (NSCR) earlier this year. The NSCR programme has now been mobilized, with the contract for building the NSCR technology platform awarded to EY, Better and Kainos. The NSCR brings together healthcare information from various sources such as hospitals, GP practices, and Community care into a single place, making them available at the point of care and self-care in read only format. By having access to key healthcare information in one place means healthcare professionals will be able to make more informed, safer decisions and to focus more time on direct patient care while patients will be better informed and empowered to manage their own healthcare. The technology underpinning the National Shared Care Record was procured in 2024 (contract Q1 2025) and a phased roll-out of the national shared care record is due to commence in Q4 2025 in the South-East region with University Hospital Waterford and surrounding community areas. The system will then extend to other regions from 2026 with additional patient data /information being added over time. Together with the HSE Health App, investing in a NSCR means unlocking fragmented data into a powerful tool for safer, coordinated patient-centred care while laying the foundation for a modern, connected and more efficient health service as we plan for a National Electronic Health Record. The Enterprise Electronic Health Record (EHR) is intended to support integrated care across all settings. A preliminary business case (PBC) for the National EHR has been developed by the HSE, setting out the case for the most ambitious transformation programme in the history of the health service. In accordance with DPER’s infrastructure guidelines the EHR PBC went through an independent, external assurance process (EAP) review in July and was considered COMPLIANT in all areas. There were a series of recommendations arising from the EAP process and these were accepted and will be implemented. Also, in accordance with Infrastructure Guidelines, the PBC and EAP report were reviewed by the Major Projects Advisory Group (MPAG). We are continuing to engage with DPER as part of this process for major capital investment programmes. A national enterprise EHR will allow healthcare staff to access a patient’s full medical history to support timely and appropriate care, with the ability to update information in real time. EHRs not only provide a complete digital health record of a patient’s health journey, recorded by healthcare professionals across all health and social care settings, they also incorporate workflow capabilities to automate the patient pathway and facilitate the implementation of standardised models of care. This means the EHR can map out the next steps in a patient’s treatment plan in the various care setting and support automatic referrals, ordering of diagnostics, lab tests, etc. To realise the benefits of an investment in EHRs, they must be underpinned by a clear roadmap, agreed up-front interoperability and data standards, appropriate governance and a robust business case. Deploying an EHR is not just about the technology. These are significant change programmes to transform and move from a paper based to a digitised care model. The national EHR will be implemented across Health Regions and designed to interoperate with existing systems in acute and community services. Delivering an enterprise level EHR such as this, in every one of the six health regions, is a major undertaking and represents a significant investment by the state. Multiyear funding as part of the National Development Plan is required to ensure financing is secured, sequenced and managed against clear milestones. Delivery of the EHR is not a digital project. It is a large-scale transformation project that will be delivered through the State’s Infrastructure Guidelines process, with appropriate levels of assurance and governance. A PIN (Prior Information Notice) was published in June 2025 informing EHR suppliers about the health service's interest in a national enterprise-level EHR systems. This process is open to all potential vendors willing to engage through this process. The consultation seeks supplier input to inform the upcoming procurement, with a contract award expected by the end of 2026 and phased implementation through to 2032. In another important step on our way to digitised patient records, in May the HSE published the tender for the delivery of a National Electronic Prescribing (NEP) service with vendors currently being shortlisted. The new fully integrated e-prescription service will enable the secure and efficient transmission and storage of electronic prescriptions and dispensations for patients. Digital versions of medications information is a foundational component of a digital health record and importantly, a key starting point for national health services on a journey to deliver wider electronic health records for all. Data from this service (prescription and dispensing data) will be available through the HSE Health App and the NSCR in the future.",https://data.oireachtas.ie/akn/ie/debateRecord/dail/2025-10-08/writtens/mul@/dbsect_274.xml,,,,
WPQG054,https://data.oireachtas.ie/akn/ie/debateRecord/dail/2025-10-15/writtens/dbsect_313,2025-10-15,Health,ministerial_reply_present,False,True,0,Dental Services,"Minister for Health As this is a service matter, I have asked the Health Service Executive to respond to the Deputy directly.",https://data.oireachtas.ie/akn/ie/debateRecord/dail/2025-10-15/writtens/mul@/dbsect_313.xml,,,,
WPQG055,https://data.oireachtas.ie/akn/ie/debateRecord/dail/2025-10-15/writtens/dbsect_76,2025-10-15,Climate,ministerial_reply_present,True,False,0,Legislative Measures,"Minister for Climate, Energy and the Environment I propose to take Questions Nos. 50 and 51 together. Implementing a Renewable Heat Obligation (RHO) is a key priority for my Department. Following Government approval of the General Scheme of the Renewable Heat Obligation Bill 2025, drafting of the primary legislation required to administer the scheme is now underway ahead of the introduction of the obligation in 2026. As part of the RHO development process, extensive analysis was carried out as to the level of fossil fuels currently supplied for heating purposes, and the scale of obligation required to meet Ireland’s renewable heat targets. This analysis ensured final decisions taken in relation to the 400GWh threshold, including supporting effective administration of the scheme, were evidence-based and underpin its successful implementation. Further details in relation to scheme structure are available to view on Gov.ie at: assets.gov.ie/static/documents/RENEWABLE_HEAT_OBLIGATION_BILL_2025.pdf.",https://data.oireachtas.ie/akn/ie/debateRecord/dail/2025-10-15/writtens/mul@/dbsect_76.xml,,,,
WPQG056,https://data.oireachtas.ie/akn/ie/debateRecord/dail/2025-11-04/writtens/dbsect_1409,2025-11-04,Health,ministerial_reply_present,True,False,0,Medical Qualifications,"Minister for Health (Deputy Jennifer Carroll MacNeill) I propose to take Question Nos 1641,1679,1690 to 1692, inclusive, 1705,1743,1839,1874,1901,1990 and 2048 together. As the Deputies are aware, CORU is Ireland’s multi-profession health and social care regulator. CORU’s role is to protect the public by regulating the health and social care professions designated under the Health and Social Care Professionals Act 2005 (as amended). Counsellors and psychotherapists perform a vital role, providing therapeutic care to often vulnerable people. Regulation is being introduced to these professions to protect the public, ensuring that care provided is of a consistently high standard and always by suitably qualified individuals. The Counsellors and Psychotherapists Registration Board (CPRB) was established in 2019 and since that time has been working to progress regulation of both professions. The CPRB undertook extensive research, analysis, and public consultation as part of the process of introducing statutory regulation for these professions. This work has been informed by, and is in line with, requirements set out in the EU Proportionality Test Directive (transposed into Irish law on 19 August 2022 (S.I. No. 413/2022)). The public consultation process received over 700 submissions, including from educators, professional bodies and existing practitioners. This comprehensive process recognised the differences in scope and complexity of practice between the two professions and ensures that the threshold standards and qualification levels set for each accurately reflect the competencies required for safe and effective practice, while strengthening public protection. In line with the CPRB’s statutory responsibility to assess, balance and consider all perspectives before reaching a final evidence-based decision, the Board carefully considered every submission received and determined the final Standards and Criteria that will underpin entry to the registers for both counsellors and psychotherapists. This open, structured and inclusive process demonstrates CORU’s clear commitment to transparency, accountability, evidence-based decision-making, proportionality and, above all, the protection of the public. A comprehensive consultation report has been published by CORU, setting out the process followed, the key themes raised in submissions, and the rationale for the final decisions taken by the Board and is accessible at Counsellors & Psychotherapists Registration Board - Coru In July 2025 CORU published two key documents for each of these professions: Standards of Proficiency • : These outline the threshold knowledge and skills required for entry to the register. They define what a counsellor or psychotherapist must be able to do at the point of entry into practice. Criteria for Education and Training Programmes • : These set out the systems and processes education providers must implement in the design and management of education and training programmes. They provide assurance that all graduates have achieved all the Standards of Proficiency upon successful completion of an education and training programme. The adopted Standards and Criteria reflect the threshold knowledge and skills required for safe practice at entry to the professions of Counselling and Psychotherapy. The introduction of consistent standards for the education and training of counsellors and psychotherapists marks a significant milestone, ensuring that those seeking support can have confidence in accessing appropriately trained and qualified practitioners. The Standards of Proficiency set by the Board may not fully reflect how an existing practitioner sees his or her current practice. This is because the Standards set only the knowledge and skills needed on day one for practice. They are not meant to wholly reflect the practice of existing practitioners. For existing practitioners, there is provision in the Health and Social Care Professionals Act 2005 (as amended) to make registration applications (when the register opens) through the grandparenting process, also known as the Section 91 registration pathway. The Board also highlighted that the standards do not set post-qualifying standards of practice for registrants. This would include such areas as CPD and supervision post qualification. Requirements for registrants will be addressed through the Code of Professional Conduct and Ethics that will be set in advance of the opening of the register and will be subject to a public stakeholder consultation. On issues such as personal therapy and clinical supervision CORU’s competency-based framework ensures that essential attributes such as self-awareness, reflexivity, and ethical judgment are achieved through validated educational methods, including clinical supervision, reflective practice, and experiential learning. CORU’s criteria mandate structured, practice-integrated supervision that enables supervisors and educators to directly evaluate proficiency and ensure safe practice. This approach provides robust, verifiable safeguards while maintaining flexibility for different theoretical modalities. The standards set the threshold for safe and effective practice, without restricting innovation or allowing education providers to exceed these minimum requirements at their discretion. Regarding professional mobility, the profession of psychotherapist falls under the general system of recognition within the European Union, whereby each Member State determines the required training standards and assesses applications for recognition of qualifications from other Member States through a comparative evaluation. Where substantial differences in qualifications exist, compensation measures may be required. Irish trained psychotherapists who move to another Member State will be assessed under the general system of recognition in the same way that other Irish trained health professionals are assessed when moving to another Member State, for example physiotherapists and social workers. There is no standardisation of education and training for psychotherapists in the EU and each Member State which regulates the profession does so in a manner which reflects the context in that State. It is important to note that neither counselling nor psychotherapy is currently a statutorily regulated profession in the UK, including Northern Ireland. This means there are no legal restrictions preventing someone from practising as a counsellor or psychotherapist in these jurisdictions. When the registers open in Ireland the CPRB will become the competent authority responsible for assessing international applicants who wish to practise as counsellors or psychotherapists in Ireland. At that stage, any person, including those qualified in the UK or Northern Ireland, will be able to apply to have their qualifications assessed to demonstrate that they meet the threshold standards of proficiency, meaning the required knowledge, skills, and competence to practise safely and effectively in Ireland. I am confident that CORU’s work will bring clear benefits for public protection. The framework has been designed to strengthen standards of practice while ensuring that training pathways and workforce supply are not adversely affected. I am assured that CORU will continue to engage closely with education providers, professional bodies, and other stakeholders as the regulatory process advances, keeping public protection at the centre of this work. I am eager to see this work progressed so that two very important professions are finally regulated, in the interest of public protection.",https://data.oireachtas.ie/akn/ie/debateRecord/dail/2025-11-04/writtens/mul@/dbsect_1409.xml,,,,
WPQG057,https://data.oireachtas.ie/akn/ie/debateRecord/dail/2025-11-04/writtens/dbsect_856,2025-11-04,Culture,ministerial_reply_present,False,False,8,Departmental Funding,"Minister for Culture, Communications and Sport The annual allocation for the general expenses of the National Cultural Institutions under the aegis of my Department are set out in the Revised Estimates Volume 2025. The allocations are listed under various budget lines, known as subheads. Four National Cultural Institutions are funded from a single budget line with a total allocation of €29.901m in 2025, namely the Irish Museum of Modern Art, the Chester Beatty Library, The National Concert Hall, and the Crawford Art Gallery. The allocations to these four Institutions from within that amount are as follows: Crawford Art Gallery 2025 Allocation Pay €1,474,000 Non-Pay €1,034,000 Total Current €2,508,000 Capital €162,000 TOTAL €2,670,000 Chester Beatty Library 2025 Allocation Pay €2,820,000 Pension €193,000 Non-Pay €1,122,000 Total Current €4,135,000 Capital €175,000 TOTAL €4,310,000 Irish Museum of Modern Art 2025 REV Allocation Pay €4,467,000 Pension € 42,000 Non-Pay €3,321,000 Total Current €7,830,000 Capital €320,000 TOTAL €8,150,000 National Concert Hall 2025 Allocation Pay €9,884,000 Pension €35,000 Non-Pay €4,592,000 Total Current €14,511,000 Capital €260,000 TOTAL €14,771,000 Three further National Cultural Institutions have a specific budget line in the Revised Estimates Volume, namely the National Museum of Ireland, the National library of Ireland, and the National Gallery of Ireland. The allocations to each of these are as follows: National Museum of Ireland 2025 Allocation Pay €11,777,000 Pension €897,000 Non-Pay €6,084,000 Total Current €18,758,000 Capital €1,308,000 TOTAL €20,066,000 National Library of Ireland 2025 Allocation Pay €7,497,000 Pension €706 ,000 Pension Lump Sum €107,000 Non-Pay €2,024,000 Sub-total Current €10,334,000 Capital €478,000 TOTAL €10,812,000 National Gallery of Ireland 2025 Allocation Pay €10,319,000 Non-Pay €3,291,000 Sub-total Current €13,610,000 Capital € 958,000 TOTAL €14,568,000 While the total allocation to National Cultural Institutions as a whole will remain as set out in the Revised Estimates Volume, there may be some amendments in respect of the distribution between certain Institutions before the end of 2025, to address specific cost pressures. Budget 2026 included a general increase of over €4m across the seven National Cultural Institutions listed above. The final allocations across the relevant budget lines will be reflected in the Revised Estimates Volume for 2026. I wish to note the particular arrangement with regard to the two remaining National Cultural Institutions: the National Archives and the Abbey Theatre. The National Archives is a division of my Department rather than a body under the remit of my Department. In 2025 it was allocated €2.766m towards its operating expenses. The Arts Council provides annual grant funding to the Abbey Theatre. Separately, a number of the National Cultural Institutions have ongoing National Development Plan redevelopment projects which are being funded by the Department over a number of years, and the annual drawdown reflects the stage of development of the particular project. Final year figures for 2025 are not yet available. My Department may also from time to time provide specific-purpose funding to a National Cultural Institution, subject to sufficient flexibility within my Department’s budget and the submission of a suitable application business case. To date in 2025, the following amounts have been provided to National Cultural Institutions: National Cultural Institution Purpose Amount National Concert Hall Bernadette Greevy Bursary €4,000 National Concert Hall Creative Ireland (Creative Youth Nuture Fund Scheme) €18,590.79 National Concert Hall Audio-Visual Equipment €2,789.51 National Museum of Ireland St. Gallen Exhibition infrastructure €121,770.00 Chester Beatty Library Preparation of strategic plan €25,000.00 National Archives Acquisition of revolutionary era documents €90,404.96 National Archives Publication of 1926 Census €766,045.29 Abbey Theatre Capital & I.T. Equipment €750,000.00 Crawford Art Gallery Acquisition of artwork €13,865.70 Total €1,792,466.25",https://data.oireachtas.ie/akn/ie/debateRecord/dail/2025-11-04/writtens/mul@/dbsect_856.xml,,,,
WPQG058,https://data.oireachtas.ie/akn/ie/debateRecord/dail/2025-11-13/writtens/dbsect_445,2025-11-13,Health,unresolved_structure,False,False,0,Departmental Funding,,https://data.oireachtas.ie/akn/ie/debateRecord/dail/2025-11-13/writtens/mul@/dbsect_445.xml,,,,
WPQG059,https://data.oireachtas.ie/akn/ie/debateRecord/dail/2025-12-09/writtens/dbsect_832,2025-12-09,Health,reply_not_received,False,False,0,Departmental Data,,https://data.oireachtas.ie/akn/ie/debateRecord/dail/2025-12-09/writtens/mul@/dbsect_832.xml,,,,
WPQG060,https://data.oireachtas.ie/akn/ie/debateRecord/dail/2025-12-16/writtens/dbsect_774,2025-12-16,Health,reply_not_received,False,False,0,Programme for Government,,https://data.oireachtas.ie/akn/ie/debateRecord/dail/2025-12-16/writtens/mul@/dbsect_774.xml,,,,
WPQG061,https://data.oireachtas.ie/akn/ie/debateRecord/dail/2025-12-17/writtens/dbsect_61,2025-12-17,Climate,reply_not_received,False,False,0,Electricity Grid,,https://data.oireachtas.ie/akn/ie/debateRecord/dail/2025-12-17/writtens/mul@/dbsect_61.xml,,,,
WPQG062,https://data.oireachtas.ie/akn/ie/debateRecord/dail/2025-12-18/writtens/dbsect_441,2025-12-18,Education,ministerial_reply_present,False,False,0,School Curriculum,"Minister for Education and Youth My Department works together with the Department of Health and other agencies to support students in the area of health. The aim is to equip students with the skills and knowledge to enable them to make the right choices for healthy lifestyles throughout their lives. In that regard, a very significant reform of the Social, Personal and Health Education (SPHE) curriculum has been undertaken in recent years, following on from a review by the National Council for Curriculum and Assessment (NCCA) across primary and post-primary. An updated Junior Cycle SPHE specification was published by the NCCA in May 2023 and was rolled out in schools last September. The aim of the SPHE course is to build students’ self-awareness and positive self-worth; to develop the knowledge, understanding, skills, dispositions and values that will support them to lead fulfilling and healthy lives; empower them to create, nurture and maintain respectful and loving relationships with self and others; and enhance their capacity to contribute positively to society. Some of the learning outcomes of the Junior Cycle SPHE specification include that students should be able to investigate how unhealthy products such as nicotine, vapes, alcohol, and unhealthy food and drinks are marketed and advertised; to discuss societal, cultural and economic influences affecting young people when it comes to making healthy choices about smoking, alcohol and other addictive substances and behaviours, and how harmful influences can be overcome in real-life situations; to discuss the physical, social, emotional and legal consequences of using addictive substances – immediate and long-term; and to consider scenarios where, for example, alcohol, nicotine, drugs, food and electronic devices might be used to cope with unpleasant feelings or stress, and discuss possible healthy ways of coping. An updated Senior Cycle SPHE specification was introduced in September 2025 for those entering Leaving Certificate Applied, replacing older modules within LCA Social Education. Post-Primary schools have until September 2027 to introduce the specification for other students entering fifth year, to accommodate the necessary planning and preparatory work. Its learning outcomes includes that students should be able to examine social norms, attitudes and beliefs related to alcohol, tobacco/vaping and substance use; to explore the factors that influence mental health and wellbeing, including the influence of family, community, peers, school, social media, digital technology, alcohol and mood-altering drugs, and one’s self-image and identity; and to explain the pathways towards addiction, the signs and consequences of different kinds of addictions and where to go and how to access help, if needed. Online toolkits are published on curriculumonline.ie where teachers can access SPHE/RSE teaching and learning resources for all levels in primary and post-primary. Teachers can choose from these resources to support them in preparing for and teaching SPHE. My Department has worked closely with the National Council for Curriculum and Assessment (NCCA) and the Health Service Executive (HSE) in the development of these resources.",https://data.oireachtas.ie/akn/ie/debateRecord/dail/2025-12-18/writtens/mul@/dbsect_441.xml,,,,
WPQG063,https://data.oireachtas.ie/akn/ie/debateRecord/dail/2026-01-13/writtens/dbsect_470,2026-01-13,Transport,ministerial_reply_present,True,True,0,Road Traffic Accidents,"Minister of State at the Department of Transport The Road Safety Authority (RSA) has a statutory remit to report on fatal, serious and minor injury collisions on public roads. The RSA receives collision data from An Garda Síochána for this purpose and produces official statistics to help develop evidence-based road safety interventions. Following engagement with and approval from the Data Protection Commissioner, a data sharing agreement has been agreed between An Garda Síochána and the RSA to underpin this data flow. Legislative changes are required to enable the local authority sector to resume receipt of collisions data, which I am introducing in the National Vehicle and Driver File Bill 2025 that is currently being drafted. Given the RSA's responsibility in this matter, I have referred the Deputy's question to the RSA for direct reply. I would ask the Deputy to contact my office if a response has not been received within ten days.",https://data.oireachtas.ie/akn/ie/debateRecord/dail/2026-01-13/writtens/mul@/dbsect_470.xml,,,,
WPQG064,https://data.oireachtas.ie/akn/ie/debateRecord/dail/2026-01-14/writtens/dbsect_181,2026-01-14,Health,ministerial_reply_present,False,True,0,Dental Services,"Minister for Health As this is a service matter, I have asked the Health Service Executive to respond to the Deputy directly.",https://data.oireachtas.ie/akn/ie/debateRecord/dail/2026-01-14/writtens/mul@/dbsect_181.xml,,,,
WPQG065,https://data.oireachtas.ie/akn/ie/debateRecord/dail/2026-01-15/writtens/dbsect_465,2026-01-15,Health,ministerial_reply_present,False,True,0,Immigration Policy,"Minister for Health As this is a service matter, I have asked the Health Service Executive to respond to the Deputy directly, as soon as possible.",https://data.oireachtas.ie/akn/ie/debateRecord/dail/2026-01-15/writtens/mul@/dbsect_465.xml,,,,
WPQG066,https://data.oireachtas.ie/akn/ie/debateRecord/dail/2026-02-12/writtens/dbsect_207,2026-02-12,Education,ministerial_reply_present,False,False,0,School Facilities,"Minister for Education and Youth The project referred to by the Deputy, Cobh Community College, Carrignafoy has been devolved to Cork Education and Training Board (CETB) for delivery. The project brief provides for an extension and refurbishment to accommodate a long-term projected enrolment of 600 pupils including 4 Special Education Needs (SEN) classrooms. The project is currently at Stage 2b of the architectural design process. This stage allows for detailed design and planning, obtaining necessary statutory permissions and preparation of tender documents. The department awaits submission of a Stage 2b report. Once received, it will undergo a detailed technical and cost review in line with the Public Spending Code. Managing timing, scope, and cost is crucial to staying within budgetary limits for the overall program. The department have recently published the €7.55 billion NDP Sectoral Investment Plan for the Education and Youth Sectors for the period 2026 to 2030. This NDP Sectoral Plan involves a very strong emphasis on maximising existing capacity and prioritisation of school building projects to meet the most urgent needs. In this regard there will be a strong special education dimension to project rollout. Of the total €7.55 billion investment it is envisaged that circa. €5 billion will be used for project rollout to support the delivery and modernisation of school buildings across the Large Scale, Additional Accommodation, Modular, and Annual September Accommodation Needs programmes. Over the course of 2026 and 2027 there will be construction work at circa. 10% of the school estate. These projects will, when completed, provide circa 57,000 additional and modernised school places with a strong SEN focus in all projects. The department will continue to build on the progress made over recent years with the continued rollout of projects on a prioritised basis to meet the most urgent needs in terms of provision of additional capacity and modernisation of existing facilities. In this regard, the department have also published a list of the 105 school building projects in the first tranche to proceed to construction or tender over 2026 and 2027. These projects are in addition to €767.68 million in capital funding for Cork schools between 2020 and 2025. Over that period, a total of 157 Cork schools have been upgraded either through provision of a new school building, a large-scale extension or provision of modular accommodation. There are also currently 20 school projects in County Cork under construction. The first tranche of 105 school building projects includes 80 large scale and Additional School Accommodation scheme projects. These projects were prioritised with a strong focus on maximising existing capacity and prioritising project rollout to meet the most urgent needs particularly to support special education needs provision. Firstly, to facilitate the 45 projects that are currently already at tender stage (Stage 3) so that they can progress to construction as smoothly as possible over the course of 2026 and 2027.? Secondly, to facilitate 35 projects that currently have planning permission and are at pre-tender stage (Stage 2b) and have been prioritised to meet urgent requirements from a special needs perspective or to provide additional capacity to cater for demographics or to address very significant condition issues at the schools. The department recognises that there are schools with important building projects that are not included in the first tranche of prioritised projects. As part of planning ahead for the next tranche of projects to progress to tender, the department-led prioritisation process will continue over the course of 2026 and 2027 to assess and evaluate the progression of individual projects through the design pipeline having regard to the continual need to maximise existing capacity and determine the prioritised needs going forward. This process will involve engagement with key stakeholders and individual schools and will ultimately inform the next tranches of programme rollout to tender. The department-led Energy and Condition Survey of the school estate, which will be finalised later in 2026, will provide an additional evidence base for assessing priorities. Based on this ongoing prioritisation process some projects may be added to the list over the course of 2026 and 2027 having regard to their prioritisation and urgency of need and taking account also of the ongoing ability to progress them to tender and construction within the parameters of overall funding. Where appropriate, the department will also assess opportunities to undertake advance enabling works for the most urgent and complex projects to facilitate a smooth progression to construction in 2028 and beyond. Any interim accommodation requirements will continue to be assessed and considered by the department on a case-by-case basis to determine the prioritised needs and approach for addressing same. The accommodation needs at the school referred to by the Deputy will be considered as part of the ongoing overall department-led prioritisation process, in consultation with the school’s patron and school authorities.",https://data.oireachtas.ie/akn/ie/debateRecord/dail/2026-02-12/writtens/mul@/dbsect_207.xml,,,,
WPQG067,https://data.oireachtas.ie/akn/ie/debateRecord/dail/2026-02-17/writtens/dbsect_315,2026-02-17,Finance,ministerial_reply_present,True,False,0,Banking Sector,"Tánaiste and Minister for Finance The Deputy will be aware how maintaining a stable and viable retail banking sector for the Irish economy has been, and continues to be, an area of critical importance for Government and for my Department. My predecessor, Minister Donohoe, commissioned the Retail Banking Review in late 2021 in response to significant developments in the sector, including the decisions by Ulster Bank and KBC to exit the Irish market. The Review, conducted by officials in the Department with assistance from other Government agencies and Departments, was published in November 2022. It put forward a wide range of recommendations to improve the sector and improve customers' experiences. The recommendations addressed critical matters such as access to cash, ongoing support for SME lending, developing a financial literacy strategy and preparing a new national payments strategy. As part of the preparation of the Banking Review Report, a Retail Banking Dialogue was held in Tullamore in 2021. This provided a unique opportunity for wide-ranging dialogue on the banking sector and the insights and learnings from those discussions were incorporated into the Retail Banking Review report and recommendations. Since then, my predecessors and I, along with officials from my Department, have maintained regular engagement with individual firms and industry bodies from across the banking industry. I am aware of the publication, late last year, of the Banking in Northern Ireland report, which examines the changing environment of the banking sector in Northern Ireland. However, at European level, my Department is actively engaged as we look ahead to the publication of the European Commission’s report on competitiveness in the banking sector, expected later this year. This report is anticipated to inform future changes to the European banking regulatory framework that apply to financial institutions operating in the State, with the aim of driving competition and innovation in the banking sector. Continued engagement with the domestic banking sector remains essential as my officials work with our European colleagues to help shape and influence potential changes to the banking regulatory framework.",https://data.oireachtas.ie/akn/ie/debateRecord/dail/2026-02-17/writtens/mul@/dbsect_315.xml,,,,
WPQG068,https://data.oireachtas.ie/akn/ie/debateRecord/dail/2026-02-19/writtens/dbsect_418,2026-02-19,Justice,ministerial_reply_present,False,False,6,International Protection,"Minister for Justice, Home Affairs and Migration I am fully committed to ensuring that Ireland’s International Protection system is robust, and rules based, and that our borders are protected. The enforcement aspects of our laws, including deportation orders, are also an essential requirement for the system to work effectively and to ensure that there is confidence in the application of our legislation in this area. The number of International Protection applications have been rising over the past number of years, reaching 18,500 in 2024. In 2025, application numbers reduced by approximately a third. There has been a significantly increased investment into the international protection system to improve efficiencies and throughput as well as enhancing the application, interview and decision-making process for applicants. In 2025, the International Protection Office (IPO) delivered over 20,200 first decisions compared to approximately 14,100 in 2024, a 44% increase. The International Protection Appeals Tribunal (IPAT) more than doubled the number of appeals closed from 3,100 in 2024 to nearly 6,300 in 2025. My Department continues to focus on preparing for the EU Migration and Asylum Pact in advance of June 2026. The Pact will provide a fair, sustainable and efficient asylum procedure. This will be achieved through convergence in asylum practices across the EU including standardised processing times for decisions: six months for a standard procedure, three months for accelerated and border procedures and two months for processing applicants who have applied for protection elsewhere in Europe. The new International Protection Bill 2026 will give effect to the measures of the EU Migration and Asylum Pact. Enactment of the Bill and commencement of the Act is required by 12 June 2026. Table 1 below provides a yearly breakdown of IP applications made from 2022 to 2025. Table 1 Year of Application Total 2022 13,643 2023 13,271 2024 18,553 2025 13,160 Table 2 below shows all international protection first instance decisions made from 2022 to 2025 broken down by those granted either Refugee Status (RS), Subsidiary Protection (SP) or Permission to Remain (PTR) and those refused. Please note that there is not a direct correlation between the year an application was made and the year the decision issued. Table 2 First instance decisions 2022 2023 2024 2025 Granted (RS, SP, PTR) 3,537 (71.70%) 3,236 (36.72%) 3,909 (27.80%) 3,737 (18.61%) Refused / withdrew / inadmissible/ Dormant 1,396 (28.30%) 5,577 (63.28%) 10,152 (72.20%) 16,504 (81.39%) All applicants refused international protection have a right to appeal to the IPAT, who must then consider if the earlier IPO determinations on refugee status and subsidiary protection should be affirmed, or set aside. Table 3 below details International Protection appeal decisions from 2022 to 2025. Table 3 International Protection Appeals Tribunal Decisions Issued Year Decision Total Decision % Granted/Set Aside Refused/Affirmed Granted/Set Aside Refused/Affirmed 2022 496 804 1300 38.20% 61.80% 2023 446 1136 1582 28.20% 71.80% 2024 819 2051 2870 28.50% 71.50% 2025 1488 4016 5504 27.00% 73.00% Table 4 below shows applications to IPAT that were either withdrawn or deemed withdrawn from 2022 to 2025. Table 4 Year Withdrawn/Deemed Withdrawn 2022 266 2023 113 2024 211 2025 511 Deportations are costly and complex to enforce. It is the preferred option to return people voluntarily and my Department has a voluntary return programme to assist people to return prior to the issuance of a deportation order. A person can only avail of voluntary return before a deportation order is issued and I have increased resources into this programme to enable individuals who wish to return before a deportation order is issued to them. If a person does not remove themselves from the State following the issuance of a deportation order, they will be removed, and my Department has taken action to significantly improve immigration enforcement measures and increase removals. The number of deportation orders signed in 2024 (2,403) increased by 180% compared to 2023 (857). In 2025, 4,700 deportation orders were signed, an increase of 96% compared to 2024. My Department also secured a charter contract in November 2024 in order to add capacity to the State to enforce a greater number of deportations. In 2025, five deportation charter flights were organised and 182 people were removed from the State, along with 185 people who were deported by commercial flights. The enforcement of deportation orders is an operational matter for the Garda National Immigration Bureau (GNIB), and my Department works closely with the GNIB to progress arrangements for the removal of people subject to deportation orders. As Ireland does not operate routine exit checks at Irish borders, it is not possible to confirm in all instances that a person has departed the State. A person is only recorded as being deported when their deportation has been enforced by An Garda Síochána or when officials have been provided with evidence that they have left Ireland. While over 300 of the people subject to deportation orders above have confirmed they have left the State independently since 2020, it is the case that a significantly larger number of individuals who were subject to deportation orders have left the State without notifying the relevant authorities. I am informed that the GNIB has reviewed a large sample of cases of people subject to deportation orders; their inquiries suggest a very significant number of these individuals have left the State. Tables 5 and 6 below detail the number of deportation orders signed and effected from 2022 to 2025. Table 5. Deportation orders signed from 2022 to 2025 Year 2022 2023 2024 2025 Deportation orders signed 549 859 2,403 4,700 Table 6. Deportation Enforcement 2022 to 2025 Year 2022 2023 2024 2025 Enforced Deportations 24 51 134 185 Removed by Charter N/A N/A N/A 182 Otherwise Confirmed Deportation (1) 93 28 28 67 Total Deportations 117 79 162 434 Other Removals (2) 39 24 26 61 Number of Voluntary Returns 91 215 934 1,616 Total Removed 247 318 1,122 2,111 * During the COVID- 19 Pandemic there was a moratorium on deportations. This was effective during the latter part of 2020, 2021 and for the first 8 months of 2022. During the moratorium only people who whose presence in Ireland would be contrary to the public interest were deported. This moratorium was lifted in July 2022. 1. Otherwise confirmed deportations is where it has been confirmed a person has left the state following receipt of a deportation order without being escorted. 2. Other removals include Dublin III Transfer Orders of International Protection applicants to another EU State and EU Removal Orders for the return of EU Citizens under the Free Movement Regulations (these orders are made on grounds of criminality) and people who are deemed inadmissible under the International Protection Act. Please note, all figures provided are correct at time of issue, however, all statistics may be subject to data cleansing. The resources required for the effective operation of the end-to-end International Protection system, including removals, is kept under review and additional resources will be deployed within the system as is appropriate and necessary.",https://data.oireachtas.ie/akn/ie/debateRecord/dail/2026-02-19/writtens/mul@/dbsect_418.xml,,,,
WPQG069,https://data.oireachtas.ie/akn/ie/debateRecord/dail/2026-02-24/writtens/dbsect_515,2026-02-24,Social,ministerial_reply_present,False,False,0,Social Welfare Benefits,Minister for Social Protection (Deputy Dara Calleary) The information requested by the Deputy is provided below in tabular format. Electricity,https://data.oireachtas.ie/akn/ie/debateRecord/dail/2026-02-24/writtens/mul@/dbsect_515.xml,,,,
WPQG070,https://data.oireachtas.ie/akn/ie/debateRecord/dail/2026-02-24/writtens/dbsect_661,2026-02-24,Children,ministerial_reply_present,True,True,0,Child and Family Agency,"Minister for Children, Disability and Equality As this question relates to operational information held by Tusla, the Child and Family Agency, the question has been referred to the Agency to reply directly to the Deputy.",https://data.oireachtas.ie/akn/ie/debateRecord/dail/2026-02-24/writtens/mul@/dbsect_661.xml,,,,
WPQG071,https://data.oireachtas.ie/akn/ie/debateRecord/dail/2026-03-18/writtens/dbsect_1755,2026-03-18,Health,ministerial_reply_present,False,True,0,Hospital Staff,Minister for Health As this is a service matter we have asked the HSE to respond directly to the Deputy.,https://data.oireachtas.ie/akn/ie/debateRecord/dail/2026-03-18/writtens/mul@/dbsect_1755.xml,,,,
WPQG072,https://data.oireachtas.ie/akn/ie/debateRecord/dail/2026-03-24/writtens/dbsect_687,2026-03-24,Health,ministerial_reply_present,False,True,0,Departmental Correspondence,"Minister for Health Under the Health Act 2004, the Health Service Executive (HSE) is required to manage and deliver, or arrange to be delivered on its behalf, health and personal social services. The Minister for Health is prohibited from directing the HSE to provide a treatment or a personal service to any individual or to confer eligibility on any individual. In relation to the particular query raised, as this is a service matter, I have asked the Health Service Executive to respond to the Deputy directly, as soon as possible.",https://data.oireachtas.ie/akn/ie/debateRecord/dail/2026-03-24/writtens/mul@/dbsect_687.xml,,,,
WPQG073,https://data.oireachtas.ie/akn/ie/debateRecord/dail/2026-04-14/writtens/dbsect_1439,2026-04-14,Justice,ministerial_reply_present,True,False,0,Departmental Funding,"Minister for Justice, Home Affairs and Migration [Attachment omitted]",https://data.oireachtas.ie/akn/ie/debateRecord/dail/2026-04-14/writtens/mul@/dbsect_1439.xml,,,,
WPQG074,https://data.oireachtas.ie/akn/ie/debateRecord/dail/2026-04-14/writtens/dbsect_1661,2026-04-14,Agriculture,ministerial_reply_present,False,True,0,Grant Payments,"Minister of State at the Department of Agriculture, Food and the Marine (Deputy Timmy Dooley) This matter is being examined and a comprehensive reply will be issued directly to the Deputy as soon as possible.",https://data.oireachtas.ie/akn/ie/debateRecord/dail/2026-04-14/writtens/mul@/dbsect_1661.xml,,,,
WPQG075,https://data.oireachtas.ie/akn/ie/debateRecord/dail/2026-04-14/writtens/dbsect_2583,2026-04-14,Health,reply_not_received,False,False,0,Health Services,,https://data.oireachtas.ie/akn/ie/debateRecord/dail/2026-04-14/writtens/mul@/dbsect_2583.xml,,,,
WPQG076,https://data.oireachtas.ie/akn/ie/debateRecord/dail/2026-04-21/writtens/dbsect_711,2026-04-21,Health,ministerial_reply_present,False,True,0,Disability Issues,"Minister for Health As this is a service matter, I have asked the Health Service Executive to respond to the Deputy as soon as possible.",https://data.oireachtas.ie/akn/ie/debateRecord/dail/2026-04-21/writtens/mul@/dbsect_711.xml,,,,
WPQG077,https://data.oireachtas.ie/akn/ie/debateRecord/dail/2026-04-22/writtens/dbsect_173,2026-04-22,Agriculture,unresolved_structure,False,False,0,Forestry Sector,,https://data.oireachtas.ie/akn/ie/debateRecord/dail/2026-04-22/writtens/mul@/dbsect_173.xml,,,,
WPQG078,https://data.oireachtas.ie/akn/ie/debateRecord/dail/2026-04-28/writtens/dbsect_594,2026-04-28,Justice,ministerial_reply_present,True,False,0,Family Law Cases,"Minister for Justice, Home Affairs and Migration I propose to take Questions Nos. 843, 844 and 845 together. As part of the Family Justice Strategy, my Department undertook both a public consultation and independent research on the topic of parental alienation. The findings of both were analysed, and arising from this, Departmental officials developed a policy paper on how to address the issue. Both the paper and the report recognise that parental alienation is a highly contested and divisive concept. While there is little concrete information on the exact extent of accusations of parental alienation within the Irish courts, the research report found that, similar to other courts internationally, there appears to be increasing claims of parental alienation in family law proceedings. It appears to arise particularly in custody and access disputes and in cases where allegations of domestic, sexual and gender-based violence feature. Despite the highly contested nature of the concept, there was consensus in the public consultation that the means to address parental alienation lie in improvements to the Irish family courts and family justice system. Reflecting this, the policy paper puts forward six recommendations to address the issue of parental alienation, which are also linked to actions in the Family Justice Strategy. They centre on progressing elements of family justice reform, building the system’s capacity to adequately hear the voice of children, and improve the knowledge, skills and experience of all those involved in order to make the best determinations in relation to each case on its own merits. This is especially important in high-conflict cases, in which allegations of parental alienation can often arise. Ensuring that children’s voices are heard and their best interests given paramount consideration are not just critical aspects of family law, they are constitutional requirements. One of the recommendations in the Parental Alienation Policy Paper was to undertake a review of expert reports in family law, this was also committed to in the Family Justice Strategy 2022-2025. Further to this, the Programme for Government commits to ensuring proper regulation and funding for Voice of the Child and Welfare Reports, giving children a voice in legal proceedings that affect them. On 13 June 2024, my Department published a wide-ranging review of the role of expert reports in the family law process. The Review sets out 20 ambitious recommendations for reform, the implementation of which will, amongst other things, promote consistency and common standards in hearing the voice of the child and safeguarding their best interests. The Review recognises the concerns around regulation and cost and puts forward several recommendations to address them including: • produce guidelines on the commissioning, content and use of expert welfare reports; • develop a voice of the child report template and guidelines and pilot the role of Children’s Court Advocate; • develop cost controls for expert reports and review the fees specified for Voice of the Child reports in the Guardianship of Infants Act 1964 (Child’s Views Experts) Regulations 2018; and, • establish a panel of assessors with a structure to oversee its management. Significant progress has been made in advancing these recommendations: On 16 April 2026, Judicial Guidelines on the Commissioning, Preparation, Content and Usage of Expert Reports in Family Law Proceedings were published. A cross-jurisdictional committee of Judges chaired by Ms Justice Nuala Jackson prepared the guidelines. These guidelines are intended to promote consistency and best practice in the use of welfare reports in private family law proceedings in Ireland. They clarify the role and duties of an expert, the process of compiling a report and what a report should contain, releasing reports to the parties and the complaints mechanism, among other things. In October 2024, my Department established a Voice of the Child Working Group with membership comprising both statutory and voluntary stakeholders in the family justice system. The group was set up in line with the commitment in Goal One of the Family Justice Strategy, that of “supporting children”. The group is taking forward some of the recommendations in the Review of Expert Reports, including the development of a Voice of the Child report template and guidelines and the development of the Children’s Court Advocate Pilot Project. The aim of the Voice of the Child Report Template and Guidelines is to ensure consistency of approach by experts in supporting children to have their voices heard. The Working Group has made significant progress on drafting the template and guidelines and they are expected to be published in the coming months. The Children’s Court Advocate Pilot Project will be established in two locations, Waterford and Clonmel in the coming months. The pilot will test a new way of hearing the voice of children in private family law cases and will provide regulation of assessors and consistency of practice. It will be a free service for children and their families. Running alongside the Pilot Project will be a comprehensive evaluation to assess its effectiveness in achieving its aim of improving how the voice of the child is heard and considered in private family law proceedings. Officials in my Department are currently undertaking a preliminary scoping exercise to progress work on cost controls and establishing a panel of family law assessors. The panel will address a number of issues identified in the Review of the Role of Expert Reports in the Family Law Process, including lack of regulation of experts and lack of adequate training or accreditation. Once fully implemented, the recommendations in the Review of Expert Reports will improve the quality of expert reports in family law proceedings, standardising practises relating to how they are developed in situations where they are required.",https://data.oireachtas.ie/akn/ie/debateRecord/dail/2026-04-28/writtens/mul@/dbsect_594.xml,,,,
WPQG079,https://data.oireachtas.ie/akn/ie/debateRecord/dail/2026-05-06/writtens/dbsect_685,2026-05-06,Health,ministerial_reply_present,False,True,0,Health Service Executive,"Minister for Health As this is a service matter, I have asked the Health Service Executive to respond to the Deputy directly, as soon as possible.",https://data.oireachtas.ie/akn/ie/debateRecord/dail/2026-05-06/writtens/mul@/dbsect_685.xml,,,,
WPQG080,https://data.oireachtas.ie/akn/ie/debateRecord/dail/2026-05-06/writtens/dbsect_698,2026-05-06,Health,ministerial_reply_present,False,True,0,Departmental Data,"Minister for Health As this is a service matter, I have asked the Health Service Executive to respond to the Deputy as soon as possible.",https://data.oireachtas.ie/akn/ie/debateRecord/dail/2026-05-06/writtens/mul@/dbsect_698.xml,,,,
WPQG081,https://data.oireachtas.ie/akn/ie/debateRecord/dail/2026-05-06/writtens/dbsect_848,2026-05-06,Health,ministerial_reply_present,False,True,0,Departmental Data,"Minister for Health As this is a service matter, I have asked the Health Service Executive to respond to the Deputy directly, as soon as possible",https://data.oireachtas.ie/akn/ie/debateRecord/dail/2026-05-06/writtens/mul@/dbsect_848.xml,,,,
WPQG082,https://data.oireachtas.ie/akn/ie/debateRecord/dail/2026-05-12/writtens/dbsect_191,2026-05-12,Transport,ministerial_reply_present,True,True,0,Traffic Management,"Minister for Transport As Minister for Transport, I have responsibility for overall policy and exchequer funding in relation to the National Roads Programme. Under the Roads Acts 1993-2015 and in line with the National Development Plan (NDP), the operation and management of individual national roads is a matter for Transport Infrastructure Ireland (TII), in conjunction with the local authorities concerned. This is also subject to the Infrastructure Guidelines and the necessary statutory approvals. In this context, TII is best placed to advise you in relation to the N72 and N20 in Mallow town. Noting the above position, I have referred your question to TII for a direct reply. Please advise my private office if you do not receive a reply within 10 working days. The consideration of traffic management options on regional and local roads is a matter for Cork County Council as the statutory road authority for its area.",https://data.oireachtas.ie/akn/ie/debateRecord/dail/2026-05-12/writtens/mul@/dbsect_191.xml,,,,
WPQG083,https://data.oireachtas.ie/akn/ie/debateRecord/dail/2026-05-12/writtens/dbsect_337,2026-05-12,Enterprise,unresolved_structure,False,False,0,Departmental Bodies,,https://data.oireachtas.ie/akn/ie/debateRecord/dail/2026-05-12/writtens/mul@/dbsect_337.xml,,,,
WPQG084,https://data.oireachtas.ie/akn/ie/debateRecord/dail/2026-05-12/writtens/dbsect_697,2026-05-12,Children,ministerial_reply_present,False,False,0,Childcare Services,"Minister for Children, Disability and Equality When first introduced in 2022, Core Funding had an annual allocation of €259 million, of which €210.8 million was entirely new funding to the sector. That annual allocation has increased each year since and exceeds €390 million for year 4 of the Scheme, which started in September. This represents an increase of over 50% in Core Funding in three years. The allocation for Core Funding for year 5 of the Scheme will increase again - by 23% to over €480 million. This will support a range of important priorities, including maintaining fees at 2021 levels in Year 5, supporting further improvements in pay to staff, and supporting services in adhering to fee management conditions – ensuring affordability for families and sustainability and stability for staff. Uptake of Core Funding remains strong. As of 4 May 2026, there were 4,633 services signed up to the fourth year of Core Funding which represents 93% uptake by eligible services. This is the highest number of Partner Services in Core Funding at any point since the scheme was launched in 2022. I am encouraged by this rate of participation; it shows the vast majority of families will continue to benefit from the scheme’s fee management conditions. I am aware that a small number of services have regrettably chosen to withdraw from Core Funding. The State is providing Core Funding to promote the interests of children and their families and workers in a privately delivered sector. The Department, through the local Childcare Committees (CCCs), engages directly with any such service to highlight the benefits of staying in Core Funding, not only for their service but also for the families who avail of them. I remain hopeful that these providers may reconsider their decision. Core Funding is a supply-side grant to early learning and childcare providers towards their operating costs. It is designed to promote affordability for parents and sustainability for providers through increased funding to the sector, paid on a consistent and equitable basis. As Core Funding is an optional scheme, providers have the autonomy to withdraw from or choose not to participate in the scheme. Participation in Core Funding is optional, but it remains open to all Tulsa-registered providers, subject to their agreement to the terms and conditions of the Core Funding Agreement. It is a matter for providers to decide whether they wish to sign up to Core Funding and benefit from the significant financial supports it offers to providers and the certainty it gives to parents through the associated fee management measures. The Department has a list of all Core Funding Partner Services which is updated regularly on the Department’s website under How to Find a Partner Service. Regardless of whether the early learning and childcare service which their child attends is participating in Core Funding, both the Early Childhood Care and Education (ECCE) programme and the National Childcare Scheme (NCS) are currently available to parents. The Local Childcare Committee can provide contact information for parents should they need help to secure alternative places. Parents/guardians can also use the following website to find Core Funding Partner Services in their area at https://www.ncs.gov.ie/en/childcare-search/ The National Childcare Scheme (NCS) provides financial support to help parents reduce the cost of early learning and childcare in the form of a subsidy paid directly to the childcare provider. Subsidies are available for children aged between 24 weeks and 15 years of age. The minimum rate available to all families in Ireland is €2.14 per hour, which is available for up to 45 weekly hours. Depending on the child's age and the family's income, an additional income assessed subsidy may be available to provide additional support. Effective September 2026, the NCS income thresholds will increase significantly, expanding eligibility for subsidies. The lower income threshold rises to €34,000 (from €26,000), allowing more families to access maximum subsidies, while the upper threshold increases to €68,000 (from €60,000). This also means that most families currently receiving an income assessed award will see an increase in their subsidy due to positive tapering effects. All Tusla registered providers are eligible to offer the National Childcare Scheme and avail of the supports the subsidy provides. Services are eligible for the same NCS supports irrespective of if they are a Partner Service with Core Funding or not.",https://data.oireachtas.ie/akn/ie/debateRecord/dail/2026-05-12/writtens/mul@/dbsect_697.xml,,,,
WPQG085,https://data.oireachtas.ie/akn/ie/debateRecord/dail/2026-05-14/writtens/dbsect_454,2026-05-14,Health,ministerial_reply_present,True,True,0,National Treatment Purchase Fund,"Minister for Health I propose to take Questions Nos. 567 to 575, inclusive, 577 and 579 to 581, inclusive, together. As this is a service matter, I have asked the Health Service Executive to respond to the Deputy directly, as soon as possible.",https://data.oireachtas.ie/akn/ie/debateRecord/dail/2026-05-14/writtens/mul@/dbsect_454.xml,,,,
WPQG086,https://data.oireachtas.ie/akn/ie/debateRecord/dail/2026-05-19/writtens/dbsect_403,2026-05-19,Housing,ministerial_reply_present,True,False,0,Departmental Bodies,"Minister for Housing, Local Government and Heritage In January 2026, the Government launched the new Housing Infrastructure Investment Fund (HIIF) to support direct investment in the critical infrastructure needed to unlock housing delivery in towns and cities across the country. The HIIF is a multiannual €1 billion fund and will be managed by the Housing Activation Office in my Department. It represents the largest housing infrastructure investment announced by the State in many years. The fund is designed to address infrastructure barriers that are preventing or delaying housing development, particularly in locations where housing can be delivered at scale and at pace. Call 1 of the HIIF opened for applications from local authorities and the Land development Agency (LDA) on 21 January 2026 and closed on Friday 27 February 2026. Applications have been received from local authorities across the country, including Kerry County Council, and from the LDA. I can confirm that 7 funding applications have been received from Kerry Council and confirmation of receipt of these applications issued to the council on 6 March. The Housing Activation Office team is actively reviewing all applications received against the scheme criteria and recommendations will be brought forward shortly in accordance with the governance arrangements for the fund. As this process is ongoing I am not in position to comment on any specific applications.",https://data.oireachtas.ie/akn/ie/debateRecord/dail/2026-05-19/writtens/mul@/dbsect_403.xml,,,,
WPQG087,https://data.oireachtas.ie/akn/ie/debateRecord/dail/2026-05-26/writtens/dbsect_1064,2026-05-26,Health,ministerial_reply_present,False,False,0,Health Promotion,Minister for Health As this is a service-level query it has been referred to the HSE for direct response.,https://data.oireachtas.ie/akn/ie/debateRecord/dail/2026-05-26/writtens/mul@/dbsect_1064.xml,,,,
WPQG088,https://data.oireachtas.ie/akn/ie/debateRecord/dail/2026-05-28/writtens/dbsect_569,2026-05-28,Health,reply_not_received,True,False,0,Healthcare Policy,,https://data.oireachtas.ie/akn/ie/debateRecord/dail/2026-05-28/writtens/mul@/dbsect_569.xml,,,,
WPQG089,https://data.oireachtas.ie/akn/ie/debateRecord/dail/2026-06-09/writtens/dbsect_51,2026-06-09,Defence,ministerial_reply_present,False,False,0,Defence Forces,"Minister for Defence Increasing and bolstering staffing levels across the Defence Forces is a key priority for me as Minister for Defence. A range of measures have been undertaken to tackle recruitment and retention challenges over the last number of years. As a result, we have seen a stabilisation and expansion in the strength of the Permanent Defence Force since 2024. Last year saw the achievement of a total of 790 inductions- the highest in 20 years- while the latest available strength figure to hand of 7,741 indicates a year-on-year increase of more than 200 personnel as at the 30 April. Overall interest levels in a career in the Defence Forces have grown substantially over the past number of years, culminating in a total of 16,510 applications in 2025. This trend has continued into 2026 with over 8,400 applications received to the end of April. The challenge now is for the Defence Forces to convert these applications to inductions, The military authorities are targeting the induction of 850 personnel for 2026. A draft Strategic Workforce Plan prepared by the Defence Forces has recently been submitted to me for consideration. The draft plan, recommendations, and modelling tool with timelines will be considered over the coming weeks. As the Deputy will be aware, the aim of this process is to provide a pathway to the achievement of a strength of 11,500, inclusive of civilian personnel, commensurate with Level of Ambition 2. Strategic Workforce Planning is effectively a continuous pro-active process that aligns the needs of each of the three services with the future talent required. The increases in applications numbers and in the overall strength achieved in recent years speak to the collective impact of a range of key enabling measures delivered by Government to support and drive recruitment and retention. These include; increases in the maximum ages of recruitment and retirement, the extension of private secondary healthcare to all personnel, the application of the provisions of the Working Time Directive across the Defence Forces subject to certain exemptions, increases to the Patrol Duty allowance payable to Naval Service personnel at sea, and extension of the Naval Service tax credit to 2029. In addition, there continues to be significant progress on pay with all personnel benefiting from a further increase awarded this month. Opportunities for careers in the Defence Forces remain open via a diverse range of ongoing competitions including those for general service and for Direct Entry specialist roles, the latest of which to launch include competitions for Dental and Medical Officers, Instrumentalists and Aircraft Maintenance Technicians while two new tagged entry competitions for those interested in careers as Chefs and Cyber specialists launched earlier this year. The 2026 Cadetship competition closed in March with over 2,800 applications received- a thousand more than last years competition - for 80 positions. Underpinning these and other measures, I ensured that Budget 2026 provided a record allocation of €1.49 billion for the Defence Sector, an increase of €145 million on 2025. These funds include provision for the recruitment of a net 400 additional PDF members per annum. Significant strides continue to be made on a number of fronts and the allocation of record levels of expenditure is illustrative of my and the Government's commitment to bolster recruitment and retention in the Defence Forces and, by extension, the security of the state.",https://data.oireachtas.ie/akn/ie/debateRecord/dail/2026-06-09/writtens/mul@/dbsect_51.xml,,,,
WPQG090,https://data.oireachtas.ie/akn/ie/debateRecord/dail/2026-06-16/writtens/dbsect_227,2026-06-16,Transport,ministerial_reply_present,False,True,0,Greenways Provision,"Minister for Transport As Minister for Transport, I have responsibility for overall policy and exchequer funding in relation to Greenways. I note that the Arklow to Shillelagh Greenway scheme in County Wicklow has received an allocation of €300,000 in 2026. Under the Roads Act 1993, the planning, design, and construction of individual Greenways is a matter for Transport Infrastructure Ireland (TII), in conjunction with the local authorities concerned. Noting the above position, I have referred your question, on this occasion, to TII for a direct reply. Please advise my private office if you do not receive a reply within 10 working days.",https://data.oireachtas.ie/akn/ie/debateRecord/dail/2026-06-16/writtens/mul@/dbsect_227.xml,,,,
WPQG091,https://data.oireachtas.ie/akn/ie/debateRecord/dail/2026-06-18/writtens/dbsect_496,2026-06-18,Health,ministerial_reply_present,False,True,0,Dental Services,"Minister for Health As this is a service matter, I have asked the Health Service Executive to respond to the Deputy as soon as possible.",https://data.oireachtas.ie/akn/ie/debateRecord/dail/2026-06-18/writtens/mul@/dbsect_496.xml,,,,
WPQG092,https://data.oireachtas.ie/akn/ie/debateRecord/dail/2026-06-23/writtens/dbsect_170,2026-06-23,Defence,ministerial_reply_present,False,False,1,Departmental Expenditure,"Minister for Defence I am informed that the total expenditure incurred by my Department on environmental clean-ups carried out on the Curragh Plains, County Kildare, arising from illegal encampments and associated fly-tipping for the years requested is set out in the table below. These costs include waste collection from the Curragh and disposal to a licensed waste management facility. YEAR COST INCLUDING V.A.T. 2021 €58,279.61 2022 €159,336.25 2023 €125,306.14 2024 €185,944.94 2025 €44,223.14 2026 (To 18 June 2026) €27,812.59 Illegal dumping and fly-tipping on the Curragh Plains has quite often resulted in significant expenses for the Department of Defence. In the last several years, costs have been very high owing to a preponderance of illegal encampments on the Curragh. While it has been necessary to remedy issues of occasional fly-tipping, the majority of services rendered related to the aftermath of illegal encampments which can include large amounts of human and household waste and landscaping or garden waste. This waste is harmful to livestock legitimately grazing on the Curragh and also affects recreational users of the Curragh Plains. Naturally, the Department of Defence does not condone nor permit any of this illegal activity and has always engaged, and continues to engage as appropriate, with An Garda Síochána, the local authority (Kildare County Council) and the Chief State Solicitor’s Office in an effort to eliminate any such anti-social behaviour.",https://data.oireachtas.ie/akn/ie/debateRecord/dail/2026-06-23/writtens/mul@/dbsect_170.xml,,,,
WPQG093,https://data.oireachtas.ie/akn/ie/debateRecord/dail/2026-06-23/writtens/dbsect_617,2026-06-23,Health,reply_not_received,False,False,0,Health Services,,https://data.oireachtas.ie/akn/ie/debateRecord/dail/2026-06-23/writtens/mul@/dbsect_617.xml,,,,
WPQG094,https://data.oireachtas.ie/akn/ie/debateRecord/dail/2026-06-30/writtens/dbsect_571,2026-06-30,Health,ministerial_reply_present,False,True,0,Hospital Staff,"Minister for Health As this is a service matter, I have asked the Health Service Executive to respond to the Deputy directly, as soon as possible.",https://data.oireachtas.ie/akn/ie/debateRecord/dail/2026-06-30/writtens/mul@/dbsect_571.xml,,,,
WPQG095,https://data.oireachtas.ie/akn/ie/debateRecord/dail/2026-07-07/writtens/dbsect_118,2026-07-07,Foreign,ministerial_reply_present,True,False,1,International Relations,"Deputy Helen McEntee Ireland's Ambassador to the Republic of Indonesia, Ms. Sharon Lennon, and the Embassy team in Jakarta interact regularly with Indonesian officials, Ministers, and other key stakeholders on the full range of Ireland's interests. Ambassador Lennon met formally with President Prabowo Subianto when she presented her credentials to the President on 7 November 2025. Ambassador Lennon also regularly participates in events where the President is in attendance, including most recently the annual economic forecast briefing at an Indonesian state investment agency (Dananatra) where President Prabowo spoke informally with the diplomatic corps. Ireland regularly engages with Indonesia both bilaterally and in multilateral fora. Our relationship has a strong foundation in our shared values, strong people-to-people links, cultural exchange, and our growing trade and investment ties. Our relationship was strengthened by the opening of an Irish Embassy in Jakarta in 2014. The Embassy of the Republic of Indonesia in London is accredited to Ireland, and my Department is in regular contact with the Ambassador and his officials. In recent years, our relations with the Republic of Indonesia have been further enhanced within the framework of my Department’s Asia Pacific Strategy. A Memorandum of Understanding between Indonesia and Ireland on the establishment of a bilateral consultation mechanism was signed in 2024 by my predecessor as Minister for Foreign Affairs, Micheál Martin T.D., and his Indonesian counterpart, when they met in New York at the UN General Assembly. Ireland hosted a useful bilateral consultation meeting in Dublin on 25 June 2026, at Director General Level. Cooperation between Ireland and Indonesia is also enhanced by the cooperation between our respective regional organisations, the EU and ASEAN. My Department remains committed to further developing the strong relationship between Ireland and the Republic of Indonesia along with deepening and strengthening our already strong bilateral ties across the range of our engagement. Table on number of occasions in 2025 – 2026 where the Irish Ambassador to Indonesia has met formally with the President to the Republic of Indonesia Date Nature of Meeting Ambassador Republic of Indonesia Location 7 November 2025 Presentation of Credentials H.E. Ms. Sharon Lennon President Prabowo Subianto Jakarta, Indonesia",https://data.oireachtas.ie/akn/ie/debateRecord/dail/2026-07-07/writtens/mul@/dbsect_118.xml,,,,
WPQG096,https://data.oireachtas.ie/akn/ie/debateRecord/dail/2026-07-07/writtens/dbsect_242,2026-07-07,Finance,ministerial_reply_present,False,False,0,Tax Code,"Tánaiste and Minister for Finance Residential Zoned Land Tax (“RZLT”) was introduced by section 80 of Finance Act 2021 to encourage the use of residential zoned and serviced land for the purposes of building homes. It is an annual tax which is calculated at 3% of the market value of land within its scope and is charged on 1 February each year beginning in 2025. RZLT is a self-assessed tax which applies to land which has been zoned for residential use and is serviced. The tax aims to incentivise landowners to activate existing planning permissions for housing on land identified on maps published by Local Authorities as meeting this criterion, or to engage with planning authorities and seek planning permission in respect of such land. It is designed primarily as a behaviour changing measure rather than a revenue raising measure. RZLT may be deferred where the relevant conditions are met — for example, in the 12-month period after the date of grant of planning permission or where residential development has commenced. Owners who complete development within the lifetime of their planning permission may never be obliged to pay the deferred tax. Where development is incomplete on expiry of the planning permission, a portion of the deferred tax may become payable based on level of completion. Deferred tax also falls due on the sale or transfer of a site outside of a group and must be paid before that transaction completes. RZLT is due by 23 May each year. I am advised by Revenue that collections for Residential Zoned Land Tax (RZLT) in respect of the 2025 period were €56.7 million. Using this as the basis for estimation, the annual additional yield of applying a 7% RZLT rate in 2025 is estimated to be €75.5 million. This is estimated on a straight line or pro-rata basis if the RZLT rate increased from 3% to 7%. The estimate also applies the pattern of deferrals and exemptions as recorded for the 2025 period.",https://data.oireachtas.ie/akn/ie/debateRecord/dail/2026-07-07/writtens/mul@/dbsect_242.xml,,,,
WPQG097,https://data.oireachtas.ie/akn/ie/debateRecord/dail/2026-07-07/writtens/dbsect_344,2026-07-07,Education,ministerial_reply_present,True,False,0,School Admissions,"Minister for Education and Youth I propose to take Questions Nos. 357 and 358 together. The primary factor in determining the level of staffing resources allocated to an individual school is the applicable staffing schedule for the relevant school year, together with pupil enrolment as recorded on the preceding 30 September. The staffing schedule operates as a standardised allocation mechanism, using enrolment bands to determine the number of classroom teaching posts assigned to each school. At primary level, the staffing schedule plays a central role in supporting the sustainability of schools by aligning staffing resources with enrolment patterns in a clear, consistent, and equitable manner, ensuring that schools of a similar type are treated uniformly, irrespective of location. The enrolment at St. Corban’s National School decreased from 498 pupils in September 2024 to 460 pupils in September 2025. Based on an enrolment of 460 pupils, the school is allocated 19 mainstream classroom teachers for the 2026/27 school year. Within the staffing arrangements (Circular 0025/2026), there are options available to schools to apply for additional staffing. Schools experiencing rapid increases in enrolment can apply for additional permanent mainstream posts, using the projected enrolment criteria. There is also a staffing appeals mechanism for schools to apply to an independent Primary Staffing Appeals Board, under certain published criteria. Class sizes in schools are affected by a variety of factors including enrolment fluctuations and accommodation available. Schools are best placed to determine the appropriate numbers in any class and so the configuration of classes and the deployment of classroom teachers are done at local school level. The Department's guidance to schools is that the number of pupils in any class is kept as low as possible taking all relevant contextual factors into account. School authorities should also, where possible, use their autonomy under the staffing schedule to implement smaller class sizes for junior classes.",https://data.oireachtas.ie/akn/ie/debateRecord/dail/2026-07-07/writtens/mul@/dbsect_344.xml,,,,
WPQG098,https://data.oireachtas.ie/akn/ie/debateRecord/dail/2026-07-14/writtens/dbsect_305,2026-07-14,Education,ministerial_reply_present,False,False,0,School Staff,"Minister for Education and Youth This Government is committed to ensuring that every child has a positive school experience, with access to qualified and engaged teachers who are dedicated to supporting their learning. As of November 2025, there were over 75,000 teachers employed in schools across the country and over 98% of allocated teaching posts were filled nationwide. Figures related to the teaching workforce in Ireland for the 2025/26 school year can be found at the following link: ssets.gov.ie/static/documents/5935f213/Teacher_Workforce_Data_Report_2026.pdf Teaching is an attractive profession, and there are a significant number of newly qualified teachers graduating annually. Over 3,600 newly qualified teachers registered with the Teaching Council in 2025 and CAO data shows a consistent demand for undergraduate ITE programmes. Salaries are competitive, currently starting at €45,379 (primary) and €46,948 (post-primary) and rising to €83,576 and €85,411 under the current pay deal. Teacher attrition remains low, with fewer than 3% resigning or retiring annually, one of the lowest rates in the OECD. While the majority of allocated teaching posts are filled, certain schools experience ongoing challenges in recruiting teachers. To address teacher supply issues, the Government has implemented several measures that have led to: - an increase of 20% ininitial teacher education graduates (student teachers) between 2018 and 2023, and - an over 30% increase in the number of teachers registered with the Teaching Council since 2017. My Department has recently published revised arrangements for the award of a Contract of Indefinite Duration to teachers; teachers taking up their first contract in a viable post will be eligible for a permanent position after one year, subject to successful re-appointment through a competitive process. Recently regulations were approved to allowteachers who qualified overseasto undertake theirinduction in the State and incremental credit is also available to teachers returning from abroad, depending on the teaching experience gained. A number of measures have been introduced to address subject-specific teacher shortages at post-primary level: - Upskilling programmes: free upskilling programmes for teachers are offered in high-demand subjects: Irish, French, politics & society, computer science, maths, physics and Spanish. - STEM Bursary: a €2,000 annual bursary has been introduced for student teachers in STEM fields during the final two years of their undergraduate teacher education, with a requirement to complete at least two years of teaching post-qualification in a recognised post-primary school. A comprehensive workforce plan for the education sector, a commitment under the Programme for Government, is in development. Additionally,aproject focused on strategic workforce planning for teachers in Ireland, led by UNESCO and supported by the EU Commission, is developing recommendations for addressing the main factors affecting teacher supply in Ireland. I am considering further measures to strengthen the teaching workforce and ensure that schools have the support needed to provide an excellent education for every student.",https://data.oireachtas.ie/akn/ie/debateRecord/dail/2026-07-14/writtens/mul@/dbsect_305.xml,,,,
WPQG099,https://data.oireachtas.ie/akn/ie/debateRecord/dail/2026-07-28/writtens/dbsect_1347,2026-07-28,Housing,ministerial_reply_present,True,False,0,Rental Sector,"Minister for Housing, Local Government and Heritage I propose to take Questions Nos. 1595 and 1596 together. The Residential Tenancies Acts 2004 to 2026 (RTA) regulates the landlord-tenant relationship in the rented residential sector and sets out the rights and obligations of landlords and tenants. The Residential Tenancies Board (RTB) was established as a quasi-judicial independent statutory body under the RTA to operate a national tenancy registration system and to facilitate the resolution of disputes between landlords and tenants. The RTA applies to every dwelling that is the subject of a tenancy, subject to a limited number of exceptions. Dwellings covered by the RTA include the private rental sector, the cost rental sector, the approved housing body sector and student accommodation (including tenancies and licences in student specific accommodation). The dwellings to which the RTA does not apply are set out in section 3(2) of the RTA, and include for example, a dwelling within which the landlord also resides. Where a dwelling is occupied by a person under an arrangement or agreement which is not a tenancy covered by the RTA, for example, where a bona fide licensing arrangement exists, the RTB does not have any jurisdiction or function. It is a private contractual matter between the parties as to the type of agreement/arrangement to put in place. If a dispute arises as to whether a purported licence is in fact a tenancy, the RTB can determine on the matter and if it is a tenancy, the RTA applies. When landlords, tenants and third parties bring disputes to the RTB through mediation, adjudication or tribunal, they receive a legally binding Determination Order, which, if not complied with, can be enforced through the District Court. Further information is available at: https://www.rtb.ie/dispute-resolution-services. The RTB's dispute resolution service is available to assist any party with a tenancy issue and the RTB has powers to investigate and sanction improper conduct by landlords. Provisions of the Housing and Residential Tenancies (Miscellaneous Provisions) Act 2026, signed into law on 22 July 2026, will come into operation shortly to further strengthen the RTB's enforcement powers by providing for the RTB to serve Fixed Payment Notices in respect of certain offences. Court enforcement of RTB dispute determination orders will also be streamlined. Exchequer funding allocated to the RTB for 2026 is €22.8M, a significant increase of over 70% on the initial 2025 allocation for its day-to-day operations, taking into account existing services and also significant policy changes relating to rent regulation and renter rights, which came into effect on 1 March 2026. This increased resourcing of the RTB will ensure that both tenants and landlords will be supported in securing a prompt resolution to any disputes. Critically, the RTB will be better equipped to take enforcement actions where there are breaches of the rental legislation. The standards for rental accommodation are prescribed in the Housing (Standards for Rented Houses) Regulations 2019 and specify requirements in relation to a range of matters, such as structural repair, sanitary facilities, heating, natural light, fire safety, ventilation and the safety of gas, oil and electrical supplies. Regulation 3 states that the Regulations apply to all houses which are let, or available for letting, for rent or other valuable consideration solely as a house. Responsibility for the enforcement of the Regulations in the private rental and Approved Housing Body sectors rests with the relevant local authority. The Government is committed to ensuring that a stock of high quality accommodation is available for those who live in the private rented sector. The Government’s Action Plan on housing supply and targeting homelessness -Delivering Homes, Building Communities - sets a target of inspecting 25% of private residential tenancies each year. A total of €10.5 million in Exchequer funding is being made available by my Department to local authorities this year to help them meet their private rental inspection targets. The number of rental inspections conducted by local authorities has increased significantly in recent years. Increasing from an average of 20,000 a year in the period 2008 to 2017 to over 49,000 in 2022, 63,500 in 2023, 80,000 in 2024 and an all-time-high of over 82,500 in 2025. Detailed data in respect of the level of inspections and enforcement actions carried out and legal actions initiated by each local authority is available on my Department's website at https://www.gov.ie/en/publication/da3fe-private-housing-market-statistics/. The Government remains focused on growing the supply of much-needed rental accommodation by keeping existing landlords in the market and attracting new landlords, while ensuring strong and balanced tenancy protections for both tenants and landlords. Delivering Homes, Building Communities recognises that the rental market is an important element of a well-functioning housing system. My Department and the RTB keep the operation of the Residential Tenancies Act and the residential rental sector under review and will work to ensure that an appropriately balanced policy and legislative framework is maintained.",https://data.oireachtas.ie/akn/ie/debateRecord/dail/2026-07-28/writtens/mul@/dbsect_1347.xml,,,,
WPQG100,https://data.oireachtas.ie/akn/ie/debateRecord/dail/2026-07-28/writtens/dbsect_1688,2026-07-28,Social,ministerial_reply_present,False,False,1,Social Welfare Code,"Minister for Social Protection The estimated annual cost of index linking disability-related payments and Carer's Allowance in 2026 is set out in the table below. This table applies the rate of inflation as at January 2026 to the 2025 maximum personal rate. Scheme 2025 Weekly Rate Rate of Inflation Jan 2026* Increase 2026 Indexed Linked Weekly Rate Cost of Index Linked Increase Disability Allowance €244.00 2.50% €6.10 €250.10 €58.25 million Blind Pension €244.00 2.50% €6.10 €250.10 €0.28 million Invalidity €249.50 2.50% €6.24 €255.74 €18.10 million Carer's Allowance (under 66) €260.00 2.50% €6.50 €266.50 €22.60 million Carer's Allowance (over 66) €298.00 2.50% €7.45 €305.45 €4.39 million * EU Harmonised Index of Consumer Prices (CSO Table CPM23). It should be noted that the rate increase in Budget 2026, €10, exceeds the increase outlined above under the approach of indexing to prices in the case of disability-related payments and Carer’s Allowance. The above costings are based on increased personal rates, with proportional increases for Qualified Adults, and include both half-rate and full-rate Carer's Allowance claims. The rate increases in the table refer to the personal rate only and do not include any supplementary benefits - of which many recipients of disability-related payments and Carer’s Allowance receive at least one. For example, depending on the person’s circumstances, a recipient of a State Pension may also be receiving a number of the following: • A Living Alone Allowance - €22 per week • Extra increase for people aged 80 or over - €10 per week • Fuel Allowance - €38 for the 28-week fuel season • Household Benefits Package - this includes an Electricity/Gas Allowance amounting to €420 per annum along with the Free Television Licence • Telephone Support Allowance - €2.50 per week • Free Travel • Child Support Payment - €78 per week for children aged 12 and over, €58 for children under 12 years.",https://data.oireachtas.ie/akn/ie/debateRecord/dail/2026-07-28/writtens/mul@/dbsect_1688.xml,,,,
